Joggler,Giduz_Path,Giduz_Number,Nationality,Gender
Bill Giduz,['Bill Giduz'],0.0,USA,M
Albert Lucas,"['Bill Giduz', 'Albert Lucas']",1.0,USA,M
Brian McAllister,"['Bill Giduz', 'Brian McAllister']",1.0,Unknown,M
Brent Beebe,"['Bill Giduz', 'Brent Beebe']",1.0,Unknown,M
Becky Provance,"['Bill Giduz', 'Becky Provance']",1.0,Unknown,F
Aaron Olson,"['Bill Giduz', 'Aaron Olson']",1.0,Unknown,M
Franz Roos,"['Bill Giduz', 'Franz Roos']",1.0,CHE,M
Mary Holgin,"['Bill Giduz', 'Mary Holgin']",1.0,Unknown,F
Katie Stern,"['Bill Giduz', 'Katie Stern']",1.0,Unknown,F
Julia Snyder,"['Bill Giduz', 'Julia Snyder']",1.0,Unknown,F
Heather Marriott,"['Bill Giduz', 'Heather Marriott']",1.0,USA,F
Will Howard,"['Bill Giduz', 'Will Howard']",1.0,USA,M
Elias Tarantalo,"['Bill Giduz', 'Elias Tarantalo']",1.0,Unknown,M
Ben Finnigan,"['Bill Giduz', 'Ben Finnigan']",1.0,Unknown,M
Shawn Bryan,"['Bill Giduz', 'Shawn Bryan']",1.0,Unknown,M
Sandy Amass,"['Bill Giduz', 'Sandy Amass']",1.0,Unknown,F
Rachel Stern,"['Bill Giduz', 'Rachel Stern']",1.0,Unknown,F
Charles Williams,"['Bill Giduz', 'Charles Williams']",1.0,Unknown,M
Curt Hoffman,"['Bill Giduz', 'Curt Hoffman']",1.0,Unknown,M
Dave Gedeon,"['Bill Giduz', 'Dave Gedeon']",1.0,Unknown,M
David Groth,"['Bill Giduz', 'David Groth']",1.0,Unknown,M
Dan Kirk,"['Bill Giduz', 'Dan Kirk']",1.0,Unknown,M
Corinne Ozolins,"['Bill Giduz', 'Corinne Ozolins']",1.0,Unknown,F
Adam Griffin,"['Bill Giduz', 'Adam Griffin']",1.0,Unknown,M
Tucker Weisman,"['Bill Giduz', 'Tucker Weisman']",1.0,Unknown,M
Scott Anthony,"['Bill Giduz', 'Scott Anthony']",1.0,Unknown,M
Sam Kilbourn,"['Bill Giduz', 'Sam Kilbourn']",1.0,Unknown,M
Robert Sandberg,"['Bill Giduz', 'Robert Sandberg']",1.0,Unknown,M
Reese Edwards,"['Bill Giduz', 'Reese Edwards']",1.0,Unknown,M
Peter Fry,"['Bill Giduz', 'Peter Fry']",1.0,Unknown,M
Natalie McIntyre,"['Bill Giduz', 'Natalie McIntyre']",1.0,Unknown,F
Mickey Campaniello,"['Bill Giduz', 'Mickey Campaniello']",1.0,Unknown,M
Matt Henstridge,"['Bill Giduz', 'Matt Henstridge']",1.0,Unknown,M
Mark Kolbus,"['Bill Giduz', 'Mark Kolbus']",1.0,Unknown,M
Marion Caldwell,"['Bill Giduz', 'Marion Caldwell']",1.0,Unknown,F
Laura Provance,"['Bill Giduz', 'Laura Provance']",1.0,Unknown,F
Jerry Kurtz,"['Bill Giduz', 'Jerry Kurtz']",1.0,Unknown,M
George Faust,"['Bill Giduz', 'George Faust']",1.0,Unknown,M
Nate Seefeldt,"['Bill Giduz', 'Nate Seefeldt']",1.0,Unknown,M
Melinda Paas,"['Bill Giduz', 'Melinda Paas']",1.0,CAN,F
Joshua edleman,"['Bill Giduz', 'Joshua edleman']",1.0,Unknown,M
Joe Sonnenburg,"['Bill Giduz', 'Joe Sonnenburg']",1.0,Unknown,M
Jamie Whoolery,"['Bill Giduz', 'Jamie Whoolery']",1.0,Unknown,M
Jack Hirschowitz,"['Bill Giduz', 'Jack Hirschowitz']",1.0,USA,M
Laura Green,"['Bill Giduz', 'Laura Green']",1.0,Unknown,F
Laurie Young,"['Bill Giduz', 'Laurie Young']",1.0,Unknown,F
Marlin Ballard,"['Bill Giduz', 'Marlin Ballard']",1.0,Unknown,M
Michael Nance,"['Bill Giduz', 'Michael Nance']",1.0,Unknown,M
Sandy Brown,"['Bill Giduz', 'Sandy Brown']",1.0,Unknown,F
Kay Caskey,"['Bill Giduz', 'Kay Caskey']",1.0,Unknown,F
Mike Hout,"['Bill Giduz', 'Mike Hout']",1.0,USA,M
Dorothy Finnigan,"['Bill Giduz', 'Dorothy Finnigan']",1.0,Unknown,F
Bill Coad,"['Bill Giduz', 'Bill Coad']",1.0,USA,M
Travis Saunders,"['Bill Giduz', 'Travis Saunders']",1.0,CAN,M
Paul Williamson,"['Bill Giduz', 'Paul Williamson']",1.0,Unknown,M
Richard Courter,"['Bill Giduz', 'Richard Courter']",1.0,Unknown,M
Robin Chestnut,"['Bill Giduz', 'Robin Chestnut']",1.0,Unknown,M
Sam Wildofsky,"['Bill Giduz', 'Sam Wildofsky']",1.0,Unknown,M
Lana Bolin,"['Bill Giduz', 'Lana Bolin']",1.0,USA,F
Daniel Margulis,"['Bill Giduz', 'Daniel Margulis']",1.0,Unknown,M
Mike Hebebrand,"['Bill Giduz', 'Mike Hebebrand']",1.0,USA,M
Paul Arneberg,"['Bill Giduz', 'Paul Arneberg']",1.0,Unknown,M
George Strain,"['Bill Giduz', 'George Strain']",1.0,Unknown,M
Erika Randall,"['Bill Giduz', 'Erika Randall']",1.0,Unknown,F
David Hussey,"['Bill Giduz', 'David Hussey']",1.0,Unknown,M
Corey Connors,"['Bill Giduz', 'Corey Connors']",1.0,Unknown,M
Tim Baird,"['Bill Giduz', 'Tim Baird']",1.0,Unknown,M
Hayley Fix,"['Bill Giduz', 'Hayley Fix']",1.0,USA,F
Larry Kluger,"['Bill Giduz', 'Larry Kluger']",1.0,Unknown,M
Paul Ballard,"['Bill Giduz', 'Paul Ballard']",1.0,Unknown,M
Sasha Kluger,"['Bill Giduz', 'Sasha Kluger']",1.0,Unknown,M
Kelsey Deutch,"['Bill Giduz', 'Kelsey Deutch']",1.0,Unknown,F
Joanne Swaim,"['Bill Giduz', 'Joanne Swaim']",1.0,Unknown,F
Jerry Battenfield,"['Bill Giduz', 'Jerry Battenfield']",1.0,Unknown,M
Joe Lyons,"['Bill Giduz', 'Joe Lyons']",1.0,Unknown,M
Chuck Hawley,"['Bill Giduz', 'Chuck Hawley']",1.0,Unknown,M
Darin Marriott,"['Bill Giduz', 'Darin Marriott']",1.0,USA,M
Kathy Glynn,"['Bill Giduz', 'Kathy Glynn']",1.0,USA,F
Mike Draney,"['Bill Giduz', 'Mike Draney']",1.0,Unknown,M
Elizabeth Sanberg,"['Bill Giduz', 'Elizabeth Sanberg']",1.0,Unknown,F
Troy Fitzgerald,"['Bill Giduz', 'Troy Fitzgerald']",1.0,Unknown,M
Iman deLachotta-Lizarazu,"['Bill Giduz', 'Iman deLachotta-Lizarazu']",1.0,Unknown,F
Jeff Mason,"['Bill Giduz', 'Jeff Mason']",1.0,USA,M
KC Canter,"['Bill Giduz', 'KC Canter']",1.0,Unknown,F
Mike Thomasen,"['Bill Giduz', 'Mike Thomasen']",1.0,Unknown,M
Tuey Wilson,"['Bill Giduz', 'Tuey Wilson']",1.0,USA,M
Joanne Dintzis,"['Bill Giduz', 'Joanne Dintzis']",1.0,Unknown,F
Jerome Ellis,"['Bill Giduz', 'Jerome Ellis']",1.0,USA,M
Kirk Swenson,"['Bill Giduz', 'Kirk Swenson']",1.0,USA,M
Marty Gardella,"['Bill Giduz', 'Marty Gardella']",1.0,Unknown,M
Andrew Head,"['Bill Giduz', 'Andrew Head']",1.0,Unknown,M
Banks Helfrich,"['Bill Giduz', 'Banks Helfrich']",1.0,Unknown,M
Lars Rohrback,"['Bill Giduz', 'Lars Rohrback']",1.0,Unknown,M
Andrew Swan,"['Bill Giduz', 'Andrew Swan']",1.0,Unknown,M
Ken Rabe,"['Bill Giduz', 'Ken Rabe']",1.0,Unknown,M
Matt Cantrell,"['Bill Giduz', 'Matt Cantrell']",1.0,Unknown,M
Ian Caldwell,"['Bill Giduz', 'Ian Caldwell']",1.0,Unknown,M
Ben Schoenberg,"['Bill Giduz', 'Ben Schoenberg']",1.0,Unknown,M
David Marcias,"['Bill Giduz', 'David Marcias']",1.0,Unknown,M
Edward Sax,"['Bill Giduz', 'Edward Sax']",1.0,Unknown,M
Paul Williams,"['Bill Giduz', 'Paul Williams']",1.0,Unknown,M
Sean McLoughlin,"['Bill Giduz', 'Sean McLoughlin']",1.0,Unknown,M
Dan Berg,"['Bill Giduz', 'Dan Berg']",1.0,Unknown,M
Gerry Berg,"['Bill Giduz', 'Gerry Berg']",1.0,Unknown,M
Cam Fleming,"['Bill Giduz', 'Cam Fleming']",1.0,Unknown,M
Cindy Hout,"['Bill Giduz', 'Cindy Hout']",1.0,Unknown,F
Barry Goldmeier,"['Bill Giduz', 'Barry Goldmeier']",1.0,USA,M
Daniel Hout,"['Bill Giduz', 'Daniel Hout']",1.0,Unknown,M
John Kilgust,"['Bill Giduz', 'John Kilgust']",1.0,Unknown,M
Owen Morse,"['Bill Giduz', 'Owen Morse']",1.0,USA,M
Steve Otteson,"['Bill Giduz', 'Steve Otteson']",1.0,Unknown,M
Michel Lauziere,"['Bill Giduz', 'Michel Lauziere']",1.0,CAN,M
Carol Mills,"['Bill Giduz', 'Carol Mills']",1.0,Unknown,F
Dan Fitzgerald,"['Bill Giduz', 'Dan Fitzgerald']",1.0,Unknown,M
Dave Finnigan,"['Bill Giduz', 'Dave Finnigan']",1.0,Unknown,M
Meghan Cain,"['Bill Giduz', 'Meghan Cain']",1.0,Unknown,F
Jane Hussey,"['Bill Giduz', 'Jane Hussey']",1.0,Unknown,F
Keith Baker,"['Bill Giduz', 'Keith Baker']",1.0,Unknown,M
Larry Boehmer,"['Bill Giduz', 'Larry Boehmer']",1.0,Unknown,M
Joseph Hout,"['Bill Giduz', 'Joseph Hout']",1.0,Unknown,M
Bob Neuman,"['Bill Giduz', 'Bob Neuman']",1.0,Unknown,M
Jim Steffens,"['Bill Giduz', 'Jim Steffens']",1.0,Unknown,M
Jay Pittman ,"['Bill Giduz', 'Jay Pittman ']",1.0,Unknown,M
Nick Bartucci,"['Bill Giduz', 'Nick Bartucci']",1.0,Unknown,M
Tom Sparough,"['Bill Giduz', 'Tom Sparough']",1.0,Unknown,M
Karen Phariss,"['Bill Giduz', 'Karen Phariss']",1.0,Unknown,F
Keith Tollefson,"['Bill Giduz', 'Keith Tollefson']",1.0,Unknown,M
Michelle Grossman,"['Bill Giduz', 'Michelle Grossman']",1.0,Unknown,F
John Zaleskie,"['Bill Giduz', 'John Zaleskie']",1.0,Unknown,M
Joe Dean,"['Bill Giduz', 'Joe Dean']",1.0,Unknown,M
Jim Shellard,"['Bill Giduz', 'Jim Shellard']",1.0,Unknown,M
John Phipps,"['Bill Giduz', 'John Phipps']",1.0,Unknown,M
Nick Matsakis,"['Bill Giduz', 'Nick Matsakis']",1.0,Unknown,M
Sean McKinney,"['Bill Giduz', 'Sean McKinney']",1.0,Unknown,M
Darren Samson,"['Bill Giduz', 'Darren Samson']",1.0,Unknown,M
Billy Gillen,"['Bill Giduz', 'Billy Gillen']",1.0,USA,M
Jane Birkhead,"['Bill Giduz', 'Jane Birkhead']",1.0,Unknown,F
Ivan Hernandez,"['Bill Giduz', 'Ivan Hernandez']",1.0,Unknown,M
Ben Hout,"['Bill Giduz', 'Ben Hout']",1.0,Unknown,M
Chuck Worrell,"['Bill Giduz', 'Chuck Worrell']",1.0,Unknown,M
Nick Eaton,"['Bill Giduz', 'Albert Lucas', 'Nick Eaton']",2.0,Unknown,M
Scott Geyman,"['Bill Giduz', 'Albert Lucas', 'Scott Geyman']",2.0,Unknown,M
Peter Prokop,"['Bill Giduz', 'Albert Lucas', 'Peter Prokop']",2.0,Unknown,M
Rory Bade,"['Bill Giduz', 'Andrew Swan', 'Rory Bade']",2.0,Unknown,M
Alex Koren,"['Bill Giduz', 'Albert Lucas', 'Alex Koren']",2.0,Unknown,M
Sydney Paugh,"['Bill Giduz', 'Albert Lucas', 'Sydney Paugh']",2.0,Unknown,F
Chris Dokler,"['Bill Giduz', 'Albert Lucas', 'Chris Dokler']",2.0,Unknown,M
Chris Lovdal,"['Bill Giduz', 'Albert Lucas', 'Chris Lovdal']",2.0,USA,M
Griffin Kelley,"['Bill Giduz', 'Jack Hirschowitz', 'Griffin Kelley']",2.0,Unknown,M
Chuck Ritzler,"['Bill Giduz', 'Albert Lucas', 'Chuck Ritzler']",2.0,Unknown,M
Colin Bevis,"['Bill Giduz', 'Albert Lucas', 'Colin Bevis']",2.0,Unknown,M
Grace Boatman,"['Bill Giduz', 'Jack Hirschowitz', 'Grace Boatman']",2.0,Unknown,F
Danny Hodge,"['Bill Giduz', 'Albert Lucas', 'Danny Hodge']",2.0,Unknown,M
Dylan Waickman,"['Bill Giduz', 'Albert Lucas', 'Dylan Waickman']",2.0,Unknown,M
Sean O'Brien,"['Bill Giduz', 'Albert Lucas', ""Sean O'Brien""]",2.0,Unknown,M
Nathan Lane,"['Bill Giduz', 'Jack Hirschowitz', 'Nathan Lane']",2.0,Unknown,M
Markus Furtner,"['Bill Giduz', 'Andrew Swan', 'Markus Furtner']",2.0,DEU,M
Hannah Stoehr,"['Bill Giduz', 'Andrew Swan', 'Hannah Stoehr']",2.0,Unknown,F
Cooper Williams,"['Bill Giduz', 'Jack Hirschowitz', 'Cooper Williams']",2.0,Unknown,M
Katie Evans,"['Bill Giduz', 'Jack Hirschowitz', 'Katie Evans']",2.0,Unknown,F
Elizabeth Cain,"['Bill Giduz', 'Jack Hirschowitz', 'Elizabeth Cain']",2.0,Unknown,F
Jason Hollandsworth,"['Bill Giduz', 'Andrew Swan', 'Jason Hollandsworth']",2.0,Unknown,M
Jonah Freed,"['Bill Giduz', 'Jack Hirschowitz', 'Jonah Freed']",2.0,Unknown,M
Kyler McClintock,"['Bill Giduz', 'Barry Goldmeier', 'Kyler McClintock']",2.0,Unknown,M
Samuel Karschnia,"['Bill Giduz', 'Jack Hirschowitz', 'Samuel Karschnia']",2.0,Unknown,M
Stevan Clipson,"['Bill Giduz', 'Jack Hirschowitz', 'Stevan Clipson']",2.0,Unknown,M
Joe Gould,"['Bill Giduz', 'Jack Hirschowitz', 'Joe Gould']",2.0,Unknown,M
Steven Karschnia,"['Bill Giduz', 'Jack Hirschowitz', 'Steven Karschnia']",2.0,Unknown,M
Susan Hubbard,"['Bill Giduz', 'Jack Hirschowitz', 'Susan Hubbard']",2.0,Unknown,F
Tom McClintock,"['Bill Giduz', 'Barry Goldmeier', 'Tom McClintock']",2.0,Unknown,M
Jack Levy,"['Bill Giduz', 'Andrew Swan', 'Jack Levy']",2.0,Unknown,M
Joe Salter,"['Bill Giduz', 'Barry Goldmeier', 'Joe Salter']",2.0,USA,M
Christoph Mitasch,"['Bill Giduz', 'Barry Goldmeier', 'Christoph Mitasch']",2.0,AUT,M
Derek Hahn,"['Bill Giduz', 'Albert Lucas', 'Derek Hahn']",2.0,Unknown,M
Elise Johnson,"['Bill Giduz', 'Albert Lucas', 'Elise Johnson']",2.0,Unknown,F
Erick Mori-Quimper,"['Bill Giduz', 'Albert Lucas', 'Erick Mori-Quimper']",2.0,Unknown,M
Hannah Bowlin,"['Bill Giduz', 'Albert Lucas', 'Hannah Bowlin']",2.0,Unknown,F
Laura Dickerson,"['Bill Giduz', 'Albert Lucas', 'Laura Dickerson']",2.0,Unknown,F
Meagan Nouis,"['Bill Giduz', 'Andrew Swan', 'Meagan Nouis']",2.0,Unknown,F
Michael Mazur,"['Bill Giduz', 'Albert Lucas', 'Michael Mazur']",2.0,Unknown,M
Graham Rowe,"['Bill Giduz', 'Albert Lucas', 'Graham Rowe']",2.0,Unknown,M
Kaylyn Schull,"['Bill Giduz', 'Jack Hirschowitz', 'Kaylyn Schull']",2.0,Unknown,F
Jack Denger,"['Bill Giduz', 'Albert Lucas', 'Jack Denger']",2.0,USA,M
Neelraj Arjune,"['Bill Giduz', 'Albert Lucas', 'Neelraj Arjune']",2.0,Unknown,M
Reid Johnson,"['Bill Giduz', 'Albert Lucas', 'Reid Johnson']",2.0,Unknown,M
Zachary Turner,"['Bill Giduz', 'Albert Lucas', 'Zachary Turner']",2.0,Unknown,M
Trish Evans,"['Bill Giduz', 'Jack Hirschowitz', 'Trish Evans']",2.0,USA,F
Danny Gratzer,"['Bill Giduz', 'Jack Hirschowitz', 'Danny Gratzer']",2.0,Unknown,M
Daniel Rose,"['Bill Giduz', 'Barry Goldmeier', 'Daniel Rose']",2.0,Unknown,M
Daniel Burke,"['Bill Giduz', 'Jack Hirschowitz', 'Daniel Burke']",2.0,Unknown,M
Conor Hussey,"['Bill Giduz', 'Andrew Swan', 'Conor Hussey']",2.0,Unknown,M
Colin Revere,"['Bill Giduz', 'Andrew Swan', 'Colin Revere']",2.0,Unknown,M
Chris Olson,"['Bill Giduz', 'Andrew Swan', 'Chris Olson']",2.0,Unknown,M
Chris Merra,"['Bill Giduz', 'Jack Hirschowitz', 'Chris Merra']",2.0,Unknown,M
Charles Schweitzer,"['Bill Giduz', 'Ben Schoenberg', 'Charles Schweitzer']",2.0,USA,M
Andrew Ruiz,"['Bill Giduz', 'Andrew Swan', 'Andrew Ruiz']",2.0,Unknown,M
Billy Watson,"['Bill Giduz', 'Andrew Swan', 'Billy Watson']",2.0,Unknown,M
Anna Gratzer,"['Bill Giduz', 'Jack Hirschowitz', 'Anna Gratzer']",2.0,Unknown,F
Jesse Joyner,"['Bill Giduz', 'Andrew Swan', 'Jesse Joyner']",2.0,USA,M
Alec Bennett,"['Bill Giduz', 'Andrew Swan', 'Alec Bennett']",2.0,Unknown,M
Andrew Hodge,"['Bill Giduz', 'Andrew Swan', 'Andrew Hodge']",2.0,Unknown,M
Anders Kierulf,"['Bill Giduz', 'Albert Lucas', 'Anders Kierulf']",2.0,Unknown,M
Maggie Armstrong,"['Bill Giduz', 'Albert Lucas', 'Maggie Armstrong']",2.0,Unknown,F
Larry Schonhofen,"['Bill Giduz', 'Albert Lucas', 'Larry Schonhofen']",2.0,Unknown,M
Keith McNeill,"['Bill Giduz', 'Albert Lucas', 'Keith McNeill']",2.0,Unknown,M
Josh Jarosz,"['Bill Giduz', 'Albert Lucas', 'Josh Jarosz']",2.0,Unknown,M
Torsten Hornemann,"['Bill Giduz', 'Jack Hirschowitz', 'Torsten Hornemann']",2.0,Unknown,M
Sarah Kresser,"['Bill Giduz', 'Barry Goldmeier', 'Sarah Kresser']",2.0,Unknown,F
Riley McLincha,"['Bill Giduz', 'Barry Goldmeier', 'Riley McLincha']",2.0,USA,M
Rain Pierce,"['Bill Giduz', 'Jack Hirschowitz', 'Rain Pierce']",2.0,Unknown,M
Kyle Guibord,"['Bill Giduz', 'Jack Hirschowitz', 'Kyle Guibord']",2.0,Unknown,M
JoAnn Ireland,"['Bill Giduz', 'Barry Goldmeier', 'JoAnn Ireland']",2.0,USA,F
Jared Janssen,"['Bill Giduz', 'Jack Hirschowitz', 'Jared Janssen']",2.0,Unknown,M
James Auriemma,"['Bill Giduz', 'Jack Hirschowitz', 'James Auriemma']",2.0,Unknown,M
Jackie Erickson,"['Bill Giduz', 'Jack Hirschowitz', 'Jackie Erickson']",2.0,Unknown,M
Dean Bennett,"['Bill Giduz', 'Andrew Swan', 'Dean Bennett']",2.0,Unknown,M
Harry Rosenberg,"['Bill Giduz', 'Jack Hirschowitz', 'Harry Rosenberg']",2.0,Unknown,M
Becky Kresser,"['Bill Giduz', 'Barry Goldmeier', 'Becky Kresser']",2.0,Unknown,F
Aaron Rosenberg,"['Bill Giduz', 'Barry Goldmeier', 'Aaron Rosenberg']",2.0,Unknown,M
David Mlakar,"['Bill Giduz', 'Andrew Swan', 'David Mlakar']",2.0,Unknown,M
Dave Kadlec,"['Bill Giduz', 'Jack Hirschowitz', 'Dave Kadlec']",2.0,Unknown,M
Jacob Biesiada,"['Bill Giduz', 'Albert Lucas', 'Jacob Biesiada']",2.0,Unknown,M
Jason Matkowksi,"['Bill Giduz', 'Albert Lucas', 'Jason Matkowksi']",2.0,Unknown,M
Joe Spicola,"['Bill Giduz', 'Albert Lucas', 'Joe Spicola']",2.0,Unknown,M
Joe Straitiff,"['Bill Giduz', 'Albert Lucas', 'Joe Straitiff']",2.0,Unknown,M
Joey Spicola,"['Bill Giduz', 'Albert Lucas', 'Joey Spicola']",2.0,Unknown,M
Caleb Black,"['Bill Giduz', 'Barry Goldmeier', 'Caleb Black']",2.0,Unknown,M
Ben Fry,"['Bill Giduz', 'Barry Goldmeier', 'Ben Fry']",2.0,Unknown,M
Matthew Feldman,"['Bill Giduz', 'Barry Goldmeier', 'Matthew Feldman']",2.0,USA,M
Seamus Whitford,"['Bill Giduz', 'Barry Goldmeier', 'Seamus Whitford']",2.0,Unknown,M
Raphael Harris,"['Bill Giduz', 'Jack Hirschowitz', 'Raphael Harris']",2.0,Unknown,M
Patrick Russell,"['Bill Giduz', 'Barry Goldmeier', 'Patrick Russell']",2.0,Unknown,M
Nick Pisanelli,"['Bill Giduz', 'Jack Hirschowitz', 'Nick Pisanelli']",2.0,Unknown,M
Nathan Wakefield,"['Bill Giduz', 'Albert Lucas', 'Nathan Wakefield']",2.0,Unknown,M
Mike Patsch,"['Bill Giduz', 'Jack Hirschowitz', 'Mike Patsch']",2.0,Unknown,M
Michael Yoon,"['Bill Giduz', 'Jack Hirschowitz', 'Michael Yoon']",2.0,Unknown,M
Mary Geeves,"['Bill Giduz', 'Albert Lucas', 'Mary Geeves']",2.0,Unknown,F
Laura Schroeder,"['Bill Giduz', 'Albert Lucas', 'Laura Schroeder']",2.0,Unknown,F
Jason Noyes,"['Bill Giduz', 'Jack Hirschowitz', 'Jason Noyes']",2.0,Unknown,M
Rebecca Moore,"['Bill Giduz', 'Jack Hirschowitz', 'Rebecca Moore']",2.0,Unknown,F
Gerry Daher,"['Bill Giduz', 'Barry Goldmeier', 'Gerry Daher']",2.0,Unknown,M
Erik Rain,"['Bill Giduz', 'Jack Hirschowitz', 'Erik Rain']",2.0,Unknown,M
Elizabeth Stockbridge,"['Bill Giduz', 'Jack Hirschowitz', 'Elizabeth Stockbridge']",2.0,Unknown,F
Craig Wise,"['Bill Giduz', 'Jack Hirschowitz', 'Craig Wise']",2.0,Unknown,M
Carter Randall,"['Bill Giduz', 'Jack Hirschowitz', 'Carter Randall']",2.0,Unknown,M
Bob Evans,"['Bill Giduz', 'Jack Hirschowitz', 'Bob Evans']",2.0,USA,M
Terry Odom,"['Bill Giduz', 'Barry Goldmeier', 'Terry Odom']",2.0,USA,M
Johan DuHoffman,"['Bill Giduz', 'Barry Goldmeier', 'Johan DuHoffman']",2.0,Unknown,M
Jonah Botinick-Greenhouse,"['Bill Giduz', 'Barry Goldmeier', 'Jonah Botinick-Greenhouse']",2.0,USA,M
Vincent Kaseman,"['Bill Giduz', 'Barry Goldmeier', 'Vincent Kaseman']",2.0,Unknown,M
Eva Hadjiyanis,"['Bill Giduz', 'Jack Hirschowitz', 'Eva Hadjiyanis']",2.0,Unknown,F
Sarah Williams,"['Bill Giduz', 'Jack Hirschowitz', 'Sarah Williams']",2.0,Unknown,F
Scott Randall,"['Bill Giduz', 'Jack Hirschowitz', 'Scott Randall']",2.0,Unknown,M
Shivella Schwab,"['Bill Giduz', 'Jack Hirschowitz', 'Shivella Schwab']",2.0,Unknown,F
Eric Gunther,"['Bill Giduz', 'Barry Goldmeier', 'Eric Gunther']",2.0,Unknown,M
Dominic DiMarro,"['Bill Giduz', 'Barry Goldmeier', 'Dominic DiMarro']",2.0,Unknown,M
Derek Holm,"['Bill Giduz', 'Barry Goldmeier', 'Derek Holm']",2.0,Unknown,M
Daniel van Hoomissen,"['Bill Giduz', 'Barry Goldmeier', 'Daniel van Hoomissen']",2.0,Unknown,M
Daniel Van Hoomissen,"['Bill Giduz', 'Barry Goldmeier', 'Daniel Van Hoomissen']",2.0,Unknown,M
Cole Dunbar,"['Bill Giduz', 'Barry Goldmeier', 'Cole Dunbar']",2.0,Unknown,M
Bryce Polito,"['Bill Giduz', 'Barry Goldmeier', 'Bryce Polito']",2.0,Unknown,M
Bryan Nguyen,"['Bill Giduz', 'Barry Goldmeier', 'Bryan Nguyen']",2.0,Unknown,M
Brendan McGreal,"['Bill Giduz', 'Barry Goldmeier', 'Brendan McGreal']",2.0,Unknown,M
Ben Thompson,"['Bill Giduz', 'Albert Lucas', 'Ben Thompson']",2.0,Unknown,M
Andrea Goranson,"['Bill Giduz', 'Barry Goldmeier', 'Andrea Goranson']",2.0,Unknown,F
Alda Moettus,"['Bill Giduz', 'Barry Goldmeier', 'Alda Moettus']",2.0,Unknown,F
Jamie Cordes,"['Bill Giduz', 'Barry Goldmeier', 'Jamie Cordes']",2.0,Unknown,M
Jay Casper,"['Bill Giduz', 'Barry Goldmeier', 'Jay Casper']",2.0,Unknown,M
Teresa Rochester,"['Bill Giduz', 'Heather Marriott', 'Teresa Rochester']",2.0,Unknown,F
Robert D'Amours,"['Bill Giduz', 'Heather Marriott', ""Robert D'Amours""]",2.0,Unknown,M
Neil Jordan,"['Bill Giduz', 'Andrew Swan', 'Neil Jordan']",2.0,Unknown,M
Matt Bagley,"['Bill Giduz', 'Heather Marriott', 'Matt Bagley']",2.0,Unknown,M
Christopher van Hoomissen,"['Bill Giduz', 'Barry Goldmeier', 'Christopher van Hoomissen']",2.0,Unknown,M
Adam Eckman,"['Bill Giduz', 'Barry Goldmeier', 'Adam Eckman']",2.0,Unknown,M
Jeri Kalvan,"['Bill Giduz', 'Barry Goldmeier', 'Jeri Kalvan']",2.0,Unknown,F
Tony Malikowski,"['Bill Giduz', 'Barry Goldmeier', 'Tony Malikowski']",2.0,USA,M
Alayna Bowlin,"['Bill Giduz', 'Albert Lucas', 'Alayna Bowlin']",2.0,Unknown,F
Peter Holmquist,"['Bill Giduz', 'Barry Goldmeier', 'Peter Holmquist']",2.0,Unknown,M
Martin Hiti,"['Bill Giduz', 'Barry Goldmeier', 'Martin Hiti']",2.0,Unknown,M
Josh Dibbin,"['Bill Giduz', 'Barry Goldmeier', 'Josh Dibbin']",2.0,Unknown,M
Izaak Jolin,"['Bill Giduz', 'Barry Goldmeier', 'Izaak Jolin']",2.0,Unknown,M
Gabrielle Foran,"['Bill Giduz', 'Barry Goldmeier', 'Gabrielle Foran']",2.0,CAN,F
Eric Walter,"['Bill Giduz', 'Barry Goldmeier', 'Eric Walter']",2.0,USA,M
David Pavlove Cunsolo,"['Bill Giduz', 'Barry Goldmeier', 'David Pavlove Cunsolo']",2.0,Unknown,M
Daniel James,"['Bill Giduz', 'Barry Goldmeier', 'Daniel James']",2.0,Unknown,M
Craig Muhlenkamp,"['Bill Giduz', 'Barry Goldmeier', 'Craig Muhlenkamp']",2.0,USA,M
Bennett Santora,"['Bill Giduz', 'Barry Goldmeier', 'Bennett Santora']",2.0,Unknown,M
Anthony Zeszut,"['Bill Giduz', 'Barry Goldmeier', 'Anthony Zeszut']",2.0,Unknown,M
Joshua Black,"['Bill Giduz', 'Barry Goldmeier', 'Joshua Black']",2.0,Unknown,M
Adam Hellman,"['Bill Giduz', 'Barry Goldmeier', 'Adam Hellman']",2.0,Unknown,M
Nick Deboom,"['Bill Giduz', 'Barry Goldmeier', 'Nick Deboom']",2.0,Unknown,M
Nick Showman,"['Bill Giduz', 'Barry Goldmeier', 'Nick Showman']",2.0,Unknown,M
Nick Thomas,"['Bill Giduz', 'Barry Goldmeier', 'Nick Thomas']",2.0,Unknown,M
Peter Hedberg,"['Bill Giduz', 'Barry Goldmeier', 'Peter Hedberg']",2.0,Unknown,M
Aaron Scott,"['Bill Giduz', 'Barry Goldmeier', 'Aaron Scott']",2.0,USA,M
Riga Moettus,"['Bill Giduz', 'Albert Lucas', 'Riga Moettus']",2.0,USA,F
Roni Lynn,"['Bill Giduz', 'Barry Goldmeier', 'Roni Lynn']",2.0,Unknown,F
Ryan Gerrity,"['Bill Giduz', 'Barry Goldmeier', 'Ryan Gerrity']",2.0,Unknown,M
Sarah Earl,"['Bill Giduz', 'Barry Goldmeier', 'Sarah Earl']",2.0,Unknown,F
Nicholas Tackis,"['Bill Giduz', 'Barry Goldmeier', 'Nicholas Tackis']",2.0,Unknown,M
Kyle Albrecht,"['Bill Giduz', 'Barry Goldmeier', 'Kyle Albrecht']",2.0,USA,M
Laura Kaseman,"['Bill Giduz', 'Barry Goldmeier', 'Laura Kaseman']",2.0,Unknown,F
Len Ferman,"['Bill Giduz', 'Albert Lucas', 'Len Ferman']",2.0,USA,M
Mark Devlin,"['Bill Giduz', 'Barry Goldmeier', 'Mark Devlin']",2.0,Unknown,M
Kirt Albrecht,"['Bill Giduz', 'Barry Goldmeier', 'Kirt Albrecht']",2.0,Unknown,M
Katie burgess,"['Bill Giduz', 'Barry Goldmeier', 'Katie burgess']",2.0,Unknown,F
Jared Ashton,"['Bill Giduz', 'Barry Goldmeier', 'Jared Ashton']",2.0,Unknown,M
Isaac Cantor,"['Bill Giduz', 'Barry Goldmeier', 'Isaac Cantor']",2.0,Unknown,M
Garrett Borawski,"['Bill Giduz', 'Barry Goldmeier', 'Garrett Borawski']",2.0,Unknown,M
Ely Doan,"['Bill Giduz', 'Barry Goldmeier', 'Ely Doan']",2.0,Unknown,M
Bryan Harris,"['Bill Giduz', 'Barry Goldmeier', 'Bryan Harris']",2.0,Unknown,M
Anton Chainwalker,"['Bill Giduz', 'Barry Goldmeier', 'Anton Chainwalker']",2.0,Unknown,M
Andy Shue,"['Bill Giduz', 'Barry Goldmeier', 'Andy Shue']",2.0,Unknown,M
Kyle Hahn,"['Bill Giduz', 'Barry Goldmeier', 'Kyle Hahn']",2.0,Unknown,M
Tyler Wishau,"['Bill Giduz', 'Andrew Swan', 'Tyler Wishau']",2.0,USA,M
Maddie Rodbourne,"['Bill Giduz', 'Barry Goldmeier', 'Maddie Rodbourne']",2.0,Unknown,F
Mark Furniss,"['Bill Giduz', 'Barry Goldmeier', 'Mark Furniss']",2.0,Unknown,M
Matan Presberg,"['Bill Giduz', 'Barry Goldmeier', 'Matan Presberg']",2.0,USA,M
Max Schlech,"['Bill Giduz', 'Barry Goldmeier', 'Max Schlech']",2.0,Unknown,M
Shane Kaseman,"['Bill Giduz', 'Barry Goldmeier', 'Shane Kaseman']",2.0,Unknown,M
Owen Gerba,"['Bill Giduz', 'Barry Goldmeier', 'Owen Gerba']",2.0,Unknown,M
Nicolas Souren,"['Bill Giduz', 'Albert Lucas', 'Nicolas Souren']",2.0,Unknown,M
Nestor Sokhan,"['Bill Giduz', 'Barry Goldmeier', 'Nestor Sokhan']",2.0,Unknown,M
Mark Jolin,"['Bill Giduz', 'Barry Goldmeier', 'Mark Jolin']",2.0,Unknown,M
Kevin Giblin,"['Bill Giduz', 'Andrew Swan', 'Kevin Giblin']",2.0,Unknown,M
Mara Moettus,"['Bill Giduz', 'Andrew Swan', 'Mara Moettus']",2.0,USA,F
Daniel Eaker,"['Bill Giduz', 'Andrew Swan', 'Daniel Eaker']",2.0,Unknown,M
Michael Barreto,"['Bill Giduz', 'Jack Hirschowitz', 'Michael Barreto']",2.0,Unknown,M
Tosch Roy,"['Bill Giduz', 'Andrew Swan', 'Tosch Roy']",2.0,Unknown,M
Trey Newsome,"['Bill Giduz', 'Ben Schoenberg', 'Trey Newsome']",2.0,USA,M
Zoe Roy,"['Bill Giduz', 'Albert Lucas', 'Zoe Roy']",2.0,Unknown,F
Alex Coleman,"['Bill Giduz', 'Ben Schoenberg', 'Alex Coleman']",2.0,Unknown,M
Ben Hestness,"['Bill Giduz', 'Ben Schoenberg', 'Ben Hestness']",2.0,Unknown,M
Bernard Dehoog,"['Bill Giduz', 'Ben Schoenberg', 'Bernard Dehoog']",2.0,Unknown,M
Brendan McCarthy,"['Bill Giduz', 'Ben Schoenberg', 'Brendan McCarthy']",2.0,Unknown,M
Dan Rosenthal,"['Bill Giduz', 'Ben Schoenberg', 'Dan Rosenthal']",2.0,Unknown,M
Elliot Royce,"['Bill Giduz', 'Ben Schoenberg', 'Elliot Royce']",2.0,Unknown,M
Joy Dean,"['Bill Giduz', 'Ben Schoenberg', 'Joy Dean']",2.0,Unknown,F
Kevin Beargie,"['Bill Giduz', 'Ben Schoenberg', 'Kevin Beargie']",2.0,Unknown,M
Phillip Garee,"['Bill Giduz', 'Ben Schoenberg', 'Phillip Garee']",2.0,Unknown,M
Rebecca Middleton,"['Bill Giduz', 'Ben Schoenberg', 'Rebecca Middleton']",2.0,Unknown,F
Roy Fisher,"['Bill Giduz', 'Ben Schoenberg', 'Roy Fisher']",2.0,Unknown,M
Todd Warner,"['Bill Giduz', 'Ben Schoenberg', 'Todd Warner']",2.0,Unknown,M
Ben Oldenburg,"['Bill Giduz', 'Ben Schoenberg', 'Ben Oldenburg']",2.0,Unknown,M
Billy Matsumoto,"['Bill Giduz', 'Ben Schoenberg', 'Billy Matsumoto']",2.0,Unknown,M
Bronwyn Neeser,"['Bill Giduz', 'Ben Schoenberg', 'Bronwyn Neeser']",2.0,Unknown,F
Carlos Nieves,"['Bill Giduz', 'Ben Schoenberg', 'Carlos Nieves']",2.0,Unknown,M
Dan Tasse,"['Bill Giduz', 'Ben Schoenberg', 'Dan Tasse']",2.0,Unknown,M
David Chandler,"['Bill Giduz', 'Ben Schoenberg', 'David Chandler']",2.0,Unknown,M
Gabe Jakubisin,"['Bill Giduz', 'Ben Schoenberg', 'Gabe Jakubisin']",2.0,Unknown,M
Gil Pontius,"['Bill Giduz', 'Albert Lucas', 'Gil Pontius']",2.0,Unknown,M
Sam Nerenhaus,"['Bill Giduz', 'Andrew Swan', 'Sam Nerenhaus']",2.0,Unknown,M
Riley Wiklund,"['Bill Giduz', 'Andrew Swan', 'Riley Wiklund']",2.0,Unknown,M
Muffy Roy,"['Bill Giduz', 'Albert Lucas', 'Muffy Roy']",2.0,Unknown,F
Marco Paoletti,"['Bill Giduz', 'Andrew Swan', 'Marco Paoletti']",2.0,Unknown,M
Gus Tate,"['Bill Giduz', 'Andrew Swan', 'Gus Tate']",2.0,USA,M
Matt Baum,"['Bill Giduz', 'Andrew Swan', 'Matt Baum']",2.0,Unknown,M
Mike Monson,"['Bill Giduz', 'Ben Schoenberg', 'Mike Monson']",2.0,Unknown,M
Megan Hussey,"['Bill Giduz', 'Jack Hirschowitz', 'Megan Hussey']",2.0,Unknown,F
Nathan Biggs-Penton,"['Bill Giduz', 'Andrew Swan', 'Nathan Biggs-Penton']",2.0,Unknown,M
Ron Zeszut,"['Bill Giduz', 'Andrew Swan', 'Ron Zeszut']",2.0,Unknown,M
Tao Wei,"['Bill Giduz', 'Andrew Swan', 'Tao Wei']",2.0,Unknown,M
Andrew Perrin,"['Bill Giduz', 'Barry Goldmeier', 'Andrew Perrin']",2.0,Unknown,M
Brett Kissell,"['Bill Giduz', 'Barry Goldmeier', 'Brett Kissell']",2.0,Unknown,M
Broderick King,"['Bill Giduz', 'Barry Goldmeier', 'Broderick King']",2.0,Unknown,M
Ethan Rosman,"['Bill Giduz', 'Barry Goldmeier', 'Ethan Rosman']",2.0,Unknown,M
Matt Diffee,"['Bill Giduz', 'Ben Schoenberg', 'Matt Diffee']",2.0,USA,M
Greg Warrington,"['Bill Giduz', 'Barry Goldmeier', 'Greg Warrington']",2.0,Unknown,M
Matt Hall,"['Bill Giduz', 'Barry Goldmeier', 'Matt Hall']",2.0,USA,M
Nathan Vehse,"['Bill Giduz', 'Barry Goldmeier', 'Nathan Vehse']",2.0,Unknown,M
Nicole Deese,"['Bill Giduz', 'Barry Goldmeier', 'Nicole Deese']",2.0,Unknown,F
Ryan Schultz,"['Bill Giduz', 'Barry Goldmeier', 'Ryan Schultz']",2.0,Unknown,M
Sophia Rosman,"['Bill Giduz', 'Barry Goldmeier', 'Sophia Rosman']",2.0,Unknown,F
Tim Mauk,"['Bill Giduz', 'Barry Goldmeier', 'Tim Mauk']",2.0,Unknown,M
Aubree Kolas,"['Bill Giduz', 'Andrew Swan', 'Aubree Kolas']",2.0,Unknown,F
Colin Kulstad,"['Bill Giduz', 'Andrew Swan', 'Colin Kulstad']",2.0,Unknown,M
Jonny Langholz,"['Bill Giduz', 'Ben Schoenberg', 'Jonny Langholz']",2.0,Unknown,M
Kyle Barrett,"['Bill Giduz', 'Andrew Swan', 'Kyle Barrett']",2.0,Unknown,M
Lauren Rice,"['Bill Giduz', 'Andrew Swan', 'Lauren Rice']",2.0,Unknown,F
Liana McClintock,"['Bill Giduz', 'Barry Goldmeier', 'Liana McClintock']",2.0,Unknown,F
Danny Tomaro,"['Bill Giduz', 'Albert Lucas', 'Danny Tomaro']",2.0,Unknown,M
Nick Pavlak,"['Bill Giduz', 'Ben Schoenberg', 'Nick Pavlak']",2.0,Unknown,M
Chris Laco,"['Bill Giduz', 'Albert Lucas', 'Chris Laco']",2.0,Unknown,M
Simon George,"['Bill Giduz', 'Albert Lucas', 'Simon George']",2.0,Unknown,M
Sterling Franklin,"['Bill Giduz', 'Albert Lucas', 'Sterling Franklin']",2.0,USA,M
Mark Fiore,"['Bill Giduz', 'Albert Lucas', 'Mark Fiore']",2.0,USA,M
Joann Ireland,"['Bill Giduz', 'Albert Lucas', 'Joann Ireland']",2.0,USA,F
Barak Hirschowitz,"['Bill Giduz', 'Albert Lucas', 'Barak Hirschowitz']",2.0,USA,M
Samuel Dean,"['Bill Giduz', 'Albert Lucas', 'Samuel Dean']",2.0,USA,M
Christa Rypins,"['Bill Giduz', 'Albert Lucas', 'Christa Rypins']",2.0,USA,F
Mark Branner,"['Bill Giduz', 'Albert Lucas', 'Mark Branner']",2.0,Unknown,M
Robert Slick,"['Bill Giduz', 'Albert Lucas', 'Robert Slick']",2.0,Unknown,M
Eric Promislow,"['Bill Giduz', 'Albert Lucas', 'Eric Promislow']",2.0,Unknown,M
John Ellwanger,"['Bill Giduz', 'Albert Lucas', 'John Ellwanger']",2.0,USA,M
Sarah Breckenridge,"['Bill Giduz', 'Albert Lucas', 'Sarah Breckenridge']",2.0,Unknown,F
Steve Wilson,"['Bill Giduz', 'Albert Lucas', 'Steve Wilson']",2.0,Unknown,M
Tina Fraser,"['Bill Giduz', 'Albert Lucas', 'Tina Fraser']",2.0,Unknown,F
Clarke McFarlane,"['Bill Giduz', 'Tom Sparough', 'Clarke McFarlane']",2.0,Unknown,M
Todd McLeish,"['Bill Giduz', 'Tom Sparough', 'Todd McLeish']",2.0,Unknown,M
Shahar Cohen,"['Bill Giduz', 'Jack Hirschowitz', 'Shahar Cohen']",2.0,ISR,M
Scott Jenkins,"['Bill Giduz', 'Albert Lucas', 'Scott Jenkins']",2.0,GBR,M
Jim Piaskowy,"['Bill Giduz', 'Albert Lucas', 'Jim Piaskowy']",2.0,Unknown,M
Paul Bernardo,"['Bill Giduz', 'Billy Gillen', 'Paul Bernardo']",2.0,Unknown,M
Shidan Habib,"['Bill Giduz', 'Billy Gillen', 'Shidan Habib']",2.0,Unknown,M
Yvon Tourigny,"['Bill Giduz', 'Billy Gillen', 'Yvon Tourigny']",2.0,Unknown,M
Karly Swaim,"['Bill Giduz', 'Jack Hirschowitz', 'Karly Swaim']",2.0,USA,F
Mark Cembrowski,"['Bill Giduz', 'Albert Lucas', 'Mark Cembrowski']",2.0,Unknown,M
Joshua Edleman,"['Bill Giduz', 'Albert Lucas', 'Joshua Edleman']",2.0,Unknown,M
Vytas Vaitkus,"['Bill Giduz', 'Ben Schoenberg', 'Vytas Vaitkus']",2.0,Unknown,M
Steve Caruso,"['Bill Giduz', 'Ben Schoenberg', 'Steve Caruso']",2.0,Unknown,M
Chris Sutton,"['Bill Giduz', 'Albert Lucas', 'Chris Sutton']",2.0,Unknown,M
Dan Peterson,"['Bill Giduz', 'Albert Lucas', 'Dan Peterson']",2.0,Unknown,M
Geoff Kennard,"['Bill Giduz', 'Albert Lucas', 'Geoff Kennard']",2.0,Unknown,M
Jake Immerman,"['Bill Giduz', 'Albert Lucas', 'Jake Immerman']",2.0,Unknown,M
Nicholas Souren,"['Bill Giduz', 'Albert Lucas', 'Nicholas Souren']",2.0,Unknown,M
Rhonda Samkoff,"['Bill Giduz', 'Albert Lucas', 'Rhonda Samkoff']",2.0,Unknown,F
Sam Hartford,"['Bill Giduz', 'Albert Lucas', 'Sam Hartford']",2.0,Unknown,M
Timmy Boas,"['Bill Giduz', 'Albert Lucas', 'Timmy Boas']",2.0,Unknown,M
Zach Waickman,"['Bill Giduz', 'Albert Lucas', 'Zach Waickman']",2.0,Unknown,M
Sean Carney,"['Bill Giduz', 'Andrew Swan', 'Sean Carney']",2.0,USA,M
Amy Barnes,"['Bill Giduz', 'Ben Schoenberg', 'Amy Barnes']",2.0,Unknown,F
Peter Morris,"['Bill Giduz', 'Ben Schoenberg', 'Peter Morris']",2.0,Unknown,M
Cameron Ridder,"['Bill Giduz', 'Ben Schoenberg', 'Cameron Ridder']",2.0,Unknown,M
Eric Blaha,"['Bill Giduz', 'Ben Schoenberg', 'Eric Blaha']",2.0,Unknown,M
Glen Ritter,"['Bill Giduz', 'Ben Schoenberg', 'Glen Ritter']",2.0,Unknown,M
Jaye Butler,"['Bill Giduz', 'Albert Lucas', 'Jaye Butler']",2.0,Unknown,F
Joe Otonichar,"['Bill Giduz', 'Ben Schoenberg', 'Joe Otonichar']",2.0,Unknown,M
Jon Poppele,"['Bill Giduz', 'Ben Schoenberg', 'Jon Poppele']",2.0,Unknown,M
Jonathan Hartford,"['Bill Giduz', 'Ben Schoenberg', 'Jonathan Hartford']",2.0,Unknown,M
Mike Gracie,"['Bill Giduz', 'Ben Schoenberg', 'Mike Gracie']",2.0,Unknown,M
Kanoa Lindiwe,"['Bill Giduz', 'Mike Hout', 'Kanoa Lindiwe']",2.0,USA,M
Jean-Guy Beaudry,"['Bill Giduz', 'Barry Goldmeier', 'Jean-Guy Beaudry']",2.0,CAN,M
Nathan Seedfeldt,"['Bill Giduz', 'Albert Lucas', 'Nathan Seedfeldt']",2.0,Unknown,M
Pete Finger,"['Bill Giduz', 'Ben Schoenberg', 'Pete Finger']",2.0,Unknown,M
David Cruz,"['Bill Giduz', 'Ben Schoenberg', 'David Cruz']",2.0,Unknown,M
Chris Essick,"['Bill Giduz', 'Albert Lucas', 'Chris Essick']",2.0,USA,M
Ian O'Donnell,"['Bill Giduz', 'Barry Goldmeier', ""Ian O'Donnell""]",2.0,Unknown,M
"Aaron Heilig, Arnav Rathi, Jean-Guy Beaudry, Sterling Franklin","['Bill Giduz', 'Mike Hout', 'Aaron Heilig, Arnav Rathi, Jean-Guy Beaudry, Sterling Franklin']",2.0,Unknown,M
Meggie Mariah,"['Bill Giduz', 'Jack Hirschowitz', 'Meggie Mariah']",2.0,Unknown,F
Eric Raivo,"['Bill Giduz', 'Mike Hout', 'Eric Raivo']",2.0,Unknown,M
Draco Tong,"['Bill Giduz', 'Mike Hout', 'Draco Tong']",2.0,Unknown,M
Summer Cooper,"['Bill Giduz', 'Jack Hirschowitz', 'Summer Cooper']",2.0,USA,F
Lauge Benjaminson,"['Bill Giduz', 'Andrew Swan', 'Lauge Benjaminson']",2.0,DNK,M
Mike Swan,"['Bill Giduz', 'Andrew Swan', 'Mike Swan']",2.0,Unknown,M
Ricky Harr,"['Bill Giduz', 'Barry Goldmeier', 'Ricky Harr']",2.0,Unknown,M
Tim Hark,"['Bill Giduz', 'Andrew Swan', 'Tim Hark']",2.0,Unknown,M
Amanda Richter,"['Bill Giduz', 'Barry Goldmeier', 'Amanda Richter']",2.0,Unknown,F
Austin Bruckner,"['Bill Giduz', 'Andrew Swan', 'Austin Bruckner']",2.0,Unknown,M
Chloe Hirschowitz,"['Bill Giduz', 'Barry Goldmeier', 'Chloe Hirschowitz']",2.0,USA,F
Delaney Bayles,"['Bill Giduz', 'Barry Goldmeier', 'Delaney Bayles']",2.0,USA,F
Eric Reinhart,"['Bill Giduz', 'Barry Goldmeier', 'Eric Reinhart']",2.0,Unknown,M
John Clayton,"['Bill Giduz', 'Andrew Swan', 'John Clayton']",2.0,Unknown,M
Kelsey Harr,"['Bill Giduz', 'Andrew Swan', 'Kelsey Harr']",2.0,Unknown,F
Kurt Siefken,"['Bill Giduz', 'Andrew Swan', 'Kurt Siefken']",2.0,Unknown,M
Laura Ernst,"['Bill Giduz', 'Andrew Swan', 'Laura Ernst']",2.0,Unknown,F
Trevor Stenson,"['Bill Giduz', 'Jack Hirschowitz', 'Trevor Stenson']",2.0,USA,M
Sid Cal,"['Bill Giduz', 'Jack Hirschowitz', 'Sid Cal']",2.0,USA,M
Rebecca Pullman,"['Bill Giduz', 'Jack Hirschowitz', 'Rebecca Pullman']",2.0,USA,F
Aaron Heilig,"['Bill Giduz', 'Mike Hout', 'Aaron Heilig']",2.0,Unknown,M
Marcus Pullman,"['Bill Giduz', 'Jack Hirschowitz', 'Marcus Pullman']",2.0,USA,M
Jonathan Abbott,"['Bill Giduz', 'Mike Hout', 'Jonathan Abbott']",2.0,USA,M
Joey Silknitter,"['Bill Giduz', 'Jack Hirschowitz', 'Joey Silknitter']",2.0,USA,M
Jeremy Stanley,"['Bill Giduz', 'Barry Goldmeier', 'Jeremy Stanley']",2.0,Unknown,M
Jeffery Mitchell,"['Bill Giduz', 'Jack Hirschowitz', 'Jeffery Mitchell']",2.0,USA,M
Jacob Heimer,"['Bill Giduz', 'Barry Goldmeier', 'Jacob Heimer']",2.0,Unknown,M
Laura Shub,"['Bill Giduz', 'Mike Hout', 'Laura Shub']",2.0,Unknown,F
Mike DeSalvo,"['Bill Giduz', 'Jack Hirschowitz', 'Mike DeSalvo']",2.0,Unknown,M
Nicholas Eaton,"['Bill Giduz', 'Jack Hirschowitz', 'Nicholas Eaton']",2.0,Unknown,M
Michael-Lucien Bergeron,"['Bill Giduz', 'Barry Goldmeier', 'Michael-Lucien Bergeron']",2.0,CAN,M
Nick Hiniker,"['Bill Giduz', 'Andrew Swan', 'Nick Hiniker']",2.0,Unknown,M
Perry Romanowski,"['Bill Giduz', 'Barry Goldmeier', 'Perry Romanowski']",2.0,USA,M
Daniel Raum,"['Bill Giduz', 'Barry Goldmeier', 'Daniel Raum']",2.0,AUT,M
Peter Brunette,"['Bill Giduz', 'Jack Hirschowitz', 'Peter Brunette']",2.0,Unknown,M
Ryan Paul,"['Bill Giduz', 'Jack Hirschowitz', 'Ryan Paul']",2.0,Unknown,M
Sofia Meyer,"['Bill Giduz', 'Andrew Swan', 'Sofia Meyer']",2.0,Unknown,F
Taylor Glenn,"['Bill Giduz', 'Andrew Swan', 'Taylor Glenn']",2.0,USA,F
Ty Evans,"['Bill Giduz', 'Jack Hirschowitz', 'Ty Evans']",2.0,Unknown,M
Kaylin Meyers,"['Bill Giduz', 'Mike Hout', 'Kaylin Meyers']",2.0,USA,F
David Ferman,"['Bill Giduz', 'Barry Goldmeier', 'David Ferman']",2.0,USA,M
Chris Garcia,"['Bill Giduz', 'Andrew Swan', 'Chris Garcia']",2.0,Unknown,M
Dan Burke,"['Bill Giduz', 'Andrew Swan', 'Dan Burke']",2.0,Unknown,M
Dan Chan,"['Bill Giduz', 'Andrew Swan', 'Dan Chan']",2.0,Unknown,M
Evan Peter,"['Bill Giduz', 'Andrew Swan', 'Evan Peter']",2.0,Unknown,M
Gay Shope,"['Bill Giduz', 'Andrew Swan', 'Gay Shope']",2.0,Unknown,F
Gordon Cornell,"['Bill Giduz', 'Andrew Swan', 'Gordon Cornell']",2.0,Unknown,M
Greg Meehan,"['Bill Giduz', 'Andrew Swan', 'Greg Meehan']",2.0,Unknown,M
Jon Bozak,"['Bill Giduz', 'Andrew Swan', 'Jon Bozak']",2.0,Unknown,M
Richard Ross,"['Bill Giduz', 'Jack Hirschowitz', 'Richard Ross']",2.0,USA,M
Justin Kolas,"['Bill Giduz', 'Andrew Swan', 'Justin Kolas']",2.0,Unknown,M
Mikey Free,"['Bill Giduz', 'Mike Hout', 'Mikey Free']",2.0,Unknown,M
Brendan Cogan,"['Bill Giduz', 'Andrew Swan', 'Brendan Cogan']",2.0,Unknown,M
Jaqueline Banting,"['Bill Giduz', 'Jack Hirschowitz', 'Jaqueline Banting']",2.0,USA,F
Michele Rafferty,"['Bill Giduz', 'Jack Hirschowitz', 'Michele Rafferty']",2.0,USA,F
Christian Gonzales,"['Bill Giduz', 'Jack Hirschowitz', 'Christian Gonzales']",2.0,USA,M
Kelly Macklin,"['Bill Giduz', 'Mike Hout', 'Kelly Macklin']",2.0,Unknown,F
Donnell Griffith,"['Bill Giduz', 'Jack Hirschowitz', 'Donnell Griffith']",2.0,USA,M
"Mark Fiore, Jacob Cowan, Nathan Nard, Samuel Dean","['Bill Giduz', 'Mike Hout', 'Mark Fiore, Jacob Cowan, Nathan Nard, Samuel Dean']",2.0,Unknown,M
Justin Sheldon,"['Bill Giduz', 'Mike Hout', 'Justin Sheldon']",2.0,Unknown,M
Arnav Rathi,"['Bill Giduz', 'Mike Hout', 'Arnav Rathi']",2.0,Unknown,M
Mike Moore,"['Bill Giduz', 'Barry Goldmeier', 'Mike Moore']",2.0,USA,M
Ingrid Vukusic,"['Bill Giduz', 'Mike Hout', 'Ingrid Vukusic']",2.0,Unknown,F
Miz Tilly,"['Bill Giduz', 'Mike Hout', 'Miz Tilly']",2.0,Unknown,F
Nathan Nard,"['Bill Giduz', 'Mike Hout', 'Nathan Nard']",2.0,Unknown,M
Nick Leonardi,"['Bill Giduz', 'Mike Hout', 'Nick Leonardi']",2.0,Unknown,M
Tim Heilig,"['Bill Giduz', 'Mike Hout', 'Tim Heilig']",2.0,Unknown,M
Tony Gonzalez,"['Bill Giduz', 'Mike Hout', 'Tony Gonzalez']",2.0,Unknown,M
Jonathan Root,"['Bill Giduz', 'Mike Hout', 'Jonathan Root']",2.0,Unknown,M
Kayla Malmgren,"['Bill Giduz', 'Mike Hout', 'Kayla Malmgren']",2.0,USA,F
Torrey Hamilton,"['Bill Giduz', 'Mike Hout', 'Torrey Hamilton']",2.0,Unknown,M
Zoe Prawda,"['Bill Giduz', 'Mike Hout', 'Zoe Prawda']",2.0,USA,F
Stephanie Walsh,"['Bill Giduz', 'Andrew Swan', 'Stephanie Walsh']",2.0,Unknown,F
James Francis,"['Bill Giduz', 'Mike Hout', 'James Francis']",2.0,Unknown,M
Silas Wallen-Friedman,"['Bill Giduz', 'Ben Schoenberg', 'Silas Wallen-Friedman']",2.0,Unknown,M
Jeff Lutkus,"['Bill Giduz', 'Heather Marriott', 'Jeff Lutkus']",2.0,USA,M
Katie Burgess,"['Bill Giduz', 'Barry Goldmeier', 'Katie Burgess']",2.0,Unknown,F
Quentin Dombro,"['Bill Giduz', 'Andrew Swan', 'Quentin Dombro']",2.0,Unknown,M
Peter Blanchard,"['Bill Giduz', 'Andrew Swan', 'Peter Blanchard']",2.0,Unknown,M
Matt Gifford,"['Bill Giduz', 'Andrew Swan', 'Matt Gifford']",2.0,Unknown,M
Lee Gifford,"['Bill Giduz', 'Andrew Swan', 'Lee Gifford']",2.0,Unknown,M
Ben Horton,"['Bill Giduz', 'Jack Hirschowitz', 'Ben Horton']",2.0,USA,M
Jacob Cowan,"['Bill Giduz', 'Mike Hout', 'Jacob Cowan']",2.0,Unknown,M
"Kayla Malmgren, Zoe Prawda, Ingrid Vukusic, Kelly Macklin","['Bill Giduz', 'Mike Hout', 'Kayla Malmgren, Zoe Prawda, Ingrid Vukusic, Kelly Macklin']",2.0,Unknown,F
Randy Papple,"['Bill Giduz', 'Barry Goldmeier', 'Mike Moore', 'Randy Papple']",3.0,CAN,M
Greg Philips,"['Bill Giduz', 'Barry Goldmeier', 'Mike Moore', 'Greg Philips']",3.0,Unknown,M
Chris Fowler,"['Bill Giduz', 'Albert Lucas', 'Mark Fiore', 'Chris Fowler']",3.0,USA,M
Valentin Bolognini,"['Bill Giduz', 'Albert Lucas', 'Mark Fiore', 'Valentin Bolognini']",3.0,Unknown,M
Joel Hilchey,"['Bill Giduz', 'Albert Lucas', 'Mark Fiore', 'Joel Hilchey']",3.0,Unknown,M
Josh Horowitz,"['Bill Giduz', 'Albert Lucas', 'Mark Fiore', 'Josh Horowitz']",3.0,Unknown,M
Nicholas Boffa,"['Bill Giduz', 'Albert Lucas', 'Mark Fiore', 'Nicholas Boffa']",3.0,Unknown,M
Stephan Cipra,"['Bill Giduz', 'Albert Lucas', 'Mark Fiore', 'Stephan Cipra']",3.0,DEU,M
Ben Sayles,"['Bill Giduz', 'Barry Goldmeier', 'Mike Moore', 'Ben Sayles']",3.0,Unknown,M
Morgan Anderson,"['Bill Giduz', 'Barry Goldmeier', 'Mike Moore', 'Morgan Anderson']",3.0,Unknown,F
Sydney McDonald,"['Bill Giduz', 'Barry Goldmeier', 'Mike Moore', 'Sydney McDonald']",3.0,Unknown,M
Boris Georgiev,"['Bill Giduz', 'Barry Goldmeier', 'Mike Moore', 'Boris Georgiev']",3.0,Unknown,M
Eric Malikowski,"['Bill Giduz', 'Barry Goldmeier', 'David Pavlove Cunsolo', 'Eric Malikowski']",3.0,Unknown,M
Gavin Hossack,"['Bill Giduz', 'Barry Goldmeier', 'David Pavlove Cunsolo', 'Gavin Hossack']",3.0,Unknown,M
Logan Pearce,"['Bill Giduz', 'Albert Lucas', 'Mark Fiore', 'Logan Pearce']",3.0,Unknown,F
Andrew Pratt,"['Bill Giduz', 'Heather Marriott', 'Jeff Lutkus', 'Andrew Pratt']",3.0,USA,M
Christopher Haaser,"['Bill Giduz', 'Albert Lucas', 'Mark Fiore', 'Christopher Haaser']",3.0,Unknown,M
Bucky Buckbinder,"['Bill Giduz', 'Heather Marriott', 'Jeff Lutkus', 'Bucky Buckbinder']",3.0,USA,M
Steve Upmeyer,"['Bill Giduz', 'Albert Lucas', 'Mark Fiore', 'Steve Upmeyer']",3.0,Unknown,M
Scott Dudek,"['Bill Giduz', 'Albert Lucas', 'Mark Fiore', 'Scott Dudek']",3.0,Unknown,M
Sam Lowenburg,"['Bill Giduz', 'Albert Lucas', 'Mark Fiore', 'Sam Lowenburg']",3.0,Unknown,M
Sam Karschnia,"['Bill Giduz', 'Albert Lucas', 'Mark Fiore', 'Sam Karschnia']",3.0,Unknown,M
Rebecca Kresser,"['Bill Giduz', 'Albert Lucas', 'Mark Fiore', 'Rebecca Kresser']",3.0,Unknown,F
Mark Dudek,"['Bill Giduz', 'Albert Lucas', 'Mark Fiore', 'Mark Dudek']",3.0,Unknown,M
Justice Seifert,"['Bill Giduz', 'Albert Lucas', 'Mark Fiore', 'Justice Seifert']",3.0,Unknown,M
Jacob Dudek,"['Bill Giduz', 'Albert Lucas', 'Mark Fiore', 'Jacob Dudek']",3.0,Unknown,M
Isabel Cain,"['Bill Giduz', 'Albert Lucas', 'Mark Fiore', 'Isabel Cain']",3.0,Unknown,F
Erin Warfield,"['Bill Giduz', 'Albert Lucas', 'Mark Fiore', 'Erin Warfield']",3.0,Unknown,F
Erica Liddle,"['Bill Giduz', 'Albert Lucas', 'Mark Fiore', 'Erica Liddle']",3.0,Unknown,F
Chris Van Hoomissen,"['Bill Giduz', 'Albert Lucas', 'Mark Fiore', 'Chris Van Hoomissen']",3.0,Unknown,M
Bradley Fox,"['Bill Giduz', 'Albert Lucas', 'Mark Fiore', 'Bradley Fox']",3.0,Unknown,M
Anna Voelker,"['Bill Giduz', 'Albert Lucas', 'Mark Fiore', 'Anna Voelker']",3.0,Unknown,F
William Murphy,"['Bill Giduz', 'Heather Marriott', 'Jeff Lutkus', 'William Murphy']",3.0,USA,M
Jon Conley,"['Bill Giduz', 'Heather Marriott', 'Jeff Lutkus', 'Jon Conley']",3.0,USA,M
Jesse Carpenter,"['Bill Giduz', 'Heather Marriott', 'Jeff Lutkus', 'Jesse Carpenter']",3.0,USA,M
Jamie Tucker-Foltz,"['Bill Giduz', 'Heather Marriott', 'Jeff Lutkus', 'Jamie Tucker-Foltz']",3.0,USA,M
Chris Hooper,"['Bill Giduz', 'Heather Marriott', 'Jeff Lutkus', 'Chris Hooper']",3.0,USA,M
Bekah Smith,"['Bill Giduz', 'Heather Marriott', 'Jeff Lutkus', 'Bekah Smith']",3.0,USA,F
Cameron Edmunds,"['Bill Giduz', 'Barry Goldmeier', 'Mike Moore', 'Cameron Edmunds']",3.0,Unknown,M
Alistair Richards,"['Bill Giduz', 'Albert Lucas', 'Scott Jenkins', 'Alistair Richards']",3.0,GBR,M
Magnus Brannies,"['Bill Giduz', 'Albert Lucas', 'Scott Jenkins', 'Magnus Brannies']",3.0,DEU,M
Jakob Schatz,"['Bill Giduz', 'Albert Lucas', 'Scott Jenkins', 'Jakob Schatz']",3.0,DEU,M
Jan Haupt,"['Bill Giduz', 'Albert Lucas', 'Scott Jenkins', 'Jan Haupt']",3.0,DEU,M
Jannis Wockenfub,"['Bill Giduz', 'Albert Lucas', 'Scott Jenkins', 'Jannis Wockenfub']",3.0,DEU,M
Johan Kattem,"['Bill Giduz', 'Albert Lucas', 'Scott Jenkins', 'Johan Kattem']",3.0,NLD,M
Johanna Knauf,"['Bill Giduz', 'Albert Lucas', 'Scott Jenkins', 'Johanna Knauf']",3.0,DEU,F
Johannes Blank,"['Bill Giduz', 'Albert Lucas', 'Scott Jenkins', 'Johannes Blank']",3.0,DEU,M
Jon Ong,"['Bill Giduz', 'Albert Lucas', 'Scott Jenkins', 'Jon Ong']",3.0,SGP,M
Jade Pallard,"['Bill Giduz', 'Albert Lucas', 'Scott Jenkins', 'Jade Pallard']",3.0,FRA,F
Jonas Tasch,"['Bill Giduz', 'Albert Lucas', 'Scott Jenkins', 'Jonas Tasch']",3.0,DEU,M
Juliane de Vries,"['Bill Giduz', 'Albert Lucas', 'Scott Jenkins', 'Juliane de Vries']",3.0,DEU,F
Klaus Neucaror,"['Bill Giduz', 'Albert Lucas', 'Scott Jenkins', 'Klaus Neucaror']",3.0,DEU,M
Koert van Eijk,"['Bill Giduz', 'Albert Lucas', 'Scott Jenkins', 'Koert van Eijk']",3.0,NLD,M
Lars Clauss,"['Bill Giduz', 'Albert Lucas', 'Scott Jenkins', 'Lars Clauss']",3.0,DEU,M
Launay Lucien,"['Bill Giduz', 'Albert Lucas', 'Scott Jenkins', 'Launay Lucien']",3.0,FRA,M
Lena Knoblauch,"['Bill Giduz', 'Albert Lucas', 'Scott Jenkins', 'Lena Knoblauch']",3.0,DEU,F
Lonne Peters,"['Bill Giduz', 'Albert Lucas', 'Scott Jenkins', 'Lonne Peters']",3.0,DEU,F
Jorn Wildering,"['Bill Giduz', 'Albert Lucas', 'Scott Jenkins', 'Jorn Wildering']",3.0,NLD,M
Ivo Vastre,"['Bill Giduz', 'Albert Lucas', 'Scott Jenkins', 'Ivo Vastre']",3.0,NLD,M
Hugo Segoufin-Chollet,"['Bill Giduz', 'Albert Lucas', 'Scott Jenkins', 'Hugo Segoufin-Chollet']",3.0,FRA,M
Hinoki Katsuki,"['Bill Giduz', 'Albert Lucas', 'Scott Jenkins', 'Hinoki Katsuki']",3.0,JPN,M
Chiuatsu Doi,"['Bill Giduz', 'Albert Lucas', 'Scott Jenkins', 'Chiuatsu Doi']",3.0,JPN,F
Christian Kloc,"['Bill Giduz', 'Albert Lucas', 'Scott Jenkins', 'Christian Kloc']",3.0,USA,M
Cyril D,"['Bill Giduz', 'Albert Lucas', 'Scott Jenkins', 'Cyril D']",3.0,BEL,M
David Benz,"['Bill Giduz', 'Albert Lucas', 'Scott Jenkins', 'David Benz']",3.0,DEU,M
Di-Hong Tay,"['Bill Giduz', 'Albert Lucas', 'Scott Jenkins', 'Di-Hong Tay']",3.0,SGP,M
Eden Katsir,"['Bill Giduz', 'Albert Lucas', 'Scott Jenkins', 'Eden Katsir']",3.0,ISR,M
Eivind Dragsjo,"['Bill Giduz', 'Albert Lucas', 'Scott Jenkins', 'Eivind Dragsjo']",3.0,NOR,M
Elias Lohr,"['Bill Giduz', 'Albert Lucas', 'Scott Jenkins', 'Elias Lohr']",3.0,DEU,M
Fabian Fehlhaber,"['Bill Giduz', 'Albert Lucas', 'Scott Jenkins', 'Fabian Fehlhaber']",3.0,DEU,M
Florian Veenendoaluz,"['Bill Giduz', 'Albert Lucas', 'Scott Jenkins', 'Florian Veenendoaluz']",3.0,NLD,M
Franziska Engler,"['Bill Giduz', 'Albert Lucas', 'Scott Jenkins', 'Franziska Engler']",3.0,DEU,F
Friederike Kraaz,"['Bill Giduz', 'Albert Lucas', 'Scott Jenkins', 'Friederike Kraaz']",3.0,DEU,F
Gabriele Renned,"['Bill Giduz', 'Albert Lucas', 'Scott Jenkins', 'Gabriele Renned']",3.0,DEU,F
Garry Ruston,"['Bill Giduz', 'Albert Lucas', 'Scott Jenkins', 'Garry Ruston']",3.0,IRL,M
Gregor Straub,"['Bill Giduz', 'Albert Lucas', 'Scott Jenkins', 'Gregor Straub']",3.0,DEU,M
Greta Vollmar,"['Bill Giduz', 'Albert Lucas', 'Scott Jenkins', 'Greta Vollmar']",3.0,DEU,F
Guillaume Moretie,"['Bill Giduz', 'Albert Lucas', 'Scott Jenkins', 'Guillaume Moretie']",3.0,BEL,M
Luca Haase,"['Bill Giduz', 'Albert Lucas', 'Scott Jenkins', 'Luca Haase']",3.0,NLD,M
"Jan Zdunkiewicz, Dominik Biel, Jowita Nowogrodzka-Ligeza, Krzysztof Riewold","['Bill Giduz', 'Albert Lucas', 'Scott Jenkins', 'Jan Zdunkiewicz, Dominik Biel, Jowita Nowogrodzka-Ligeza, Krzysztof Riewold']",3.0,POL,Mixed
Malachy Kelly,"['Bill Giduz', 'Albert Lucas', 'Scott Jenkins', 'Malachy Kelly']",3.0,IRL,M
Jan Marc Daumin,"['Bill Giduz', 'Albert Lucas', 'Scott Jenkins', 'Jan Marc Daumin']",3.0,DEU,M
John Jervis,"['Bill Giduz', 'Albert Lucas', 'Scott Jenkins', 'John Jervis']",3.0,GBR,M
Easton Smith,"['Bill Giduz', 'Albert Lucas', 'Sterling Franklin', 'Easton Smith']",3.0,USA,M
Meggie Exner,"['Bill Giduz', 'Albert Lucas', 'Sterling Franklin', 'Meggie Exner']",3.0,Unknown,F
Thomas Whitaker,"['Bill Giduz', 'Albert Lucas', 'Sterling Franklin', 'Thomas Whitaker']",3.0,Unknown,M
Hannaloore Teder,"['Bill Giduz', 'Albert Lucas', 'Scott Jenkins', 'Hannaloore Teder']",3.0,EST,F
Ralph Kidner,"['Bill Giduz', 'Albert Lucas', 'Scott Jenkins', 'Ralph Kidner']",3.0,GBR,M
Gordon Wilson,"['Bill Giduz', 'Albert Lucas', 'Scott Jenkins', 'Gordon Wilson']",3.0,GBR,M
Fiona Verscheure,"['Bill Giduz', 'Albert Lucas', 'Scott Jenkins', 'Fiona Verscheure']",3.0,BEL,F
Finn Mertens,"['Bill Giduz', 'Albert Lucas', 'Scott Jenkins', 'Finn Mertens']",3.0,BEL,M
Dominic Lodge,"['Bill Giduz', 'Albert Lucas', 'Scott Jenkins', 'Dominic Lodge']",3.0,GBR,M
David Lohuis,"['Bill Giduz', 'Albert Lucas', 'Scott Jenkins', 'David Lohuis']",3.0,DEU,M
Clarissa Widder,"['Bill Giduz', 'Albert Lucas', 'Scott Jenkins', 'Clarissa Widder']",3.0,DEU,F
Christina-Anna Senser,"['Bill Giduz', 'Albert Lucas', 'Scott Jenkins', 'Christina-Anna Senser']",3.0,DEU,F
Caterina Denzler,"['Bill Giduz', 'Albert Lucas', 'Scott Jenkins', 'Caterina Denzler']",3.0,DEU,F
"Bosznay Balazs, Istvan Toth, Balazs Palmai, Bence Onodi","['Bill Giduz', 'Albert Lucas', 'Scott Jenkins', 'Bosznay Balazs, Istvan Toth, Balazs Palmai, Bence Onodi']",3.0,HUN,M
Benjamin Go,"['Bill Giduz', 'Albert Lucas', 'Scott Jenkins', 'Benjamin Go']",3.0,NLD,M
Bence Onodi,"['Bill Giduz', 'Albert Lucas', 'Scott Jenkins', 'Bence Onodi']",3.0,HUN,M
Iveta Navratilova,"['Bill Giduz', 'Albert Lucas', 'Scott Jenkins', 'Iveta Navratilova']",3.0,CZE,F
Carolin Scipio,"['Bill Giduz', 'Albert Lucas', 'Scott Jenkins', 'Carolin Scipio']",3.0,DEU,F
Winnens Kwete,"['Bill Giduz', 'Albert Lucas', 'Scott Jenkins', 'Winnens Kwete']",3.0,FRA,M
Tim Van,"['Bill Giduz', 'Albert Lucas', 'Scott Jenkins', 'Tim Van']",3.0,NLD,M
Mario Jakobs,"['Bill Giduz', 'Albert Lucas', 'Scott Jenkins', 'Mario Jakobs']",3.0,DEU,M
Markus Loehr,"['Bill Giduz', 'Albert Lucas', 'Scott Jenkins', 'Markus Loehr']",3.0,DEU,M
Martin Bartsch,"['Bill Giduz', 'Albert Lucas', 'Scott Jenkins', 'Martin Bartsch']",3.0,DEU,M
Megan McDougall,"['Bill Giduz', 'Albert Lucas', 'Scott Jenkins', 'Megan McDougall']",3.0,AUS,F
Mickael Le Marquer,"['Bill Giduz', 'Albert Lucas', 'Scott Jenkins', 'Mickael Le Marquer']",3.0,FRA,M
Nate Ycas,"['Bill Giduz', 'Albert Lucas', 'Scott Jenkins', 'Nate Ycas']",3.0,USA,M
Nathan V,"['Bill Giduz', 'Albert Lucas', 'Scott Jenkins', 'Nathan V']",3.0,FRA,M
Nicolas Fuchs,"['Bill Giduz', 'Albert Lucas', 'Scott Jenkins', 'Nicolas Fuchs']",3.0,DEU,M
Noam G.W,"['Bill Giduz', 'Albert Lucas', 'Scott Jenkins', 'Noam G.W']",3.0,DEU,M
Paul Cahen,"['Bill Giduz', 'Albert Lucas', 'Scott Jenkins', 'Paul Cahen']",3.0,FRA,M
Pawel Matula,"['Bill Giduz', 'Albert Lucas', 'Scott Jenkins', 'Pawel Matula']",3.0,CZE,M
Ryusuke Thu,"['Bill Giduz', 'Albert Lucas', 'Scott Jenkins', 'Ryusuke Thu']",3.0,JPN,M
Samuel Greenwood-Wein,"['Bill Giduz', 'Albert Lucas', 'Scott Jenkins', 'Samuel Greenwood-Wein']",3.0,DEU,M
Sean C,"['Bill Giduz', 'Albert Lucas', 'Scott Jenkins', 'Sean C']",3.0,IRL,M
Seebe Raelafs,"['Bill Giduz', 'Albert Lucas', 'Scott Jenkins', 'Seebe Raelafs']",3.0,NLD,M
Sina Klisch,"['Bill Giduz', 'Albert Lucas', 'Scott Jenkins', 'Sina Klisch']",3.0,DEU,M
Tim Pieloth,"['Bill Giduz', 'Albert Lucas', 'Scott Jenkins', 'Tim Pieloth']",3.0,DEU,M
Vlad Benesu,"['Bill Giduz', 'Albert Lucas', 'Scott Jenkins', 'Vlad Benesu']",3.0,ROU,M
Brook Roberts,"['Bill Giduz', 'Albert Lucas', 'Scott Jenkins', 'Brook Roberts']",3.0,GBR,M
Boris de Schipper,"['Bill Giduz', 'Albert Lucas', 'Scott Jenkins', 'Boris de Schipper']",3.0,NLD,M
Axel Buard,"['Bill Giduz', 'Albert Lucas', 'Scott Jenkins', 'Axel Buard']",3.0,FRA,M
Ben-Janning Hackbarth,"['Bill Giduz', 'Albert Lucas', 'Scott Jenkins', 'Ben-Janning Hackbarth']",3.0,DEU,M
Yvonne Burchartz,"['Bill Giduz', 'Albert Lucas', 'Scott Jenkins', 'Yvonne Burchartz']",3.0,DEU,F
Yasmin Stohr,"['Bill Giduz', 'Albert Lucas', 'Scott Jenkins', 'Yasmin Stohr']",3.0,DEU,F
Michal Kapral,"['Bill Giduz', 'Albert Lucas', 'Scott Jenkins', 'Michal Kapral']",3.0,CAN,M
Chris Edwin,"['Bill Giduz', 'Albert Lucas', 'Scott Jenkins', 'Chris Edwin']",3.0,GBR,M
Joe Lodge,"['Bill Giduz', 'Albert Lucas', 'Scott Jenkins', 'Joe Lodge']",3.0,GBR,M
Rik Konings,"['Bill Giduz', 'Albert Lucas', 'Scott Jenkins', 'Rik Konings']",3.0,NLD,M
Vojtech Holicky,"['Bill Giduz', 'Albert Lucas', 'Scott Jenkins', 'Vojtech Holicky']",3.0,CZE,M
Verena Rau,"['Bill Giduz', 'Albert Lucas', 'Scott Jenkins', 'Verena Rau']",3.0,DEU,F
Timothy Ross,"['Bill Giduz', 'Albert Lucas', 'Scott Jenkins', 'Timothy Ross']",3.0,USA,M
Stuart Humphries,"['Bill Giduz', 'Albert Lucas', 'Scott Jenkins', 'Stuart Humphries']",3.0,GBR,M
Thomas Killus,"['Bill Giduz', 'Albert Lucas', 'Scott Jenkins', 'Thomas Killus']",3.0,DEU,M
Jake Lodge,"['Bill Giduz', 'Albert Lucas', 'Scott Jenkins', 'Jake Lodge']",3.0,GBR,M
Kacper Suchora,"['Bill Giduz', 'Albert Lucas', 'Scott Jenkins', 'Kacper Suchora']",3.0,POL,M
Thom Herzmark,"['Bill Giduz', 'Albert Lucas', 'Scott Jenkins', 'Thom Herzmark']",3.0,GBR,M
Tamino Larisch,"['Bill Giduz', 'Albert Lucas', 'Scott Jenkins', 'Tamino Larisch']",3.0,DEU,M
"Tamara Maul, Thomas Killus, Clariss Widder, Verena Rau","['Bill Giduz', 'Albert Lucas', 'Scott Jenkins', 'Tamara Maul, Thomas Killus, Clariss Widder, Verena Rau']",3.0,DEU,Mixed
Matteo Sicamois,"['Bill Giduz', 'Jack Hirschowitz', 'Karly Swaim', 'Matteo Sicamois']",3.0,ITA,M
Tim Butler,"['Bill Giduz', 'Albert Lucas', 'Scott Jenkins', 'Tim Butler']",3.0,GBR,M
Kornelius Rohmeyer,"['Bill Giduz', 'Jack Hirschowitz', 'Karly Swaim', 'Kornelius Rohmeyer']",3.0,DEU,M
Jakob Neinhardt,"['Bill Giduz', 'Jack Hirschowitz', 'Karly Swaim', 'Jakob Neinhardt']",3.0,DEU,M
Felix Spiller,"['Bill Giduz', 'Albert Lucas', 'Scott Jenkins', 'Felix Spiller']",3.0,DEU,M
Francisco Munoz Valdes,"['Bill Giduz', 'Albert Lucas', 'Scott Jenkins', 'Francisco Munoz Valdes']",3.0,CHL,M
Gandalf Bondimir,"['Bill Giduz', 'Albert Lucas', 'Scott Jenkins', 'Gandalf Bondimir']",3.0,SVK,M
Jekaterina Lissovskaja,"['Bill Giduz', 'Albert Lucas', 'Scott Jenkins', 'Jekaterina Lissovskaja']",3.0,EST,F
Jess East,"['Bill Giduz', 'Albert Lucas', 'Scott Jenkins', 'Jess East']",3.0,GBR,F
Marie Marenbach,"['Bill Giduz', 'Albert Lucas', 'Scott Jenkins', 'Marie Marenbach']",3.0,DEU,F
Peter Hlavaty,"['Bill Giduz', 'Albert Lucas', 'Scott Jenkins', 'Peter Hlavaty']",3.0,SVK,M
Shahar cohen,"['Bill Giduz', 'Albert Lucas', 'Scott Jenkins', 'Shahar cohen']",3.0,ISR,M
Fabian Faisst,"['Bill Giduz', 'Albert Lucas', 'Scott Jenkins', 'Fabian Faisst']",3.0,DEU,M
Hele-Mari Ots,"['Bill Giduz', 'Albert Lucas', 'Scott Jenkins', 'Hele-Mari Ots']",3.0,EST,F
Istvan Toth,"['Bill Giduz', 'Albert Lucas', 'Scott Jenkins', 'Istvan Toth']",3.0,HUN,M
Juan Cristobal Silva Espinoza,"['Bill Giduz', 'Albert Lucas', 'Scott Jenkins', 'Juan Cristobal Silva Espinoza']",3.0,CHL,M
Luise Chudzian,"['Bill Giduz', 'Albert Lucas', 'Scott Jenkins', 'Luise Chudzian']",3.0,DEU,F
Marion Alnek,"['Bill Giduz', 'Albert Lucas', 'Scott Jenkins', 'Marion Alnek']",3.0,EST,F
Marlene Chudzian,"['Bill Giduz', 'Albert Lucas', 'Scott Jenkins', 'Marlene Chudzian']",3.0,DEU,F
Paul Adam,"['Bill Giduz', 'Albert Lucas', 'Scott Jenkins', 'Paul Adam']",3.0,DEU,M
Robert Harkonen,"['Bill Giduz', 'Albert Lucas', 'Scott Jenkins', 'Robert Harkonen']",3.0,FIN,M
Jonte Rohmeyer,"['Bill Giduz', 'Jack Hirschowitz', 'Karly Swaim', 'Jonte Rohmeyer']",3.0,DEU,M
Jarek Widomski,"['Bill Giduz', 'Andrew Swan', 'Markus Furtner', 'Jarek Widomski']",3.0,POL,M
"Stijn Westerbeek, Marijn, Luuk Hofmeijer, Karel Schuller","['Bill Giduz', 'Albert Lucas', 'Scott Jenkins', 'Stijn Westerbeek, Marijn, Luuk Hofmeijer, Karel Schuller']",3.0,NLD,M
Luca Pferdmenges,"['Bill Giduz', 'Albert Lucas', 'Scott Jenkins', 'Luca Pferdmenges']",3.0,DEU,M
Marius Tritschler,"['Bill Giduz', 'Albert Lucas', 'Scott Jenkins', 'Marius Tritschler']",3.0,DEU,M
Marvin Kuster,"['Bill Giduz', 'Albert Lucas', 'Scott Jenkins', 'Marvin Kuster']",3.0,DEU,M
Nevio Krawowski,"['Bill Giduz', 'Albert Lucas', 'Scott Jenkins', 'Nevio Krawowski']",3.0,DEU,M
Oskaras Venckus,"['Bill Giduz', 'Albert Lucas', 'Scott Jenkins', 'Oskaras Venckus']",3.0,LTU,M
Peter Rottenbach,"['Bill Giduz', 'Albert Lucas', 'Scott Jenkins', 'Peter Rottenbach']",3.0,DEU,M
Robbe Mertens,"['Bill Giduz', 'Albert Lucas', 'Scott Jenkins', 'Robbe Mertens']",3.0,BEL,M
Sake Roelofs,"['Bill Giduz', 'Albert Lucas', 'Scott Jenkins', 'Sake Roelofs']",3.0,NLD,M
Sanne Carper,"['Bill Giduz', 'Albert Lucas', 'Scott Jenkins', 'Sanne Carper']",3.0,NLD,F
Silvia Osiek,"['Bill Giduz', 'Albert Lucas', 'Scott Jenkins', 'Silvia Osiek']",3.0,DEU,F
Talia Fortune,"['Bill Giduz', 'Albert Lucas', 'Scott Jenkins', 'Talia Fortune']",3.0,DEU,F
Tom Aulenkamp,"['Bill Giduz', 'Albert Lucas', 'Scott Jenkins', 'Tom Aulenkamp']",3.0,DEU,M
Vicente Peris Tamarit,"['Bill Giduz', 'Albert Lucas', 'Scott Jenkins', 'Vicente Peris Tamarit']",3.0,ESP,M
Xenia Vaas,"['Bill Giduz', 'Albert Lucas', 'Scott Jenkins', 'Xenia Vaas']",3.0,DEU,F
Ada Van Stralen,"['Bill Giduz', 'Albert Lucas', 'Scott Jenkins', 'Ada Van Stralen']",3.0,NLD,F
Andreas Kramer,"['Bill Giduz', 'Albert Lucas', 'Scott Jenkins', 'Andreas Kramer']",3.0,DEU,M
Anna Sophia Martin,"['Bill Giduz', 'Albert Lucas', 'Scott Jenkins', 'Anna Sophia Martin']",3.0,DEU,F
Auke Von Straien,"['Bill Giduz', 'Albert Lucas', 'Scott Jenkins', 'Auke Von Straien']",3.0,NLD,M
Lucas Hester,"['Bill Giduz', 'Albert Lucas', 'Scott Jenkins', 'Lucas Hester']",3.0,USA,M
Natascha Ilgin,"['Bill Giduz', 'Albert Lucas', 'Scott Jenkins', 'Natascha Ilgin']",3.0,DEU,F
Luca Malzahn,"['Bill Giduz', 'Albert Lucas', 'Scott Jenkins', 'Luca Malzahn']",3.0,DEU,M
Leon Vergoossen,"['Bill Giduz', 'Albert Lucas', 'Scott Jenkins', 'Leon Vergoossen']",3.0,DEU,M
James McDiarmid,"['Bill Giduz', 'Albert Lucas', 'Scott Jenkins', 'James McDiarmid']",3.0,GBR,M
"Kevin Niittyviita, David Lohuis, Shimon Levikov, Tamino Larisch","['Bill Giduz', 'Albert Lucas', 'Scott Jenkins', 'Kevin Niittyviita, David Lohuis, Shimon Levikov, Tamino Larisch']",3.0,Mixed,M
Katharina Michalski,"['Bill Giduz', 'Albert Lucas', 'Scott Jenkins', 'Katharina Michalski']",3.0,DEU,F
Anezka Houhova,"['Bill Giduz', 'Albert Lucas', 'Scott Jenkins', 'Anezka Houhova']",3.0,CZE,F
Cajus Fahrenkamp,"['Bill Giduz', 'Albert Lucas', 'Scott Jenkins', 'Cajus Fahrenkamp']",3.0,DEU,M
Corbinian Neubauer,"['Bill Giduz', 'Albert Lucas', 'Scott Jenkins', 'Corbinian Neubauer']",3.0,DEU,M
Danny Decreus,"['Bill Giduz', 'Albert Lucas', 'Scott Jenkins', 'Danny Decreus']",3.0,BEL,M
Erik Toll,"['Bill Giduz', 'Albert Lucas', 'Scott Jenkins', 'Erik Toll']",3.0,SWE,M
Eyal Bor,"['Bill Giduz', 'Albert Lucas', 'Scott Jenkins', 'Eyal Bor']",3.0,MEX,M
Jowita Nowogrodzka-Ligeza,"['Bill Giduz', 'Albert Lucas', 'Scott Jenkins', 'Jowita Nowogrodzka-Ligeza']",3.0,POL,F
Fabian Knieps,"['Bill Giduz', 'Albert Lucas', 'Scott Jenkins', 'Fabian Knieps']",3.0,DEU,M
Fedor Jablonka,"['Bill Giduz', 'Albert Lucas', 'Scott Jenkins', 'Fedor Jablonka']",3.0,DEI,M
Garry Rossiter,"['Bill Giduz', 'Albert Lucas', 'Scott Jenkins', 'Garry Rossiter']",3.0,IRL,M
Harry Hirsch,"['Bill Giduz', 'Albert Lucas', 'Scott Jenkins', 'Harry Hirsch']",3.0,DEU,M
Jamal Da Silva Ermisch,"['Bill Giduz', 'Albert Lucas', 'Scott Jenkins', 'Jamal Da Silva Ermisch']",3.0,DEU,M
Katerina Matulova,"['Bill Giduz', 'Albert Lucas', 'Scott Jenkins', 'Katerina Matulova']",3.0,CZE,F
Lea Schmuck,"['Bill Giduz', 'Albert Lucas', 'Scott Jenkins', 'Lea Schmuck']",3.0,DEU,F
Louisa Frankhauser,"['Bill Giduz', 'Albert Lucas', 'Scott Jenkins', 'Louisa Frankhauser']",3.0,DEU,F
Eugene Petkevich,"['Bill Giduz', 'Albert Lucas', 'Scott Jenkins', 'Eugene Petkevich']",3.0,POL,M
JL Coldham,"['Bill Giduz', 'Albert Lucas', 'Scott Jenkins', 'JL Coldham']",3.0,GBR,M
"Anezka Houhova, Jan Marc Daumin, Vasek Peca, Luca Pferdmenges","['Bill Giduz', 'Albert Lucas', 'Scott Jenkins', 'Anezka Houhova, Jan Marc Daumin, Vasek Peca, Luca Pferdmenges']",3.0,Mixed,M
"Anezka Houhova, Jan Marc Daumin, Vasek Peca, Luca Pferdmenges","['Bill Giduz', 'Albert Lucas', 'Scott Jenkins', 'Anezka Houhova, Jan Marc Daumin, Vasek Peca, Luca Pferdmenges']",3.0,Mixed,Mixed
Marissa Adler,"['Bill Giduz', 'Albert Lucas', 'Scott Jenkins', 'Marissa Adler']",3.0,DEU,F
Michaela Kluh,"['Bill Giduz', 'Albert Lucas', 'Scott Jenkins', 'Michaela Kluh']",3.0,DEU,F
Onur Erdem,"['Bill Giduz', 'Albert Lucas', 'Scott Jenkins', 'Onur Erdem']",3.0,TUR,M
Pavel Matula,"['Bill Giduz', 'Albert Lucas', 'Scott Jenkins', 'Pavel Matula']",3.0,CZE,M
Pavol Hlavaty,"['Bill Giduz', 'Albert Lucas', 'Scott Jenkins', 'Pavol Hlavaty']",3.0,SVK,M
Primoz Sesek,"['Bill Giduz', 'Albert Lucas', 'Scott Jenkins', 'Primoz Sesek']",3.0,SVN,M
Romana Brosch,"['Bill Giduz', 'Albert Lucas', 'Scott Jenkins', 'Romana Brosch']",3.0,AUT,F
Anna Maria Denzler,"['Bill Giduz', 'Albert Lucas', 'Scott Jenkins', 'Anna Maria Denzler']",3.0,DEU,F
Ruth Groene,"['Bill Giduz', 'Albert Lucas', 'Scott Jenkins', 'Ruth Groene']",3.0,DEU,F
Yaron Davidovich,"['Bill Giduz', 'Andrew Swan', 'Markus Furtner', 'Yaron Davidovich']",3.0,ISR,M
Viola Radmoser,"['Bill Giduz', 'Andrew Swan', 'Markus Furtner', 'Viola Radmoser']",3.0,DEU,F
Veronika Rieckh,"['Bill Giduz', 'Andrew Swan', 'Markus Furtner', 'Veronika Rieckh']",3.0,AUT,F
Tsung-Yi Ma,"['Bill Giduz', 'Andrew Swan', 'Markus Furtner', 'Tsung-Yi Ma']",3.0,TWN,M
Ting-En Chang,"['Bill Giduz', 'Andrew Swan', 'Markus Furtner', 'Ting-En Chang']",3.0,TWN,M
Tilman Kortenhaus,"['Bill Giduz', 'Andrew Swan', 'Markus Furtner', 'Tilman Kortenhaus']",3.0,DEU,M
Thomas Boiteux,"['Bill Giduz', 'Andrew Swan', 'Markus Furtner', 'Thomas Boiteux']",3.0,FRA,M
Tanja Schwanke,"['Bill Giduz', 'Andrew Swan', 'Markus Furtner', 'Tanja Schwanke']",3.0,DEU,F
Sven Mindel,"['Bill Giduz', 'Andrew Swan', 'Markus Furtner', 'Sven Mindel']",3.0,DEU,M
Simon Herholz,"['Bill Giduz', 'Andrew Swan', 'Markus Furtner', 'Simon Herholz']",3.0,DEU,M
Sebastian Siwiec,"['Bill Giduz', 'Andrew Swan', 'Markus Furtner', 'Sebastian Siwiec']",3.0,POL,M
Scott Seltzer,"['Bill Giduz', 'Andrew Swan', 'Markus Furtner', 'Scott Seltzer']",3.0,ISR,M
Roman Belinkiy,"['Bill Giduz', 'Andrew Swan', 'Markus Furtner', 'Roman Belinkiy']",3.0,ISR,M
Samuel Bastida,"['Bill Giduz', 'Albert Lucas', 'Scott Jenkins', 'Samuel Bastida']",3.0,NZL,M
Luuk Hofmeijer,"['Bill Giduz', 'Albert Lucas', 'Scott Jenkins', 'Luuk Hofmeijer']",3.0,NLD,M
Rimon Cahany,"['Bill Giduz', 'Andrew Swan', 'Markus Furtner', 'Rimon Cahany']",3.0,ISR,M
John Baker,"['Bill Giduz', 'Albert Lucas', 'Mark Fiore', 'John Baker']",3.0,USA,M
Leo Ostenrath,"['Bill Giduz', 'Albert Lucas', 'Scott Jenkins', 'Leo Ostenrath']",3.0,DEU,M
Beer van Noordwijk,"['Bill Giduz', 'Albert Lucas', 'Scott Jenkins', 'Beer van Noordwijk']",3.0,NLD,M
Bo Butze,"['Bill Giduz', 'Albert Lucas', 'Scott Jenkins', 'Bo Butze']",3.0,DEU,M
Co Stuifbergen,"['Bill Giduz', 'Albert Lucas', 'Scott Jenkins', 'Co Stuifbergen']",3.0,NLD,M
Corinna Werther,"['Bill Giduz', 'Albert Lucas', 'Scott Jenkins', 'Corinna Werther']",3.0,DEU,F
Emilia Panke,"['Bill Giduz', 'Albert Lucas', 'Scott Jenkins', 'Emilia Panke']",3.0,DEU,F
Bradley Fiander,"['Bill Giduz', 'Barry Goldmeier', 'Michael-Lucien Bergeron', 'Bradley Fiander']",3.0,CAN,M
Julian Tam,"['Bill Giduz', 'Barry Goldmeier', 'Mike Moore', 'Julian Tam']",3.0,Unknown,M
Thomas Dietz,"['Bill Giduz', 'Albert Lucas', 'Mark Fiore', 'Thomas Dietz']",3.0,DEU,M
Sarah Szefi,"['Bill Giduz', 'Barry Goldmeier', 'Perry Romanowski', 'Sarah Szefi']",3.0,USA,F
Graydon Snider,"['Bill Giduz', 'Barry Goldmeier', 'Michael-Lucien Bergeron', 'Graydon Snider']",3.0,CAN,M
Emma Roschkowski,"['Bill Giduz', 'Albert Lucas', 'Scott Jenkins', 'Emma Roschkowski']",3.0,DEU,F
Jakub Tomko,"['Bill Giduz', 'Albert Lucas', 'Scott Jenkins', 'Jakub Tomko']",3.0,SVK,M
Jamal da Silva Ermisch,"['Bill Giduz', 'Albert Lucas', 'Scott Jenkins', 'Jamal da Silva Ermisch']",3.0,DEU,M
Jessie Fahey,"['Bill Giduz', 'Albert Lucas', 'Scott Jenkins', 'Jessie Fahey']",3.0,NZL,F
Joe Kara,"['Bill Giduz', 'Albert Lucas', 'Scott Jenkins', 'Joe Kara']",3.0,AUS,M
Junya Inoue,"['Bill Giduz', 'Albert Lucas', 'Scott Jenkins', 'Junya Inoue']",3.0,JPN,M
Karel Schuller,"['Bill Giduz', 'Albert Lucas', 'Scott Jenkins', 'Karel Schuller']",3.0,NLD,M
Koutaro Kawano,"['Bill Giduz', 'Albert Lucas', 'Mark Fiore', 'Koutaro Kawano']",3.0,JPN,M
Kaupo Pilder,"['Bill Giduz', 'Albert Lucas', 'Scott Jenkins', 'Kaupo Pilder']",3.0,EST,M
Kenny Cheung,"['Bill Giduz', 'Albert Lucas', 'Scott Jenkins', 'Kenny Cheung']",3.0,AUS,M
Kevin Niittyviita,"['Bill Giduz', 'Albert Lucas', 'Scott Jenkins', 'Kevin Niittyviita']",3.0,FIN,M
Krzysztof Riewold,"['Bill Giduz', 'Albert Lucas', 'Scott Jenkins', 'Krzysztof Riewold']",3.0,POL,M
Leander Weise,"['Bill Giduz', 'Albert Lucas', 'Scott Jenkins', 'Leander Weise']",3.0,DEU,M
Jordan Evans,"['Bill Giduz', 'Albert Lucas', 'Scott Jenkins', 'Jordan Evans']",3.0,GBR,M
Nils Berg,"['Bill Giduz', 'Andrew Swan', 'Markus Furtner', 'Nils Berg']",3.0,DEU,M
Bosznay Balazs,"['Bill Giduz', 'Albert Lucas', 'Scott Jenkins', 'Bosznay Balazs']",3.0,HUN,M
Maximillian Gruber,"['Bill Giduz', 'Andrew Swan', 'Markus Furtner', 'Maximillian Gruber']",3.0,AUT,M
Sophie Mrazek,"['Bill Giduz', 'Albert Lucas', 'Scott Jenkins', 'Sophie Mrazek']",3.0,AUT,F
Simona Uguccioni,"['Bill Giduz', 'Albert Lucas', 'Scott Jenkins', 'Simona Uguccioni']",3.0,ITA,F
Saskia Bershinski,"['Bill Giduz', 'Albert Lucas', 'Scott Jenkins', 'Saskia Bershinski']",3.0,DEU,F
Ilia Poliakov,"['Bill Giduz', 'Andrew Swan', 'Markus Furtner', 'Ilia Poliakov']",3.0,ISR,M
Simon Hilbich,"['Bill Giduz', 'Albert Lucas', 'Scott Jenkins', 'Simon Hilbich']",3.0,DEU,M
Simeon Doetsch,"['Bill Giduz', 'Albert Lucas', 'Scott Jenkins', 'Simeon Doetsch']",3.0,DEU,M
Piotr Maciejewski,"['Bill Giduz', 'Andrew Swan', 'Markus Furtner', 'Piotr Maciejewski']",3.0,POL,M
Samuel Tittelein,"['Bill Giduz', 'Albert Lucas', 'Scott Jenkins', 'Samuel Tittelein']",3.0,FRA,M
EJ Coldham,"['Bill Giduz', 'Albert Lucas', 'Scott Jenkins', 'EJ Coldham']",3.0,GBR,F
Caleb Williams,"['Bill Giduz', 'Albert Lucas', 'Mark Fiore', 'Caleb Williams']",3.0,USA,M
Alexander Armbruster,"['Bill Giduz', 'Andrew Swan', 'Markus Furtner', 'Alexander Armbruster']",3.0,DEU,M
Florian Huber,"['Bill Giduz', 'Andrew Swan', 'Markus Furtner', 'Florian Huber']",3.0,DEU,M
Eric Carvalho,"['Bill Giduz', 'Andrew Swan', 'Markus Furtner', 'Eric Carvalho']",3.0,BRA,M
Emanuele Lodigiani,"['Bill Giduz', 'Andrew Swan', 'Markus Furtner', 'Emanuele Lodigiani']",3.0,ITA,M
Daniela Palickova,"['Bill Giduz', 'Andrew Swan', 'Markus Furtner', 'Daniela Palickova']",3.0,CZE,F
Cyril Pujol,"['Bill Giduz', 'Andrew Swan', 'Markus Furtner', 'Cyril Pujol']",3.0,FRA,M
Artur Witek,"['Bill Giduz', 'Andrew Swan', 'Markus Furtner', 'Artur Witek']",3.0,POL,M
Anton Bartsch,"['Bill Giduz', 'Andrew Swan', 'Markus Furtner', 'Anton Bartsch']",3.0,DEU,M
Anna Kruk,"['Bill Giduz', 'Andrew Swan', 'Markus Furtner', 'Anna Kruk']",3.0,POL,F
Aline Faller,"['Bill Giduz', 'Andrew Swan', 'Markus Furtner', 'Aline Faller']",3.0,DEU,F
Nestor Koktysz,"['Bill Giduz', 'Andrew Swan', 'Markus Furtner', 'Nestor Koktysz']",3.0,POL,M
Stijn Westerbeek,"['Bill Giduz', 'Albert Lucas', 'Scott Jenkins', 'Stijn Westerbeek']",3.0,NLD,M
Iunya Inoue,"['Bill Giduz', 'Andrew Swan', 'Markus Furtner', 'Iunya Inoue']",3.0,JPN,M
Stephan Neinhardt,"['Bill Giduz', 'Albert Lucas', 'Scott Jenkins', 'Stephan Neinhardt']",3.0,DEU,M
Nanci Newton,"['Bill Giduz', 'Mike Hout', 'Zoe Prawda', 'Nanci Newton']",3.0,USA,F
kaupo Pilder,"['Bill Giduz', 'Andrew Swan', 'Markus Furtner', 'kaupo Pilder']",3.0,EST,M
Julia Bonhoff,"['Bill Giduz', 'Andrew Swan', 'Markus Furtner', 'Julia Bonhoff']",3.0,DEU,F
Josef Komissar,"['Bill Giduz', 'Andrew Swan', 'Markus Furtner', 'Josef Komissar']",3.0,USA,M
Shimon Levikov,"['Bill Giduz', 'Albert Lucas', 'Scott Jenkins', 'Shimon Levikov']",3.0,DEU,M
Jos Tipker,"['Bill Giduz', 'Andrew Swan', 'Markus Furtner', 'Jos Tipker']",3.0,NLD,M
Jonas Broring,"['Bill Giduz', 'Andrew Swan', 'Markus Furtner', 'Jonas Broring']",3.0,DEU,M
Malthe Jerup Ostergaard,"['Bill Giduz', 'Andrew Swan', 'Markus Furtner', 'Malthe Jerup Ostergaard']",3.0,DNK,M
Tamara Maul,"['Bill Giduz', 'Albert Lucas', 'Scott Jenkins', 'Tamara Maul']",3.0,DEU,F
Jheng-Yu Chiu,"['Bill Giduz', 'Andrew Swan', 'Markus Furtner', 'Jheng-Yu Chiu']",3.0,TWN,M
Jeremy Vik,"['Bill Giduz', 'Andrew Swan', 'Markus Furtner', 'Jeremy Vik']",3.0,USA,M
Jan Nowosad,"['Bill Giduz', 'Andrew Swan', 'Markus Furtner', 'Jan Nowosad']",3.0,POL,M
Jakob Hochstrat,"['Bill Giduz', 'Andrew Swan', 'Markus Furtner', 'Jakob Hochstrat']",3.0,DEU,M
Vasek Peca,"['Bill Giduz', 'Albert Lucas', 'Scott Jenkins', 'Vasek Peca']",3.0,CZE,M
Uros Marolt,"['Bill Giduz', 'Albert Lucas', 'Scott Jenkins', 'Uros Marolt']",3.0,SVN,M
Tobias Ludwig,"['Bill Giduz', 'Albert Lucas', 'Scott Jenkins', 'Tobias Ludwig']",3.0,DEU,M
Brenn Swanson,"['Bill Giduz', 'Mike Hout', 'Zoe Prawda', 'Brenn Swanson']",3.0,USA,F
Daniel Glus,"['Bill Giduz', 'Mike Hout', 'Zoe Prawda', 'Daniel Glus']",3.0,USA,M
Elliot Kaplan,"['Bill Giduz', 'Mike Hout', 'Zoe Prawda', 'Elliot Kaplan']",3.0,USA,M
Guy Robinson,"['Bill Giduz', 'Mike Hout', 'Zoe Prawda', 'Guy Robinson']",3.0,USA,M
Marcel Jaworski,"['Bill Giduz', 'Andrew Swan', 'Markus Furtner', 'Marcel Jaworski']",3.0,VEN,M
Liya Bakhrakh,"['Bill Giduz', 'Andrew Swan', 'Markus Furtner', 'Liya Bakhrakh']",3.0,ISR,F
Louison Vatin,"['Bill Giduz', 'Andrew Swan', 'Markus Furtner', 'Louison Vatin']",3.0,FRA,F
Antonina Tsvetkova,"['Bill Giduz', 'Andrew Swan', 'Markus Furtner', 'Ilia Poliakov', 'Antonina Tsvetkova']",4.0,RUS,F
Yaroshenko Stepan,"['Bill Giduz', 'Andrew Swan', 'Markus Furtner', 'Ilia Poliakov', 'Yaroshenko Stepan']",4.0,RUS,M
Simon Hodge,"['Bill Giduz', 'Albert Lucas', 'Scott Jenkins', 'Michal Kapral', 'Simon Hodge']",4.0,CAN,M
Artem Chusovitin,"['Bill Giduz', 'Andrew Swan', 'Markus Furtner', 'Ilia Poliakov', 'Artem Chusovitin']",4.0,RUS,M
Alexander Khlebodarov,"['Bill Giduz', 'Andrew Swan', 'Markus Furtner', 'Ilia Poliakov', 'Alexander Khlebodarov']",4.0,RUS,M
Diana Diane,"['Bill Giduz', 'Andrew Swan', 'Markus Furtner', 'Ilia Poliakov', 'Diana Diane']",4.0,RUS,F
Shchipakin Konstantin,"['Bill Giduz', 'Andrew Swan', 'Markus Furtner', 'Ilia Poliakov', 'Shchipakin Konstantin']",4.0,RUS,M
Crack Ivan,"['Bill Giduz', 'Andrew Swan', 'Markus Furtner', 'Ilia Poliakov', 'Crack Ivan']",4.0,RUS,M
Dmitry Kozlov,"['Bill Giduz', 'Andrew Swan', 'Markus Furtner', 'Ilia Poliakov', 'Dmitry Kozlov']",4.0,RUS,M
Julia Novikova,"['Bill Giduz', 'Andrew Swan', 'Markus Furtner', 'Ilia Poliakov', 'Julia Novikova']",4.0,RUS,F
Jurabayeva Yasya,"['Bill Giduz', 'Andrew Swan', 'Markus Furtner', 'Ilia Poliakov', 'Jurabayeva Yasya']",4.0,RUS,F
Kirill Sergeev,"['Bill Giduz', 'Andrew Swan', 'Markus Furtner', 'Ilia Poliakov', 'Kirill Sergeev']",4.0,RUS,M
Kiryushkin Anton,"['Bill Giduz', 'Andrew Swan', 'Markus Furtner', 'Ilia Poliakov', 'Kiryushkin Anton']",4.0,RUS,M
Korunkov Evgeny,"['Bill Giduz', 'Andrew Swan', 'Markus Furtner', 'Ilia Poliakov', 'Korunkov Evgeny']",4.0,RUS,M
Pavel Stulikov,"['Bill Giduz', 'Andrew Swan', 'Markus Furtner', 'Ilia Poliakov', 'Pavel Stulikov']",4.0,RUS,M
Peter Zaitsev,"['Bill Giduz', 'Andrew Swan', 'Markus Furtner', 'Ilia Poliakov', 'Peter Zaitsev']",4.0,RUS,M
Alexander Dekhtyarev,"['Bill Giduz', 'Andrew Swan', 'Markus Furtner', 'Ilia Poliakov', 'Alexander Dekhtyarev']",4.0,RUS,M
Shvetsov Vladislav,"['Bill Giduz', 'Andrew Swan', 'Markus Furtner', 'Ilia Poliakov', 'Shvetsov Vladislav']",4.0,RUS,M
Ulezlo Elvira,"['Bill Giduz', 'Andrew Swan', 'Markus Furtner', 'Ilia Poliakov', 'Ulezlo Elvira']",4.0,RUS,F
Pete Barnard,"['Bill Giduz', 'Albert Lucas', 'Scott Jenkins', 'Ralph Kidner', 'Pete Barnard']",4.0,GBR,M
Zach Warren,"['Bill Giduz', 'Albert Lucas', 'Scott Jenkins', 'Michal Kapral', 'Zach Warren']",4.0,USA,M
Julia Len,"['Bill Giduz', 'Andrew Swan', 'Markus Furtner', 'Ilia Poliakov', 'Julia Len']",4.0,RUS,F
Aleksandra Korsakova,"['Bill Giduz', 'Andrew Swan', 'Markus Furtner', 'Ilia Poliakov', 'Aleksandra Korsakova']",4.0,RUS,F
Novikova Julia,"['Bill Giduz', 'Andrew Swan', 'Markus Furtner', 'Ilia Poliakov', 'Julia Len', 'Novikova Julia']",5.0,RUS,F
Zyablitsky Alexander,"['Bill Giduz', 'Andrew Swan', 'Markus Furtner', 'Ilia Poliakov', 'Julia Len', 'Zyablitsky Alexander']",5.0,RUS,M
Vorobey Artur,"['Bill Giduz', 'Andrew Swan', 'Markus Furtner', 'Ilia Poliakov', 'Julia Len', 'Vorobey Artur']",5.0,RUS,M
Stepanov Dmitry,"['Bill Giduz', 'Andrew Swan', 'Markus Furtner', 'Ilia Poliakov', 'Julia Len', 'Stepanov Dmitry']",5.0,RUS,M
Kozlov Dmitry,"['Bill Giduz', 'Andrew Swan', 'Markus Furtner', 'Ilia Poliakov', 'Julia Len', 'Kozlov Dmitry']",5.0,RUS,M
Klementyeva Nadezhda,"['Bill Giduz', 'Andrew Swan', 'Markus Furtner', 'Ilia Poliakov', 'Julia Len', 'Klementyeva Nadezhda']",5.0,RUS,F
Chusovitin Artyom,"['Bill Giduz', 'Andrew Swan', 'Markus Furtner', 'Ilia Poliakov', 'Julia Len', 'Chusovitin Artyom']",5.0,RUS,M
Butrin Ilya,"['Bill Giduz', 'Andrew Swan', 'Markus Furtner', 'Ilia Poliakov', 'Julia Len', 'Butrin Ilya']",5.0,RUS,M
Arsenyev Artyom,"['Bill Giduz', 'Andrew Swan', 'Markus Furtner', 'Ilia Poliakov', 'Julia Len', 'Arsenyev Artyom']",5.0,RUS,M
Penkova Olga,"['Bill Giduz', 'Andrew Swan', 'Markus Furtner', 'Ilia Poliakov', 'Julia Len', 'Zyablitsky Alexander', 'Penkova Olga']",6.0,RUS,F
Nikitin Egor,"['Bill Giduz', 'Andrew Swan', 'Markus Furtner', 'Ilia Poliakov', 'Julia Len', 'Zyablitsky Alexander', 'Nikitin Egor']",6.0,RUS,M
Mazeina Julia,"['Bill Giduz', 'Andrew Swan', 'Markus Furtner', 'Ilia Poliakov', 'Julia Len', 'Zyablitsky Alexander', 'Mazeina Julia']",6.0,RUS,F
Loginov Mihail,"['Bill Giduz', 'Andrew Swan', 'Markus Furtner', 'Ilia Poliakov', 'Julia Len', 'Zyablitsky Alexander', 'Loginov Mihail']",6.0,RUS,M
Kovalenko Ekaterina,"['Bill Giduz', 'Andrew Swan', 'Markus Furtner', 'Ilia Poliakov', 'Julia Len', 'Zyablitsky Alexander', 'Kovalenko Ekaterina']",6.0,RUS,F
Orlov Vladimir,"['Bill Giduz', 'Andrew Swan', 'Markus Furtner', 'Ilia Poliakov', 'Julia Len', 'Zyablitsky Alexander', 'Orlov Vladimir']",6.0,RUS,M
Gramotin Anton,"['Bill Giduz', 'Andrew Swan', 'Markus Furtner', 'Ilia Poliakov', 'Julia Len', 'Zyablitsky Alexander', 'Gramotin Anton']",6.0,RUS,M
Korpusov Maxim,"['Bill Giduz', 'Andrew Swan', 'Markus Furtner', 'Ilia Poliakov', 'Julia Len', 'Zyablitsky Alexander', 'Korpusov Maxim']",6.0,RUS,M
Elizabeth Sychugova,"['Bill Giduz', 'Andrew Swan', 'Markus Furtner', 'Ilia Poliakov', 'Julia Len', 'Zyablitsky Alexander', 'Elizabeth Sychugova']",6.0,RUS,F
Kharchenko Elizaveta,"['Bill Giduz', 'Andrew Swan', 'Markus Furtner', 'Ilia Poliakov', 'Julia Len', 'Zyablitsky Alexander', 'Kharchenko Elizaveta']",6.0,RUS,F
Kovalenko Alexey,"['Bill Giduz', 'Andrew Swan', 'Markus Furtner', 'Ilia Poliakov', 'Julia Len', 'Zyablitsky Alexander', 'Kovalenko Alexey']",6.0,RUS,M
Deulina Kristina,"['Bill Giduz', 'Andrew Swan', 'Markus Furtner', 'Ilia Poliakov', 'Julia Len', 'Zyablitsky Alexander', 'Deulina Kristina']",6.0,RUS,F
Prokhorova Angelina,"['Bill Giduz', 'Andrew Swan', 'Markus Furtner', 'Ilia Poliakov', 'Julia Len', 'Zyablitsky Alexander', 'Prokhorova Angelina']",6.0,RUS,F
Chuikova Olga,"['Bill Giduz', 'Andrew Swan', 'Markus Furtner', 'Ilia Poliakov', 'Julia Len', 'Zyablitsky Alexander', 'Chuikova Olga']",6.0,RUS,F
Balabushkina Anastasia,"['Bill Giduz', 'Andrew Swan', 'Markus Furtner', 'Ilia Poliakov', 'Julia Len', 'Zyablitsky Alexander', 'Balabushkina Anastasia']",6.0,RUS,F
Raskostova Kristina,"['Bill Giduz', 'Andrew Swan', 'Markus Furtner', 'Ilia Poliakov', 'Julia Len', 'Zyablitsky Alexander', 'Raskostova Kristina']",6.0,RUS,F
Romanov Nikita,"['Bill Giduz', 'Andrew Swan', 'Markus Furtner', 'Ilia Poliakov', 'Julia Len', 'Zyablitsky Alexander', 'Romanov Nikita']",6.0,RUS,M
Shpilevskaya Sofia,"['Bill Giduz', 'Andrew Swan', 'Markus Furtner', 'Ilia Poliakov', 'Julia Len', 'Zyablitsky Alexander', 'Shpilevskaya Sofia']",6.0,RUS,F
Shpilevsky Vyacheslav,"['Bill Giduz', 'Andrew Swan', 'Markus Furtner', 'Ilia Poliakov', 'Julia Len', 'Zyablitsky Alexander', 'Shpilevsky Vyacheslav']",6.0,RUS,M
Tingaev Stanislav,"['Bill Giduz', 'Andrew Swan', 'Markus Furtner', 'Ilia Poliakov', 'Julia Len', 'Zyablitsky Alexander', 'Tingaev Stanislav']",6.0,RUS,M
Tsybina Victoria,"['Bill Giduz', 'Andrew Swan', 'Markus Furtner', 'Ilia Poliakov', 'Julia Len', 'Zyablitsky Alexander', 'Tsybina Victoria']",6.0,RUS,F
Altayakov Ilnur,"['Bill Giduz', 'Andrew Swan', 'Markus Furtner', 'Ilia Poliakov', 'Julia Len', 'Zyablitsky Alexander', 'Altayakov Ilnur']",6.0,RUS,M
Perevalova Tatyana,"['Bill Giduz', 'Andrew Swan', 'Markus Furtner', 'Ilia Poliakov', 'Julia Len', 'Zyablitsky Alexander', 'Perevalova Tatyana']",6.0,RUS,F
Gramotina Natalia,"['Bill Giduz', 'Andrew Swan', 'Markus Furtner', 'Ilia Poliakov', 'Julia Len', 'Zyablitsky Alexander', 'Gramotina Natalia']",6.0,RUS,F
Marla Edgecomb,No Connection to Bill Giduz,inf,USA,F
Helaman Pratt Ferguson,No Connection to Bill Giduz,inf,USA,M
Ashrita Furman,No Connection to Bill Giduz,inf,USA,M
Davld Pavlove Cunsolo,No Connection to Bill Giduz,inf,Unknown,M
Thijs Niesten,No Connection to Bill Giduz,inf,Unknown,M
Quest Crothers,No Connection to Bill Giduz,inf,Unknown,M
Giovanni Gaole,No Connection to Bill Giduz,inf,Unknown,M
Andy Widmann,No Connection to Bill Giduz,inf,Unknown,M
Andrew Widmann,No Connection to Bill Giduz,inf,Unknown,M
Jill Edgecomb,No Connection to Bill Giduz,inf,Unknown,F
Skye Jerpbak,No Connection to Bill Giduz,inf,Unknown,F
David Quint,No Connection to Bill Giduz,inf,USA,M
Attila Suszter,No Connection to Bill Giduz,inf,HUN,M
Ferda Tekgul,No Connection to Bill Giduz,inf,TUR,M
Nathan Agnew,No Connection to Bill Giduz,inf,GBR,M
Dana Giuglielmo,No Connection to Bill Giduz,inf,USA,F
Jannik Weiss,No Connection to Bill Giduz,inf,DEU,M
Ryan Himmel,No Connection to Bill Giduz,inf,USA,M
Gavin Levenstein,No Connection to Bill Giduz,inf,ZAF,M
Henry Wellenstein,No Connection to Bill Giduz,inf,USA,M
Christian Roberto Lopez Rogriguez,No Connection to Bill Giduz,inf,ESP,M
Peter Meyer,No Connection to Bill Giduz,inf,DEU,M
Brian Linehan,No Connection to Bill Giduz,inf,IRL,M
Kevin Sawers,No Connection to Bill Giduz,inf,GBR,M
Scott Boehret,No Connection to Bill Giduz,inf,USA,M
Trevor McQuay,No Connection to Bill Giduz,inf,USA,M
Emily Beaver,No Connection to Bill Giduz,inf,USA,F
Tom Gounley,No Connection to Bill Giduz,inf,USA,M
Derrick Adams,No Connection to Bill Giduz,inf,GBR,M
Narelle Cabassi,No Connection to Bill Giduz,inf,AUS,F
Reggie L,No Connection to Bill Giduz,inf,GBR,M
Peter Rupprecht,No Connection to Bill Giduz,inf,DEU,M
Gopi Devarajulu,No Connection to Bill Giduz,inf,IND,M
Nati Tuppen,No Connection to Bill Giduz,inf,GBR,F
Kevin Williams,No Connection to Bill Giduz,inf,GBR,M
Jorge Vilchis,No Connection to Bill Giduz,inf,MEX,M
Will Be,No Connection to Bill Giduz,inf,GBR,M
Zach Prescott,No Connection to Bill Giduz,inf,USA,M
Meilyr Wyn,No Connection to Bill Giduz,inf,GBR,M
Scott Gorman,No Connection to Bill Giduz,inf,USA,M
Joshua Pichotta,No Connection to Bill Giduz,inf,USA,M
Chris Pert,No Connection to Bill Giduz,inf,USA,M
Heather Thompson,No Connection to Bill Giduz,inf,USA,F
Rhett Farber,No Connection to Bill Giduz,inf,USA,M
Ivan Schleppenbach,No Connection to Bill Giduz,inf,USA,M
Dean Radcliffe,No Connection to Bill Giduz,inf,USA,M
Necmi Oztoprak,No Connection to Bill Giduz,inf,TUR,M
David Rush,No Connection to Bill Giduz,inf,USA,M
Roy van Rijn,No Connection to Bill Giduz,inf,NLD,M
Justin Delong,No Connection to Bill Giduz,inf,USA,M
John Riden,No Connection to Bill Giduz,inf,USA,M
Charlie Freeman,No Connection to Bill Giduz,inf,USA,M
Nigel Wakita,No Connection to Bill Giduz,inf,CAN,M
John Dombach,No Connection to Bill Giduz,inf,USA,M
Andrew Miller,No Connection to Bill Giduz,inf,USA,M
Steve Portwine,No Connection to Bill Giduz,inf,GBR,M
Abraham Wirtz,No Connection to Bill Giduz,inf,DEU,M
Jeff Civillico,No Connection to Bill Giduz,inf,USA,M
Ingbert Bittel,No Connection to Bill Giduz,inf,DEU,M
Mirek Urban,No Connection to Bill Giduz,inf,POL,M
Paul-Erik Lillholm,No Connection to Bill Giduz,inf,NOR,M
Dillon Hutyra,No Connection to Bill Giduz,inf,USA,M
Stefan Nygard,No Connection to Bill Giduz,inf,SWE,M
Carl Turner,No Connection to Bill Giduz,inf,CAN,M
Will Rhode,No Connection to Bill Giduz,inf,GBR,M
David Tate,No Connection to Bill Giduz,inf,USA,M
Patrick Carroll,No Connection to Bill Giduz,inf,USA,M
Ketan Abhonkar,No Connection to Bill Giduz,inf,IND,M
Erick Sells,No Connection to Bill Giduz,inf,USA,M
Alison Bolton,No Connection to Bill Giduz,inf,GBR,F
Henry Roessner,No Connection to Bill Giduz,inf,USA,M
Zach Becker,No Connection to Bill Giduz,inf,USA,M
Benjamin Chognot,No Connection to Bill Giduz,inf,AUT,M
Tim Ebersole,No Connection to Bill Giduz,inf,USA,M
Jean-Marc Doiron,No Connection to Bill Giduz,inf,CAN,M
Rick Kwiatkowski,No Connection to Bill Giduz,inf,USA,M
Benjamin Balbeur,No Connection to Bill Giduz,inf,BEL,M
John Handy Bosma,No Connection to Bill Giduz,inf,USA,M
Jonathan Austin,No Connection to Bill Giduz,inf,USA,M
Colin Francome,No Connection to Bill Giduz,inf,GBR,M
Levent Denizci,No Connection to Bill Giduz,inf,TUR,M
Calvin Staley,No Connection to Bill Giduz,inf,USA,M
Johan Swartvagher,No Connection to Bill Giduz,inf,FRA,M
Jason Bigonia,No Connection to Bill Giduz,inf,USA,M
Tristan Heinicke,No Connection to Bill Giduz,inf,USA,M
Dana Lee Ling,No Connection to Bill Giduz,inf,FSM,M
Maxim Roy,No Connection to Bill Giduz,inf,CAN,M
Ricco Visser,No Connection to Bill Giduz,inf,ZAF,M
Nick Burns,No Connection to Bill Giduz,inf,GBR,M
David Livingston,No Connection to Bill Giduz,inf,USA,M
David Harrison,No Connection to Bill Giduz,inf,GBR,M
Jonas Eberlein,No Connection to Bill Giduz,inf,DEU,M
Martin Dalsgard,No Connection to Bill Giduz,inf,SWE,M
Brady Xue,No Connection to Bill Giduz,inf,USA,M
Toon Witters,No Connection to Bill Giduz,inf,BEL,M
Kalia Handy Bosma,No Connection to Bill Giduz,inf,USA,F
Andrew Rose Gregory,No Connection to Bill Giduz,inf,USA,M
Reg Bolton,No Connection to Bill Giduz,inf,GBR,M
