10 km,15 km,10 Miles,20 km,HM,25 km,30 km,Marathon,100 km,Points
25:22,38:43,41:40,52:15,55:15,1:06:26,1:20:59,1:57:18,5:40:36,1400
,38:44,41:41,52:16,55:16,1:06:28,1:21:01,1:57:21,5:40:46,1399
25:23,38:45,41:42,52:17,55:17,1:06:30,1:21:03,1:57:24,5:40:56,1398
25:24,38:46,41:43,52:19,55:19,1:06:31,1:21:05,1:57:27,5:41:06,1397
,,41:44,52:20,55:20,1:06:33,1:21:07,1:57:30,5:41:16,1396
25:25,38:47,41:45,52:21,55:21,1:06:34,1:21:10,1:57:33,5:41:26,1395
,38:48,41:46,52:22,55:23,1:06:36,1:21:12,1:57:36,5:41:36,1394
25:26,38:49,41:47,52:24,55:24,1:06:38,1:21:14,1:57:39,5:41:46,1393
,38:50,41:48,52:25,55:25,1:06:39,1:21:16,1:57:43,5:41:56,1392
25:27,38:51,41:49,52:26,55:27,1:06:41,1:21:18,1:57:46,5:42:06,1391
25:28,38:52,41:50,52:27,55:28,1:06:43,1:21:20,1:57:49,5:42:16,1390
,38:53,41:51,52:29,55:29,1:06:44,1:21:22,1:57:52,5:42:27,1389
25:29,38:54,41:52,52:30,55:31,1:06:46,1:21:24,1:57:55,5:42:37,1388
,38:55,41:53,52:31,55:32,1:06:48,1:21:26,1:57:58,5:42:47,1387
25:30,38:56,41:54,52:32,55:33,1:06:49,1:21:28,1:58:01,5:42:57,1386
25:31,,41:55,52:34,55:35,1:06:51,1:21:30,1:58:04,5:43:07,1385
,38:57,41:56,52:35,55:36,1:06:52,1:21:32,1:58:07,5:43:17,1384
25:32,38:58,41:57,52:36,55:37,1:06:54,1:21:34,1:58:10,5:43:27,1383
,38:59,41:58,52:37,55:39,1:06:56,1:21:36,1:58:13,5:43:37,1382
25:33,39:00,41:59,52:39,55:40,1:06:57,1:21:38,1:58:16,5:43:47,1381
,39:01,42:00,52:40,55:41,1:06:59,1:21:40,1:58:19,5:43:58,1380
25:34,39:02,42:01,52:41,55:43,1:07:01,1:21:42,1:58:23,5:44:08,1379
25:35,39:03,42:02,52:42,55:44,1:07:02,1:21:44,1:58:26,5:44:18,1378
,39:04,42:03,52:44,55:45,1:07:04,1:21:46,1:58:29,5:44:28,1377
25:36,39:05,42:04,52:45,55:47,1:07:06,1:21:48,1:58:32,5:44:38,1376
,39:06,42:05,52:46,55:48,1:07:07,1:21:50,1:58:35,5:44:48,1375
25:37,39:07,42:06,52:47,55:49,1:07:09,1:21:52,1:58:38,5:44:58,1374
25:38,,42:07,52:49,55:51,1:07:10,1:21:54,1:58:41,5:45:09,1373
,39:08,42:08,52:50,55:52,1:07:12,1:21:56,1:58:44,5:45:19,1372
25:39,39:09,42:09,52:51,55:53,1:07:14,1:21:58,1:58:47,5:45:29,1371
,39:10,42:10,52:52,55:55,1:07:15,1:22:00,1:58:50,5:45:39,1370
25:40,39:11,42:11,52:54,55:56,1:07:17,1:22:03,1:58:53,5:45:49,1369
,39:12,42:12,52:55,55:57,1:07:19,1:22:05,1:58:56,5:45:59,1368
25:41,39:13,42:13,52:56,55:59,1:07:20,1:22:07,1:59:00,5:46:10,1367
25:42,39:14,42:14,52:58,56:00,1:07:22,1:22:09,1:59:03,5:46:20,1366
,39:15,42:15,52:59,56:01,1:07:24,1:22:11,1:59:06,5:46:30,1365
25:43,39:16,42:16,53:00,56:03,1:07:25,1:22:13,1:59:09,5:46:40,1364
,39:17,42:17,53:01,56:04,1:07:27,1:22:15,1:59:12,5:46:50,1363
25:44,39:18,42:18,53:03,56:05,1:07:29,1:22:17,1:59:15,5:47:01,1362
25:45,,42:19,53:04,56:07,1:07:30,1:22:19,1:59:18,5:47:11,1361
,39:19,42:20,53:05,56:08,1:07:32,1:22:21,1:59:21,5:47:21,1360
25:46,39:20,42:21,53:06,56:09,1:07:33,1:22:23,1:59:24,5:47:31,1359
,39:21,42:22,53:08,56:11,1:07:35,1:22:25,1:59:27,5:47:41,1358
25:47,39:22,42:23,53:09,56:12,1:07:37,1:22:27,1:59:31,5:47:52,1357
25:48,39:23,42:24,53:10,56:13,1:07:38,1:22:29,1:59:34,5:48:02,1356
,39:24,42:25,53:11,56:15,1:07:40,1:22:31,1:59:37,5:48:12,1355
25:49,39:25,42:26,53:13,56:16,1:07:42,1:22:33,1:59:40,5:48:22,1354
,39:26,42:27,53:14,56:17,1:07:43,1:22:35,1:59:43,5:48:32,1353
25:50,39:27,42:28,53:15,56:19,1:07:45,1:22:37,1:59:46,5:48:43,1352
25:51,39:28,42:29,53:17,56:20,1:07:47,1:22:39,1:59:49,5:48:53,1351
,39:29,42:30,53:18,56:21,1:07:48,1:22:42,1:59:52,5:49:03,1350
25:52,39:30,42:31,53:19,56:23,1:07:50,1:22:44,1:59:55,5:49:13,1349
,39:31,42:32,53:20,56:24,1:07:52,1:22:46,1:59:59,5:49:24,1348
25:53,,42:33,53:22,56:26,1:07:53,1:22:48,2:00:02,5:49:34,1347
,39:32,42:34,53:23,56:27,1:07:55,1:22:50,2:00:05,5:49:44,1346
25:54,39:33,42:35,53:24,56:28,1:07:57,1:22:52,2:00:08,5:49:54,1345
25:55,39:34,42:36,53:25,56:30,1:07:58,1:22:54,2:00:11,5:50:05,1344
,39:35,42:37,53:27,56:31,1:08:00,1:22:56,2:00:14,5:50:15,1343
25:56,39:36,42:38,53:28,56:32,1:08:02,1:22:58,2:00:17,5:50:25,1342
,39:37,42:39,53:29,56:34,1:08:03,1:23:00,2:00:20,5:50:36,1341
25:57,39:38,42:40,53:31,56:35,1:08:05,1:23:02,2:00:24,5:50:46,1340
25:58,39:39,42:41,53:32,56:36,1:08:07,1:23:04,2:00:27,5:50:56,1339
,39:40,42:42,53:33,56:38,1:08:08,1:23:06,2:00:30,5:51:06,1338
25:59,39:41,42:43,53:34,56:39,1:08:10,1:23:08,2:00:33,5:51:17,1337
,39:42,42:44,53:36,56:40,1:08:12,1:23:11,2:00:36,5:51:27,1336
26:00,39:43,42:45,53:37,56:42,1:08:13,1:23:13,2:00:39,5:51:37,1335
26:01,39:44,42:46,53:38,56:43,1:08:15,1:23:15,2:00:42,5:51:48,1334
,,42:47,53:39,56:44,1:08:17,1:23:17,2:00:45,5:51:58,1333
26:02,39:45,42:48,53:41,56:46,1:08:18,1:23:19,2:00:49,5:52:08,1332
,39:46,42:49,53:42,56:47,1:08:20,1:23:21,2:00:52,5:52:18,1331
26:03,39:47,42:50,53:43,56:49,1:08:22,1:23:23,2:00:55,5:52:29,1330
26:04,39:48,42:51,53:45,56:50,1:08:23,1:23:25,2:00:58,5:52:39,1329
,39:49,42:52,53:46,56:51,1:08:25,1:23:27,2:01:01,5:52:49,1328
26:05,39:50,42:53,53:47,56:53,1:08:27,1:23:29,2:01:04,5:53:00,1327
,39:51,42:54,53:48,56:54,1:08:28,1:23:31,2:01:07,5:53:10,1326
26:06,39:52,42:55,53:50,56:55,1:08:30,1:23:33,2:01:11,5:53:20,1325
26:07,39:53,42:56,53:51,56:57,1:08:32,1:23:35,2:01:14,5:53:31,1324
,39:54,42:57,53:52,56:58,1:08:33,1:23:38,2:01:17,5:53:41,1323
26:08,39:55,42:58,53:54,56:59,1:08:35,1:23:40,2:01:20,5:53:51,1322
,39:56,42:59,53:55,57:01,1:08:37,1:23:42,2:01:23,5:54:02,1321
26:09,39:57,43:00,53:56,57:02,1:08:38,1:23:44,2:01:26,5:54:12,1320
26:10,39:58,43:01,53:57,57:03,1:08:40,1:23:46,2:01:29,5:54:23,1319
,,43:02,53:59,57:05,1:08:42,1:23:48,2:01:33,5:54:33,1318
26:11,39:59,43:03,54:00,57:06,1:08:43,1:23:50,2:01:36,5:54:43,1317
,40:00,43:04,54:01,57:08,1:08:45,1:23:52,2:01:39,5:54:54,1316
26:12,40:01,43:05,54:03,57:09,1:08:47,1:23:54,2:01:42,5:55:04,1315
26:13,40:02,43:06,54:04,57:10,1:08:48,1:23:56,2:01:45,5:55:14,1314
,40:03,43:07,54:05,57:12,1:08:50,1:23:58,2:01:48,5:55:25,1313
26:14,40:04,43:08,54:06,57:13,1:08:52,1:24:00,2:01:51,5:55:35,1312
,40:05,43:09,54:08,57:14,1:08:53,1:24:03,2:01:55,5:55:46,1311
26:15,40:06,43:10,54:09,57:16,1:08:55,1:24:05,2:01:58,5:55:56,1310
26:16,40:07,43:11,54:10,57:17,1:08:57,1:24:07,2:02:01,5:56:06,1309
,40:08,43:12,54:12,57:19,1:08:58,1:24:09,2:02:04,5:56:17,1308
26:17,40:09,43:13,54:13,57:20,1:09:00,1:24:11,2:02:07,5:56:27,1307
,40:10,43:14,54:14,57:21,1:09:02,1:24:13,2:02:10,5:56:38,1306
26:18,40:11,43:15,54:15,57:23,1:09:03,1:24:15,2:02:14,5:56:48,1305
26:19,40:12,43:16,54:17,57:24,1:09:05,1:24:17,2:02:17,5:56:58,1304
,40:13,43:17,54:18,57:25,1:09:07,1:24:19,2:02:20,5:57:09,1303
26:20,,43:18,54:19,57:27,1:09:08,1:24:21,2:02:23,5:57:19,1302
,40:14,43:19,54:21,57:28,1:09:10,1:24:24,2:02:26,5:57:30,1301
26:21,40:15,43:20,54:22,57:29,1:09:12,1:24:26,2:02:29,5:57:40,1300
26:22,40:16,43:21,54:23,57:31,1:09:14,1:24:28,2:02:33,5:57:51,1299
,40:17,43:22,54:25,57:32,1:09:15,1:24:30,2:02:36,5:58:01,1298
26:23,40:18,43:23,54:26,57:34,1:09:17,1:24:32,2:02:39,5:58:11,1297
,40:19,43:24,54:27,57:35,1:09:19,1:24:34,2:02:42,5:58:22,1296
26:24,40:20,43:25,54:28,57:36,1:09:20,1:24:36,2:02:45,5:58:32,1295
26:25,40:21,43:26,54:30,57:38,1:09:22,1:24:38,2:02:49,5:58:43,1294
,40:22,43:27,54:31,57:39,1:09:24,1:24:40,2:02:52,5:58:53,1293
26:26,40:23,43:28,54:32,57:40,1:09:25,1:24:43,2:02:55,5:59:04,1292
,40:24,43:29,54:34,57:42,1:09:27,1:24:45,2:02:58,5:59:14,1291
26:27,40:25,43:30,54:35,57:43,1:09:29,1:24:47,2:03:01,5:59:25,1290
26:28,40:26,43:31,54:36,57:45,1:09:30,1:24:49,2:03:04,5:59:35,1289
,40:27,43:32,54:37,57:46,1:09:32,1:24:51,2:03:08,5:59:46,1288
26:29,40:28,43:33,54:39,57:47,1:09:34,1:24:53,2:03:11,5:59:56,1287
,40:29,43:34,54:40,57:49,1:09:35,1:24:55,2:03:14,6:00:07,1286
26:30,40:30,43:35,54:41,57:50,1:09:37,1:24:57,2:03:17,6:00:17,1285
26:31,40:31,43:36,54:43,57:52,1:09:39,1:24:59,2:03:20,6:00:28,1284
,,43:37,54:44,57:53,1:09:41,1:25:02,2:03:24,6:00:38,1283
26:32,40:32,43:38,54:45,57:54,1:09:42,1:25:04,2:03:27,6:00:49,1282
,40:33,43:40,54:47,57:56,1:09:44,1:25:06,2:03:30,6:00:59,1281
26:33,40:34,43:41,54:48,57:57,1:09:46,1:25:08,2:03:33,6:01:10,1280
26:34,40:35,43:42,54:49,57:58,1:09:47,1:25:10,2:03:36,6:01:20,1279
,40:36,43:43,54:51,58:00,1:09:49,1:25:12,2:03:40,6:01:31,1278
26:35,40:37,43:44,54:52,58:01,1:09:51,1:25:14,2:03:43,6:01:41,1277
26:36,40:38,43:45,54:53,58:03,1:09:52,1:25:16,2:03:46,6:01:52,1276
,40:39,43:46,54:54,58:04,1:09:54,1:25:18,2:03:49,6:02:02,1275
26:37,40:40,43:47,54:56,58:05,1:09:56,1:25:21,2:03:52,6:02:13,1274
,40:41,43:48,54:57,58:07,1:09:58,1:25:23,2:03:56,6:02:23,1273
26:38,40:42,43:49,54:58,58:08,1:09:59,1:25:25,2:03:59,6:02:34,1272
26:39,40:43,43:50,55:00,58:10,1:10:01,1:25:27,2:04:02,6:02:45,1271
,40:44,43:51,55:01,58:11,1:10:03,1:25:29,2:04:05,6:02:55,1270
26:40,40:45,43:52,55:02,58:12,1:10:04,1:25:31,2:04:08,6:03:06,1269
,40:46,43:53,55:04,58:14,1:10:06,1:25:33,2:04:12,6:03:16,1268
26:41,40:47,43:54,55:05,58:15,1:10:08,1:25:35,2:04:15,6:03:27,1267
26:42,40:48,43:55,55:06,58:16,1:10:10,1:25:38,2:04:18,6:03:37,1266
,40:49,43:56,55:08,58:18,1:10:11,1:25:40,2:04:21,6:03:48,1265
26:43,40:50,43:57,55:09,58:19,1:10:13,1:25:42,2:04:25,6:03:59,1264
,40:51,43:58,55:10,58:21,1:10:15,1:25:44,2:04:28,6:04:09,1263
26:44,,43:59,55:11,58:22,1:10:16,1:25:46,2:04:31,6:04:20,1262
26:45,40:52,44:00,55:13,58:23,1:10:18,1:25:48,2:04:34,6:04:30,1261
,40:53,44:01,55:14,58:25,1:10:20,1:25:50,2:04:37,6:04:41,1260
26:46,40:54,44:02,55:15,58:26,1:10:22,1:25:53,2:04:41,6:04:52,1259
26:47,40:55,44:03,55:17,58:28,1:10:23,1:25:55,2:04:44,6:05:02,1258
,40:56,44:04,55:18,58:29,1:10:25,1:25:57,2:04:47,6:05:13,1257
26:48,40:57,44:05,55:19,58:30,1:10:27,1:25:59,2:04:50,6:05:23,1256
,40:58,44:06,55:21,58:32,1:10:28,1:26:01,2:04:54,6:05:34,1255
26:49,40:59,44:07,55:22,58:33,1:10:30,1:26:03,2:04:57,6:05:45,1254
26:50,41:00,44:08,55:23,58:35,1:10:32,1:26:05,2:05:00,6:05:55,1253
,41:01,44:09,55:25,58:36,1:10:34,1:26:07,2:05:03,6:06:06,1252
26:51,41:02,44:10,55:26,58:37,1:10:35,1:26:10,2:05:06,6:06:17,1251
,41:03,44:12,55:27,58:39,1:10:37,1:26:12,2:05:10,6:06:27,1250
26:52,41:04,44:13,55:29,58:40,1:10:39,1:26:14,2:05:13,6:06:38,1249
26:53,41:05,44:14,55:30,58:42,1:10:40,1:26:16,2:05:16,6:06:48,1248
,41:06,44:15,55:31,58:43,1:10:42,1:26:18,2:05:19,6:06:59,1247
26:54,41:07,44:16,55:33,58:44,1:10:44,1:26:20,2:05:23,6:07:10,1246
26:55,41:08,44:17,55:34,58:46,1:10:46,1:26:23,2:05:26,6:07:20,1245
,41:09,44:18,55:35,58:47,1:10:47,1:26:25,2:05:29,6:07:31,1244
26:56,41:10,44:19,55:37,58:49,1:10:49,1:26:27,2:05:32,6:07:42,1243
,41:11,44:20,55:38,58:50,1:10:51,1:26:29,2:05:36,6:07:52,1242
26:57,41:12,44:21,55:39,58:51,1:10:52,1:26:31,2:05:39,6:08:03,1241
26:58,41:13,44:22,55:41,58:53,1:10:54,1:26:33,2:05:42,6:08:14,1240
,41:14,44:23,55:42,58:54,1:10:56,1:26:35,2:05:45,6:08:25,1239
26:59,41:15,44:24,55:43,58:56,1:10:58,1:26:38,2:05:49,6:08:35,1238
,41:16,44:25,55:45,58:57,1:10:59,1:26:40,2:05:52,6:08:46,1237
27:00,,44:26,55:46,58:58,1:11:01,1:26:42,2:05:55,6:08:57,1236
27:01,41:17,44:27,55:47,59:00,1:11:03,1:26:44,2:05:58,6:09:07,1235
,41:18,44:28,55:48,59:01,1:11:05,1:26:46,2:06:02,6:09:18,1234
27:02,41:19,44:29,55:50,59:03,1:11:06,1:26:48,2:06:05,6:09:29,1233
27:03,41:20,44:30,55:51,59:04,1:11:08,1:26:51,2:06:08,6:09:39,1232
,41:21,44:31,55:52,59:06,1:11:10,1:26:53,2:06:11,6:09:50,1231
27:04,41:22,44:32,55:54,59:07,1:11:11,1:26:55,2:06:15,6:10:01,1230
,41:23,44:33,55:55,59:08,1:11:13,1:26:57,2:06:18,6:10:12,1229
27:05,41:24,44:34,55:56,59:10,1:11:15,1:26:59,2:06:21,6:10:22,1228
27:06,41:25,44:36,55:58,59:11,1:11:17,1:27:01,2:06:24,6:10:33,1227
,41:26,44:37,55:59,59:13,1:11:18,1:27:03,2:06:28,6:10:44,1226
27:07,41:27,44:38,56:00,59:14,1:11:20,1:27:06,2:06:31,6:10:55,1225
27:08,41:28,44:39,56:02,59:15,1:11:22,1:27:08,2:06:34,6:11:05,1224
,41:29,44:40,56:03,59:17,1:11:24,1:27:10,2:06:38,6:11:16,1223
27:09,41:30,44:41,56:04,59:18,1:11:25,1:27:12,2:06:41,6:11:27,1222
,41:31,44:42,56:06,59:20,1:11:27,1:27:14,2:06:44,6:11:38,1221
27:10,41:32,44:43,56:07,59:21,1:11:29,1:27:16,2:06:47,6:11:48,1220
27:11,41:33,44:44,56:08,59:22,1:11:31,1:27:19,2:06:51,6:11:59,1219
,41:34,44:45,56:10,59:24,1:11:32,1:27:21,2:06:54,6:12:10,1218
27:12,41:35,44:46,56:11,59:25,1:11:34,1:27:23,2:06:57,6:12:21,1217
27:13,41:36,44:47,56:12,59:27,1:11:36,1:27:25,2:07:00,6:12:32,1216
,41:37,44:48,56:14,59:28,1:11:38,1:27:27,2:07:04,6:12:42,1215
27:14,41:38,44:49,56:15,59:30,1:11:39,1:27:30,2:07:07,6:12:53,1214
,41:39,44:50,56:17,59:31,1:11:41,1:27:32,2:07:10,6:13:04,1213
27:15,41:40,44:51,56:18,59:32,1:11:43,1:27:34,2:07:14,6:13:15,1212
27:16,41:41,44:52,56:19,59:34,1:11:45,1:27:36,2:07:17,6:13:26,1211
,41:42,44:53,56:21,59:35,1:11:46,1:27:38,2:07:20,6:13:36,1210
27:17,41:43,44:54,56:22,59:37,1:11:48,1:27:40,2:07:23,6:13:47,1209
27:18,41:44,44:56,56:23,59:38,1:11:50,1:27:43,2:07:27,6:13:58,1208
,41:45,44:57,56:25,59:40,1:11:52,1:27:45,2:07:30,6:14:09,1207
27:19,41:46,44:58,56:26,59:41,1:11:53,1:27:47,2:07:33,6:14:20,1206
,41:47,44:59,56:27,59:42,1:11:55,1:27:49,2:07:37,6:14:31,1205
27:20,41:48,45:00,56:29,59:44,1:11:57,1:27:51,2:07:40,6:14:41,1204
27:21,41:49,45:01,56:30,59:45,1:11:59,1:27:53,2:07:43,6:14:52,1203
,41:50,45:02,56:31,59:47,1:12:00,1:27:56,2:07:47,6:15:03,1202
27:22,41:51,45:03,56:33,59:48,1:12:02,1:27:58,2:07:50,6:15:14,1201
27:23,41:52,45:04,56:34,59:50,1:12:04,1:28:00,2:07:53,6:15:25,1200
,41:53,45:05,56:35,59:51,1:12:06,1:28:02,2:07:56,6:15:36,1199
27:24,41:54,45:06,56:37,59:52,1:12:07,1:28:04,2:08:00,6:15:47,1198
,41:55,45:07,56:38,59:54,1:12:09,1:28:07,2:08:03,6:15:57,1197
27:25,,45:08,56:39,59:55,1:12:11,1:28:09,2:08:06,6:16:08,1196
27:26,41:56,45:09,56:41,59:57,1:12:13,1:28:11,2:08:10,6:16:19,1195
,41:57,45:10,56:42,59:58,1:12:14,1:28:13,2:08:13,6:16:30,1194
27:27,41:58,45:11,56:43,1:00:00,1:12:16,1:28:15,2:08:16,6:16:41,1193
27:28,41:59,45:13,56:45,1:00:01,1:12:18,1:28:18,2:08:20,6:16:52,1192
,42:00,45:14,56:46,1:00:02,1:12:20,1:28:20,2:08:23,6:17:03,1191
27:29,42:01,45:15,56:47,1:00:04,1:12:21,1:28:22,2:08:26,6:17:14,1190
,42:02,45:16,56:49,1:00:05,1:12:23,1:28:24,2:08:30,6:17:25,1189
27:30,42:03,45:17,56:50,1:00:07,1:12:25,1:28:26,2:08:33,6:17:36,1188
27:31,42:04,45:18,56:52,1:00:08,1:12:27,1:28:29,2:08:36,6:17:46,1187
,42:05,45:19,56:53,1:00:10,1:12:28,1:28:31,2:08:40,6:17:57,1186
27:32,42:06,45:20,56:54,1:00:11,1:12:30,1:28:33,2:08:43,6:18:08,1185
27:33,42:07,45:21,56:56,1:00:12,1:12:32,1:28:35,2:08:46,6:18:19,1184
,42:08,45:22,56:57,1:00:14,1:12:34,1:28:37,2:08:49,6:18:30,1183
27:34,42:09,45:23,56:58,1:00:15,1:12:36,1:28:40,2:08:53,6:18:41,1182
27:35,42:10,45:24,57:00,1:00:17,1:12:37,1:28:42,2:08:56,6:18:52,1181
,42:11,45:25,57:01,1:00:18,1:12:39,1:28:44,2:08:59,6:19:03,1180
27:36,42:12,45:26,57:02,1:00:20,1:12:41,1:28:46,2:09:03,6:19:14,1179
,42:13,45:27,57:04,1:00:21,1:12:43,1:28:48,2:09:06,6:19:25,1178
27:37,42:14,45:29,57:05,1:00:23,1:12:44,1:28:51,2:09:09,6:19:36,1177
27:38,42:15,45:30,57:06,1:00:24,1:12:46,1:28:53,2:09:13,6:19:47,1176
,42:16,45:31,57:08,1:00:25,1:12:48,1:28:55,2:09:16,6:19:58,1175
27:39,42:17,45:32,57:09,1:00:27,1:12:50,1:28:57,2:09:19,6:20:09,1174
27:40,42:18,45:33,57:11,1:00:28,1:12:51,1:28:59,2:09:23,6:20:20,1173
,42:19,45:34,57:12,1:00:30,1:12:53,1:29:02,2:09:26,6:20:31,1172
27:41,42:20,45:35,57:13,1:00:31,1:12:55,1:29:04,2:09:29,6:20:42,1171
,42:21,45:36,57:15,1:00:33,1:12:57,1:29:06,2:09:33,6:20:53,1170
27:42,42:22,45:37,57:16,1:00:34,1:12:59,1:29:08,2:09:36,6:21:04,1169
27:43,42:23,45:38,57:17,1:00:36,1:13:00,1:29:11,2:09:40,6:21:15,1168
,42:24,45:39,57:19,1:00:37,1:13:02,1:29:13,2:09:43,6:21:26,1167
27:44,42:25,45:40,57:20,1:00:38,1:13:04,1:29:15,2:09:46,6:21:37,1166
27:45,42:26,45:41,57:22,1:00:40,1:13:06,1:29:17,2:09:50,6:21:48,1165
,42:27,45:42,57:23,1:00:41,1:13:07,1:29:19,2:09:53,6:21:59,1164
27:46,42:28,45:44,57:24,1:00:43,1:13:09,1:29:22,2:09:56,6:22:10,1163
27:47,42:29,45:45,57:26,1:00:44,1:13:11,1:29:24,2:10:00,6:22:21,1162
,42:30,45:46,57:27,1:00:46,1:13:13,1:29:26,2:10:03,6:22:32,1161
27:48,42:31,45:47,57:28,1:00:47,1:13:15,1:29:28,2:10:06,6:22:43,1160
,42:32,45:48,57:30,1:00:49,1:13:16,1:29:31,2:10:10,6:22:54,1159
27:49,42:33,45:49,57:31,1:00:50,1:13:18,1:29:33,2:10:13,6:23:05,1158
27:50,42:34,45:50,57:32,1:00:52,1:13:20,1:29:35,2:10:16,6:23:16,1157
,42:35,45:51,57:34,1:00:53,1:13:22,1:29:37,2:10:20,6:23:27,1156
27:51,42:36,45:52,57:35,1:00:54,1:13:24,1:29:39,2:10:23,6:23:38,1155
27:52,42:37,45:53,57:37,1:00:56,1:13:25,1:29:42,2:10:27,6:23:50,1154
,42:38,45:54,57:38,1:00:57,1:13:27,1:29:44,2:10:30,6:24:01,1153
27:53,42:39,45:55,57:39,1:00:59,1:13:29,1:29:46,2:10:33,6:24:12,1152
27:54,42:40,45:57,57:41,1:01:00,1:13:31,1:29:48,2:10:37,6:24:23,1151
,42:41,45:58,57:42,1:01:02,1:13:32,1:29:51,2:10:40,6:24:34,1150
27:55,42:42,45:59,57:43,1:01:03,1:13:34,1:29:53,2:10:43,6:24:45,1149
27:56,42:43,46:00,57:45,1:01:05,1:13:36,1:29:55,2:10:47,6:24:56,1148
,42:44,46:01,57:46,1:01:06,1:13:38,1:29:57,2:10:50,6:25:07,1147
27:57,42:45,46:02,57:48,1:01:08,1:13:40,1:30:00,2:10:54,6:25:18,1146
,42:46,46:03,57:49,1:01:09,1:13:41,1:30:02,2:10:57,6:25:29,1145
27:58,42:47,46:04,57:50,1:01:11,1:13:43,1:30:04,2:11:00,6:25:41,1144
27:59,42:48,46:05,57:52,1:01:12,1:13:45,1:30:06,2:11:04,6:25:52,1143
,42:49,46:06,57:53,1:01:13,1:13:47,1:30:09,2:11:07,6:26:03,1142
28:00,42:50,46:07,57:55,1:01:15,1:13:49,1:30:11,2:11:10,6:26:14,1141
28:01,42:51,46:08,57:56,1:01:16,1:13:50,1:30:13,2:11:14,6:26:25,1140
,42:52,46:10,57:57,1:01:18,1:13:52,1:30:15,2:11:17,6:26:36,1139
28:02,42:53,46:11,57:59,1:01:19,1:13:54,1:30:17,2:11:21,6:26:47,1138
28:03,42:54,46:12,58:00,1:01:21,1:13:56,1:30:20,2:11:24,6:26:59,1137
,42:55,46:13,58:01,1:01:22,1:13:58,1:30:22,2:11:27,6:27:10,1136
28:04,42:56,46:14,58:03,1:01:24,1:13:59,1:30:24,2:11:31,6:27:21,1135
28:05,42:57,46:15,58:04,1:01:25,1:14:01,1:30:26,2:11:34,6:27:32,1134
,42:58,46:16,58:06,1:01:27,1:14:03,1:30:29,2:11:38,6:27:43,1133
28:06,42:59,46:17,58:07,1:01:28,1:14:05,1:30:31,2:11:41,6:27:54,1132
,43:00,46:18,58:08,1:01:30,1:14:07,1:30:33,2:11:44,6:28:06,1131
28:07,43:01,46:19,58:10,1:01:31,1:14:08,1:30:35,2:11:48,6:28:17,1130
28:08,43:02,46:20,58:11,1:01:33,1:14:10,1:30:38,2:11:51,6:28:28,1129
,43:03,46:22,58:13,1:01:34,1:14:12,1:30:40,2:11:55,6:28:39,1128
28:09,43:04,46:23,58:14,1:01:35,1:14:14,1:30:42,2:11:58,6:28:50,1127
28:10,43:05,46:24,58:15,1:01:37,1:14:16,1:30:45,2:12:01,6:29:02,1126
,43:06,46:25,58:17,1:01:38,1:14:18,1:30:47,2:12:05,6:29:13,1125
28:11,43:07,46:26,58:18,1:01:40,1:14:19,1:30:49,2:12:08,6:29:24,1124
28:12,43:08,46:27,58:19,1:01:41,1:14:21,1:30:51,2:12:12,6:29:35,1123
,43:09,46:28,58:21,1:01:43,1:14:23,1:30:54,2:12:15,6:29:47,1122
28:13,43:10,46:29,58:22,1:01:44,1:14:25,1:30:56,2:12:18,6:29:58,1121
28:14,43:11,46:30,58:24,1:01:46,1:14:27,1:30:58,2:12:22,6:30:09,1120
,43:12,46:31,58:25,1:01:47,1:14:28,1:31:00,2:12:25,6:30:20,1119
28:15,43:13,46:33,58:26,1:01:49,1:14:30,1:31:03,2:12:29,6:30:32,1118
28:16,43:15,46:34,58:28,1:01:50,1:14:32,1:31:05,2:12:32,6:30:43,1117
,43:16,46:35,58:29,1:01:52,1:14:34,1:31:07,2:12:36,6:30:54,1116
28:17,43:17,46:36,58:31,1:01:53,1:14:36,1:31:09,2:12:39,6:31:05,1115
28:18,43:18,46:37,58:32,1:01:55,1:14:38,1:31:12,2:12:42,6:31:17,1114
,43:19,46:38,58:33,1:01:56,1:14:39,1:31:14,2:12:46,6:31:28,1113
28:19,43:20,46:39,58:35,1:01:58,1:14:41,1:31:16,2:12:49,6:31:39,1112
,43:21,46:40,58:36,1:01:59,1:14:43,1:31:19,2:12:53,6:31:50,1111
28:20,43:22,46:41,58:38,1:02:01,1:14:45,1:31:21,2:12:56,6:32:02,1110
28:21,43:23,46:42,58:39,1:02:02,1:14:47,1:31:23,2:13:00,6:32:13,1109
,43:24,46:44,58:40,1:02:04,1:14:48,1:31:25,2:13:03,6:32:24,1108
28:22,43:25,46:45,58:42,1:02:05,1:14:50,1:31:28,2:13:06,6:32:36,1107
28:23,43:26,46:46,58:43,1:02:07,1:14:52,1:31:30,2:13:10,6:32:47,1106
,43:27,46:47,58:45,1:02:08,1:14:54,1:31:32,2:13:13,6:32:58,1105
28:24,43:28,46:48,58:46,1:02:10,1:14:56,1:31:34,2:13:17,6:33:10,1104
28:25,43:29,46:49,58:47,1:02:11,1:14:58,1:31:37,2:13:20,6:33:21,1103
,43:30,46:50,58:49,1:02:13,1:14:59,1:31:39,2:13:24,6:33:32,1102
28:26,43:31,46:51,58:50,1:02:14,1:15:01,1:31:41,2:13:27,6:33:44,1101
28:27,43:32,46:52,58:52,1:02:16,1:15:03,1:31:44,2:13:31,6:33:55,1100
,43:33,46:53,58:53,1:02:17,1:15:05,1:31:46,2:13:34,6:34:06,1099
28:28,43:34,46:55,58:55,1:02:19,1:15:07,1:31:48,2:13:37,6:34:18,1098
28:29,43:35,46:56,58:56,1:02:20,1:15:09,1:31:50,2:13:41,6:34:29,1097
,43:36,46:57,58:57,1:02:22,1:15:10,1:31:53,2:13:44,6:34:40,1096
28:30,43:37,46:58,58:59,1:02:23,1:15:12,1:31:55,2:13:48,6:34:52,1095
28:31,43:38,46:59,59:00,1:02:25,1:15:14,1:31:57,2:13:51,6:35:03,1094
,43:39,47:00,59:02,1:02:26,1:15:16,1:32:00,2:13:55,6:35:14,1093
28:32,43:40,47:01,59:03,1:02:28,1:15:18,1:32:02,2:13:58,6:35:26,1092
28:33,43:41,47:02,59:04,1:02:29,1:15:20,1:32:04,2:14:02,6:35:37,1091
,43:42,47:03,59:06,1:02:31,1:15:21,1:32:06,2:14:05,6:35:49,1090
28:34,43:43,47:05,59:07,1:02:32,1:15:23,1:32:09,2:14:09,6:36:00,1089
28:35,43:44,47:06,59:09,1:02:34,1:15:25,1:32:11,2:14:12,6:36:11,1088
,43:45,47:07,59:10,1:02:35,1:15:27,1:32:13,2:14:16,6:36:23,1087
28:36,43:46,47:08,59:11,1:02:37,1:15:29,1:32:16,2:14:19,6:36:34,1086
28:37,43:47,47:09,59:13,1:02:38,1:15:31,1:32:18,2:14:23,6:36:46,1085
,43:48,47:10,59:14,1:02:40,1:15:33,1:32:20,2:14:26,6:36:57,1084
28:38,43:49,47:11,59:16,1:02:41,1:15:34,1:32:23,2:14:29,6:37:09,1083
28:39,43:50,47:12,59:17,1:02:43,1:15:36,1:32:25,2:14:33,6:37:20,1082
,43:51,47:14,59:19,1:02:44,1:15:38,1:32:27,2:14:36,6:37:31,1081
28:40,43:52,47:15,59:20,1:02:46,1:15:40,1:32:29,2:14:40,6:37:43,1080
28:41,43:54,47:16,59:21,1:02:47,1:15:42,1:32:32,2:14:43,6:37:54,1079
,43:55,47:17,59:23,1:02:49,1:15:44,1:32:34,2:14:47,6:38:06,1078
28:42,43:56,47:18,59:24,1:02:50,1:15:45,1:32:36,2:14:50,6:38:17,1077
28:43,43:57,47:19,59:26,1:02:52,1:15:47,1:32:39,2:14:54,6:38:29,1076
,43:58,47:20,59:27,1:02:53,1:15:49,1:32:41,2:14:57,6:38:40,1075
28:44,43:59,47:21,59:29,1:02:55,1:15:51,1:32:43,2:15:01,6:38:52,1074
28:45,44:00,47:22,59:30,1:02:56,1:15:53,1:32:46,2:15:04,6:39:03,1073
,44:01,47:24,59:31,1:02:58,1:15:55,1:32:48,2:15:08,6:39:15,1072
28:46,44:02,47:25,59:33,1:02:59,1:15:57,1:32:50,2:15:11,6:39:26,1071
,44:03,47:26,59:34,1:03:01,1:15:58,1:32:53,2:15:15,6:39:38,1070
28:47,44:04,47:27,59:36,1:03:02,1:16:00,1:32:55,2:15:18,6:39:49,1069
28:48,44:05,47:28,59:37,1:03:04,1:16:02,1:32:57,2:15:22,6:40:01,1068
,44:06,47:29,59:38,1:03:05,1:16:04,1:33:00,2:15:25,6:40:12,1067
28:49,44:07,47:30,59:40,1:03:07,1:16:06,1:33:02,2:15:29,6:40:24,1066
28:50,44:08,47:31,59:41,1:03:08,1:16:08,1:33:04,2:15:32,6:40:35,1065
,44:09,47:33,59:43,1:03:10,1:16:10,1:33:07,2:15:36,6:40:47,1064
28:51,44:10,47:34,59:44,1:03:11,1:16:12,1:33:09,2:15:39,6:40:58,1063
28:52,44:11,47:35,59:46,1:03:13,1:16:13,1:33:11,2:15:43,6:41:10,1062
,44:12,47:36,59:47,1:03:14,1:16:15,1:33:13,2:15:46,6:41:21,1061
28:53,44:13,47:37,59:49,1:03:16,1:16:17,1:33:16,2:15:50,6:41:33,1060
28:54,44:14,47:38,59:50,1:03:17,1:16:19,1:33:18,2:15:53,6:41:45,1059
,44:15,47:39,59:51,1:03:19,1:16:21,1:33:20,2:15:57,6:41:56,1058
28:55,44:16,47:40,59:53,1:03:20,1:16:23,1:33:23,2:16:00,6:42:08,1057
28:56,44:17,47:42,59:54,1:03:22,1:16:25,1:33:25,2:16:04,6:42:19,1056
28:57,44:18,47:43,59:56,1:03:23,1:16:26,1:33:27,2:16:07,6:42:31,1055
,44:20,47:44,59:57,1:03:25,1:16:28,1:33:30,2:16:11,6:42:42,1054
28:58,44:21,47:45,59:59,1:03:26,1:16:30,1:33:32,2:16:14,6:42:54,1053
28:59,44:22,47:46,1:00:00,1:03:28,1:16:32,1:33:34,2:16:18,6:43:06,1052
,44:23,47:47,1:00:01,1:03:30,1:16:34,1:33:37,2:16:22,6:43:17,1051
29:00,44:24,47:48,1:00:03,1:03:31,1:16:36,1:33:39,2:16:25,6:43:29,1050
29:01,44:25,47:50,1:00:04,1:03:33,1:16:38,1:33:41,2:16:29,6:43:41,1049
,44:26,47:51,1:00:06,1:03:34,1:16:40,1:33:44,2:16:32,6:43:52,1048
29:02,44:27,47:52,1:00:07,1:03:36,1:16:41,1:33:46,2:16:36,6:44:04,1047
29:03,44:28,47:53,1:00:09,1:03:37,1:16:43,1:33:49,2:16:39,6:44:15,1046
,44:29,47:54,1:00:10,1:03:39,1:16:45,1:33:51,2:16:43,6:44:27,1045
29:04,44:30,47:55,1:00:12,1:03:40,1:16:47,1:33:53,2:16:46,6:44:39,1044
29:05,44:31,47:56,1:00:13,1:03:42,1:16:49,1:33:56,2:16:50,6:44:50,1043
,44:32,47:58,1:00:14,1:03:43,1:16:51,1:33:58,2:16:53,6:45:02,1042
29:06,44:33,47:59,1:00:16,1:03:45,1:16:53,1:34:00,2:16:57,6:45:14,1041
29:07,44:34,48:00,1:00:17,1:03:46,1:16:55,1:34:03,2:17:00,6:45:25,1040
,44:35,48:01,1:00:19,1:03:48,1:16:57,1:34:05,2:17:04,6:45:37,1039
29:08,44:36,48:02,1:00:20,1:03:49,1:16:58,1:34:07,2:17:08,6:45:49,1038
29:09,44:37,48:03,1:00:22,1:03:51,1:17:00,1:34:10,2:17:11,6:46:00,1037
,44:38,48:04,1:00:23,1:03:53,1:17:02,1:34:12,2:17:15,6:46:12,1036
29:10,44:40,48:05,1:00:25,1:03:54,1:17:04,1:34:14,2:17:18,6:46:24,1035
29:11,44:41,48:07,1:00:26,1:03:56,1:17:06,1:34:17,2:17:22,6:46:35,1034
,44:42,48:08,1:00:27,1:03:57,1:17:08,1:34:19,2:17:25,6:46:47,1033
29:12,44:43,48:09,1:00:29,1:03:59,1:17:10,1:34:21,2:17:29,6:46:59,1032
29:13,44:44,48:10,1:00:30,1:04:00,1:17:12,1:34:24,2:17:32,6:47:11,1031
,44:45,48:11,1:00:32,1:04:02,1:17:14,1:34:26,2:17:36,6:47:22,1030
29:14,44:46,48:12,1:00:33,1:04:03,1:17:15,1:34:29,2:17:40,6:47:34,1029
29:15,44:47,48:13,1:00:35,1:04:05,1:17:17,1:34:31,2:17:43,6:47:46,1028
,44:48,48:15,1:00:36,1:04:06,1:17:19,1:34:33,2:17:47,6:47:58,1027
29:16,44:49,48:16,1:00:38,1:04:08,1:17:21,1:34:36,2:17:50,6:48:09,1026
29:17,44:50,48:17,1:00:39,1:04:09,1:17:23,1:34:38,2:17:54,6:48:21,1025
,44:51,48:18,1:00:41,1:04:11,1:17:25,1:34:40,2:17:57,6:48:33,1024
29:18,44:52,48:19,1:00:42,1:04:13,1:17:27,1:34:43,2:18:01,6:48:45,1023
29:19,44:53,48:20,1:00:44,1:04:14,1:17:29,1:34:45,2:18:05,6:48:56,1022
,44:54,48:22,1:00:45,1:04:16,1:17:31,1:34:47,2:18:08,6:49:08,1021
29:20,44:55,48:23,1:00:46,1:04:17,1:17:33,1:34:50,2:18:12,6:49:20,1020
29:21,44:57,48:24,1:00:48,1:04:19,1:17:34,1:34:52,2:18:15,6:49:32,1019
29:22,44:58,48:25,1:00:49,1:04:20,1:17:36,1:34:55,2:18:19,6:49:43,1018
,44:59,48:26,1:00:51,1:04:22,1:17:38,1:34:57,2:18:23,6:49:55,1017
29:23,45:00,48:27,1:00:52,1:04:23,1:17:40,1:34:59,2:18:26,6:50:07,1016
29:24,45:01,48:28,1:00:54,1:04:25,1:17:42,1:35:02,2:18:30,6:50:19,1015
,45:02,48:30,1:00:55,1:04:27,1:17:44,1:35:04,2:18:33,6:50:31,1014
29:25,45:03,48:31,1:00:57,1:04:28,1:17:46,1:35:06,2:18:37,6:50:43,1013
29:26,45:04,48:32,1:00:58,1:04:30,1:17:48,1:35:09,2:18:40,6:50:54,1012
,45:05,48:33,1:01:00,1:04:31,1:17:50,1:35:11,2:18:44,6:51:06,1011
29:27,45:06,48:34,1:01:01,1:04:33,1:17:52,1:35:14,2:18:48,6:51:18,1010
29:28,45:07,48:35,1:01:03,1:04:34,1:17:54,1:35:16,2:18:51,6:51:30,1009
,45:08,48:37,1:01:04,1:04:36,1:17:55,1:35:18,2:18:55,6:51:42,1008
29:29,45:09,48:38,1:01:05,1:04:37,1:17:57,1:35:21,2:18:58,6:51:54,1007
29:30,45:10,48:39,1:01:07,1:04:39,1:17:59,1:35:23,2:19:02,6:52:05,1006
,45:11,48:40,1:01:08,1:04:41,1:18:01,1:35:26,2:19:06,6:52:17,1005
29:31,45:13,48:41,1:01:10,1:04:42,1:18:03,1:35:28,2:19:09,6:52:29,1004
29:32,45:14,48:42,1:01:11,1:04:44,1:18:05,1:35:30,2:19:13,6:52:41,1003
,45:15,48:43,1:01:13,1:04:45,1:18:07,1:35:33,2:19:17,6:52:53,1002
29:33,45:16,48:45,1:01:14,1:04:47,1:18:09,1:35:35,2:19:20,6:53:05,1001
29:34,45:17,48:46,1:01:16,1:04:48,1:18:11,1:35:38,2:19:24,6:53:17,1000
29:35,45:18,48:47,1:01:17,1:04:50,1:18:13,1:35:40,2:19:27,6:53:29,999
,45:19,48:48,1:01:19,1:04:52,1:18:15,1:35:42,2:19:31,6:53:41,998
29:36,45:20,48:49,1:01:20,1:04:53,1:18:17,1:35:45,2:19:35,6:53:52,997
29:37,45:21,48:50,1:01:22,1:04:55,1:18:18,1:35:47,2:19:38,6:54:04,996
,45:22,48:52,1:01:23,1:04:56,1:18:20,1:35:50,2:19:42,6:54:16,995
29:38,45:23,48:53,1:01:25,1:04:58,1:18:22,1:35:52,2:19:45,6:54:28,994
29:39,45:24,48:54,1:01:26,1:04:59,1:18:24,1:35:54,2:19:49,6:54:40,993
,45:25,48:55,1:01:28,1:05:01,1:18:26,1:35:57,2:19:53,6:54:52,992
29:40,45:27,48:56,1:01:29,1:05:03,1:18:28,1:35:59,2:19:56,6:55:04,991
29:41,45:28,48:57,1:01:31,1:05:04,1:18:30,1:36:02,2:20:00,6:55:16,990
,45:29,48:59,1:01:32,1:05:06,1:18:32,1:36:04,2:20:04,6:55:28,989
29:42,45:30,49:00,1:01:34,1:05:07,1:18:34,1:36:06,2:20:07,6:55:40,988
29:43,45:31,49:01,1:01:35,1:05:09,1:18:36,1:36:09,2:20:11,6:55:52,987
,45:32,49:02,1:01:37,1:05:10,1:18:38,1:36:11,2:20:15,6:56:04,986
29:44,45:33,49:03,1:01:38,1:05:12,1:18:40,1:36:14,2:20:18,6:56:16,985
29:45,45:34,49:04,1:01:40,1:05:14,1:18:42,1:36:16,2:20:22,6:56:28,984
29:46,45:35,49:06,1:01:41,1:05:15,1:18:44,1:36:18,2:20:26,6:56:40,983
,45:36,49:07,1:01:43,1:05:17,1:18:46,1:36:21,2:20:29,6:56:52,982
29:47,45:37,49:08,1:01:44,1:05:18,1:18:47,1:36:23,2:20:33,6:57:04,981
29:48,45:38,49:09,1:01:45,1:05:20,1:18:49,1:36:26,2:20:36,6:57:16,980
,45:40,49:10,1:01:47,1:05:21,1:18:51,1:36:28,2:20:40,6:57:28,979
29:49,45:41,49:12,1:01:48,1:05:23,1:18:53,1:36:31,2:20:44,6:57:40,978
29:50,45:42,49:13,1:01:50,1:05:25,1:18:55,1:36:33,2:20:47,6:57:52,977
,45:43,49:14,1:01:51,1:05:26,1:18:57,1:36:35,2:20:51,6:58:04,976
29:51,45:44,49:15,1:01:53,1:05:28,1:18:59,1:36:38,2:20:55,6:58:16,975
29:52,45:45,49:16,1:01:54,1:05:29,1:19:01,1:36:40,2:20:58,6:58:28,974
29:53,45:46,49:17,1:01:56,1:05:31,1:19:03,1:36:43,2:21:02,6:58:40,973
,45:47,49:19,1:01:57,1:05:33,1:19:05,1:36:45,2:21:06,6:58:52,972
29:54,45:48,49:20,1:01:59,1:05:34,1:19:07,1:36:48,2:21:09,6:59:04,971
29:55,45:49,49:21,1:02:00,1:05:36,1:19:09,1:36:50,2:21:13,6:59:16,970
,45:50,49:22,1:02:02,1:05:37,1:19:11,1:36:52,2:21:17,6:59:29,969
29:56,45:52,49:23,1:02:03,1:05:39,1:19:13,1:36:55,2:21:20,6:59:41,968
29:57,45:53,49:24,1:02:05,1:05:40,1:19:15,1:36:57,2:21:24,6:59:53,967
,45:54,49:26,1:02:06,1:05:42,1:19:17,1:37:00,2:21:28,7:00:05,966
29:58,45:55,49:27,1:02:08,1:05:44,1:19:19,1:37:02,2:21:32,7:00:17,965
29:59,45:56,49:28,1:02:09,1:05:45,1:19:21,1:37:05,2:21:35,7:00:29,964
30:00,45:57,49:29,1:02:11,1:05:47,1:19:23,1:37:07,2:21:39,7:00:41,963
,45:58,49:30,1:02:12,1:05:48,1:19:25,1:37:09,2:21:43,7:00:53,962
30:01,45:59,49:32,1:02:14,1:05:50,1:19:26,1:37:12,2:21:46,7:01:05,961
30:02,46:00,49:33,1:02:15,1:05:52,1:19:28,1:37:14,2:21:50,7:01:18,960
,46:01,49:34,1:02:17,1:05:53,1:19:30,1:37:17,2:21:54,7:01:30,959
30:03,46:02,49:35,1:02:18,1:05:55,1:19:32,1:37:19,2:21:57,7:01:42,958
30:04,46:04,49:36,1:02:20,1:05:56,1:19:34,1:37:22,2:22:01,7:01:54,957
,46:05,49:37,1:02:21,1:05:58,1:19:36,1:37:24,2:22:05,7:02:06,956
30:05,46:06,49:39,1:02:23,1:06:00,1:19:38,1:37:27,2:22:08,7:02:18,955
30:06,46:07,49:40,1:02:25,1:06:01,1:19:40,1:37:29,2:22:12,7:02:31,954
30:07,46:08,49:41,1:02:26,1:06:03,1:19:42,1:37:32,2:22:16,7:02:43,953
,46:09,49:42,1:02:28,1:06:04,1:19:44,1:37:34,2:22:20,7:02:55,952
30:08,46:10,49:43,1:02:29,1:06:06,1:19:46,1:37:36,2:22:23,7:03:07,951
30:09,46:11,49:45,1:02:31,1:06:08,1:19:48,1:37:39,2:22:27,7:03:19,950
,46:12,49:46,1:02:32,1:06:09,1:19:50,1:37:41,2:22:31,7:03:32,949
30:10,46:14,49:47,1:02:34,1:06:11,1:19:52,1:37:44,2:22:34,7:03:44,948
30:11,46:15,49:48,1:02:35,1:06:12,1:19:54,1:37:46,2:22:38,7:03:56,947
,46:16,49:49,1:02:37,1:06:14,1:19:56,1:37:49,2:22:42,7:04:08,946
30:12,46:17,49:51,1:02:38,1:06:16,1:19:58,1:37:51,2:22:46,7:04:21,945
30:13,46:18,49:52,1:02:40,1:06:17,1:20:00,1:37:54,2:22:49,7:04:33,944
30:14,46:19,49:53,1:02:41,1:06:19,1:20:02,1:37:56,2:22:53,7:04:45,943
,46:20,49:54,1:02:43,1:06:21,1:20:04,1:37:59,2:22:57,7:04:57,942
30:15,46:21,49:55,1:02:44,1:06:22,1:20:06,1:38:01,2:23:00,7:05:10,941
30:16,46:22,49:57,1:02:46,1:06:24,1:20:08,1:38:04,2:23:04,7:05:22,940
,46:23,49:58,1:02:47,1:06:25,1:20:10,1:38:06,2:23:08,7:05:34,939
30:17,46:25,49:59,1:02:49,1:06:27,1:20:12,1:38:08,2:23:12,7:05:46,938
30:18,46:26,50:00,1:02:50,1:06:29,1:20:14,1:38:11,2:23:15,7:05:59,937
30:19,46:27,50:01,1:02:52,1:06:30,1:20:16,1:38:13,2:23:19,7:06:11,936
,46:28,50:03,1:02:53,1:06:32,1:20:18,1:38:16,2:23:23,7:06:23,935
30:20,46:29,50:04,1:02:55,1:06:33,1:20:20,1:38:18,2:23:27,7:06:36,934
30:21,46:30,50:05,1:02:56,1:06:35,1:20:22,1:38:21,2:23:30,7:06:48,933
,46:31,50:06,1:02:58,1:06:37,1:20:24,1:38:23,2:23:34,7:07:00,932
30:22,46:32,50:07,1:02:59,1:06:38,1:20:26,1:38:26,2:23:38,7:07:13,931
30:23,46:33,50:09,1:03:01,1:06:40,1:20:28,1:38:28,2:23:42,7:07:25,930
30:24,46:35,50:10,1:03:03,1:06:42,1:20:30,1:38:31,2:23:45,7:07:37,929
,46:36,50:11,1:03:04,1:06:43,1:20:32,1:38:33,2:23:49,7:07:50,928
30:25,46:37,50:12,1:03:06,1:06:45,1:20:34,1:38:36,2:23:53,7:08:02,927
30:26,46:38,50:13,1:03:07,1:06:46,1:20:36,1:38:38,2:23:57,7:08:14,926
,46:39,50:15,1:03:09,1:06:48,1:20:38,1:38:41,2:24:00,7:08:27,925
30:27,46:40,50:16,1:03:10,1:06:50,1:20:40,1:38:43,2:24:04,7:08:39,924
30:28,46:41,50:17,1:03:12,1:06:51,1:20:42,1:38:46,2:24:08,7:08:51,923
30:29,46:42,50:18,1:03:13,1:06:53,1:20:44,1:38:48,2:24:12,7:09:04,922
,46:44,50:19,1:03:15,1:06:55,1:20:46,1:38:51,2:24:15,7:09:16,921
30:30,46:45,50:21,1:03:16,1:06:56,1:20:48,1:38:53,2:24:19,7:09:29,920
30:31,46:46,50:22,1:03:18,1:06:58,1:20:50,1:38:56,2:24:23,7:09:41,919
,46:47,50:23,1:03:19,1:07:00,1:20:52,1:38:58,2:24:27,7:09:54,918
30:32,46:48,50:24,1:03:21,1:07:01,1:20:54,1:39:01,2:24:31,7:10:06,917
30:33,46:49,50:26,1:03:23,1:07:03,1:20:56,1:39:03,2:24:34,7:10:18,916
30:34,46:50,50:27,1:03:24,1:07:04,1:20:58,1:39:06,2:24:38,7:10:31,915
,46:51,50:28,1:03:26,1:07:06,1:21:00,1:39:08,2:24:42,7:10:43,914
30:35,46:53,50:29,1:03:27,1:07:08,1:21:02,1:39:11,2:24:46,7:10:56,913
30:36,46:54,50:30,1:03:29,1:07:09,1:21:04,1:39:13,2:24:49,7:11:08,912
,46:55,50:32,1:03:30,1:07:11,1:21:06,1:39:16,2:24:53,7:11:21,911
30:37,46:56,50:33,1:03:32,1:07:13,1:21:08,1:39:18,2:24:57,7:11:33,910
30:38,46:57,50:34,1:03:33,1:07:14,1:21:10,1:39:21,2:25:01,7:11:46,909
30:39,46:58,50:35,1:03:35,1:07:16,1:21:12,1:39:23,2:25:05,7:11:58,908
,46:59,50:36,1:03:36,1:07:18,1:21:14,1:39:26,2:25:08,7:12:11,907
30:40,47:00,50:38,1:03:38,1:07:19,1:21:16,1:39:28,2:25:12,7:12:23,906
30:41,47:02,50:39,1:03:40,1:07:21,1:21:18,1:39:31,2:25:16,7:12:36,905
30:42,47:03,50:40,1:03:41,1:07:22,1:21:20,1:39:33,2:25:20,7:12:48,904
,47:04,50:41,1:03:43,1:07:24,1:21:22,1:39:36,2:25:24,7:13:01,903
30:43,47:05,50:43,1:03:44,1:07:26,1:21:24,1:39:38,2:25:27,7:13:13,902
30:44,47:06,50:44,1:03:46,1:07:27,1:21:26,1:39:41,2:25:31,7:13:26,901
,47:07,50:45,1:03:47,1:07:29,1:21:28,1:39:43,2:25:35,7:13:38,900
30:45,47:08,50:46,1:03:49,1:07:31,1:21:30,1:39:46,2:25:39,7:13:51,899
30:46,47:09,50:47,1:03:50,1:07:32,1:21:32,1:39:49,2:25:43,7:14:03,898
30:47,47:11,50:49,1:03:52,1:07:34,1:21:34,1:39:51,2:25:47,7:14:16,897
,47:12,50:50,1:03:54,1:07:36,1:21:36,1:39:54,2:25:50,7:14:28,896
30:48,47:13,50:51,1:03:55,1:07:37,1:21:38,1:39:56,2:25:54,7:14:41,895
30:49,47:14,50:52,1:03:57,1:07:39,1:21:40,1:39:59,2:25:58,7:14:54,894
30:50,47:15,50:54,1:03:58,1:07:41,1:21:42,1:40:01,2:26:02,7:15:06,893
,47:16,50:55,1:04:00,1:07:42,1:21:44,1:40:04,2:26:06,7:15:19,892
30:51,47:17,50:56,1:04:01,1:07:44,1:21:46,1:40:06,2:26:09,7:15:31,891
30:52,47:19,50:57,1:04:03,1:07:46,1:21:48,1:40:09,2:26:13,7:15:44,890
,47:20,50:59,1:04:05,1:07:47,1:21:50,1:40:11,2:26:17,7:15:57,889
30:53,47:21,51:00,1:04:06,1:07:49,1:21:52,1:40:14,2:26:21,7:16:09,888
30:54,47:22,51:01,1:04:08,1:07:51,1:21:55,1:40:16,2:26:25,7:16:22,887
30:55,47:23,51:02,1:04:09,1:07:52,1:21:57,1:40:19,2:26:29,7:16:35,886
,47:24,51:03,1:04:11,1:07:54,1:21:59,1:40:22,2:26:33,7:16:47,885
30:56,47:25,51:05,1:04:12,1:07:56,1:22:01,1:40:24,2:26:36,7:17:00,884
30:57,47:27,51:06,1:04:14,1:07:57,1:22:03,1:40:27,2:26:40,7:17:12,883
30:58,47:28,51:07,1:04:15,1:07:59,1:22:05,1:40:29,2:26:44,7:17:25,882
,47:29,51:08,1:04:17,1:08:01,1:22:07,1:40:32,2:26:48,7:17:38,881
30:59,47:30,51:10,1:04:19,1:08:02,1:22:09,1:40:34,2:26:52,7:17:51,880
31:00,47:31,51:11,1:04:20,1:08:04,1:22:11,1:40:37,2:26:56,7:18:03,879
,47:32,51:12,1:04:22,1:08:06,1:22:13,1:40:39,2:26:59,7:18:16,878
31:01,47:33,51:13,1:04:23,1:08:07,1:22:15,1:40:42,2:27:03,7:18:29,877
31:02,47:35,51:15,1:04:25,1:08:09,1:22:17,1:40:45,2:27:07,7:18:41,876
31:03,47:36,51:16,1:04:27,1:08:11,1:22:19,1:40:47,2:27:11,7:18:54,875
,47:37,51:17,1:04:28,1:08:12,1:22:21,1:40:50,2:27:15,7:19:07,874
31:04,47:38,51:18,1:04:30,1:08:14,1:22:23,1:40:52,2:27:19,7:19:20,873
31:05,47:39,51:20,1:04:31,1:08:16,1:22:25,1:40:55,2:27:23,7:19:32,872
31:06,47:40,51:21,1:04:33,1:08:17,1:22:27,1:40:57,2:27:27,7:19:45,871
,47:41,51:22,1:04:34,1:08:19,1:22:29,1:41:00,2:27:30,7:19:58,870
31:07,47:43,51:23,1:04:36,1:08:21,1:22:31,1:41:02,2:27:34,7:20:11,869
31:08,47:44,51:25,1:04:38,1:08:22,1:22:33,1:41:05,2:27:38,7:20:23,868
31:09,47:45,51:26,1:04:39,1:08:24,1:22:36,1:41:08,2:27:42,7:20:36,867
,47:46,51:27,1:04:41,1:08:26,1:22:38,1:41:10,2:27:46,7:20:49,866
31:10,47:47,51:28,1:04:42,1:08:27,1:22:40,1:41:13,2:27:50,7:21:02,865
31:11,47:48,51:30,1:04:44,1:08:29,1:22:42,1:41:15,2:27:54,7:21:14,864
31:12,47:50,51:31,1:04:46,1:08:31,1:22:44,1:41:18,2:27:58,7:21:27,863
,47:51,51:32,1:04:47,1:08:32,1:22:46,1:41:21,2:28:02,7:21:40,862
31:13,47:52,51:33,1:04:49,1:08:34,1:22:48,1:41:23,2:28:05,7:21:53,861
31:14,47:53,51:35,1:04:50,1:08:36,1:22:50,1:41:26,2:28:09,7:22:06,860
,47:54,51:36,1:04:52,1:08:38,1:22:52,1:41:28,2:28:13,7:22:19,859
31:15,47:55,51:37,1:04:53,1:08:39,1:22:54,1:41:31,2:28:17,7:22:31,858
31:16,47:57,51:38,1:04:55,1:08:41,1:22:56,1:41:33,2:28:21,7:22:44,857
31:17,47:58,51:40,1:04:57,1:08:43,1:22:58,1:41:36,2:28:25,7:22:57,856
,47:59,51:41,1:04:58,1:08:44,1:23:00,1:41:39,2:28:29,7:23:10,855
31:18,48:00,51:42,1:05:00,1:08:46,1:23:03,1:41:41,2:28:33,7:23:23,854
31:19,48:01,51:43,1:05:01,1:08:48,1:23:05,1:41:44,2:28:37,7:23:36,853
31:20,48:02,51:45,1:05:03,1:08:49,1:23:07,1:41:46,2:28:41,7:23:49,852
,48:04,51:46,1:05:05,1:08:51,1:23:09,1:41:49,2:28:45,7:24:02,851
31:21,48:05,51:47,1:05:06,1:08:53,1:23:11,1:41:52,2:28:48,7:24:14,850
31:22,48:06,51:48,1:05:08,1:08:54,1:23:13,1:41:54,2:28:52,7:24:27,849
31:23,48:07,51:50,1:05:09,1:08:56,1:23:15,1:41:57,2:28:56,7:24:40,848
,48:08,51:51,1:05:11,1:08:58,1:23:17,1:41:59,2:29:00,7:24:53,847
31:24,48:09,51:52,1:05:13,1:09:00,1:23:19,1:42:02,2:29:04,7:25:06,846
31:25,48:11,51:53,1:05:14,1:09:01,1:23:21,1:42:05,2:29:08,7:25:19,845
31:26,48:12,51:55,1:05:16,1:09:03,1:23:23,1:42:07,2:29:12,7:25:32,844
,48:13,51:56,1:05:17,1:09:05,1:23:25,1:42:10,2:29:16,7:25:45,843
31:27,48:14,51:57,1:05:19,1:09:06,1:23:28,1:42:12,2:29:20,7:25:58,842
31:28,48:15,51:59,1:05:21,1:09:08,1:23:30,1:42:15,2:29:24,7:26:11,841
31:29,48:16,52:00,1:05:22,1:09:10,1:23:32,1:42:18,2:29:28,7:26:24,840
,48:18,52:01,1:05:24,1:09:11,1:23:34,1:42:20,2:29:32,7:26:37,839
31:30,48:19,52:02,1:05:26,1:09:13,1:23:36,1:42:23,2:29:36,7:26:50,838
31:31,48:20,52:04,1:05:27,1:09:15,1:23:38,1:42:26,2:29:40,7:27:03,837
31:32,48:21,52:05,1:05:29,1:09:17,1:23:40,1:42:28,2:29:44,7:27:16,836
,48:22,52:06,1:05:30,1:09:18,1:23:42,1:42:31,2:29:48,7:27:29,835
31:33,48:23,52:07,1:05:32,1:09:20,1:23:44,1:42:33,2:29:52,7:27:42,834
31:34,48:25,52:09,1:05:34,1:09:22,1:23:46,1:42:36,2:29:56,7:27:55,833
31:35,48:26,52:10,1:05:35,1:09:23,1:23:49,1:42:39,2:29:59,7:28:08,832
,48:27,52:11,1:05:37,1:09:25,1:23:51,1:42:41,2:30:03,7:28:21,831
31:36,48:28,52:13,1:05:38,1:09:27,1:23:53,1:42:44,2:30:07,7:28:34,830
31:37,48:29,52:14,1:05:40,1:09:29,1:23:55,1:42:47,2:30:11,7:28:47,829
31:38,48:31,52:15,1:05:42,1:09:30,1:23:57,1:42:49,2:30:15,7:29:00,828
,48:32,52:16,1:05:43,1:09:32,1:23:59,1:42:52,2:30:19,7:29:13,827
31:39,48:33,52:18,1:05:45,1:09:34,1:24:01,1:42:54,2:30:23,7:29:26,826
31:40,48:34,52:19,1:05:47,1:09:36,1:24:03,1:42:57,2:30:27,7:29:40,825
31:41,48:35,52:20,1:05:48,1:09:37,1:24:05,1:43:00,2:30:31,7:29:53,824
31:42,48:36,52:21,1:05:50,1:09:39,1:24:08,1:43:02,2:30:35,7:30:06,823
,48:38,52:23,1:05:51,1:09:41,1:24:10,1:43:05,2:30:39,7:30:19,822
31:43,48:39,52:24,1:05:53,1:09:42,1:24:12,1:43:08,2:30:43,7:30:32,821
31:44,48:40,52:25,1:05:55,1:09:44,1:24:14,1:43:10,2:30:47,7:30:45,820
31:45,48:41,52:27,1:05:56,1:09:46,1:24:16,1:43:13,2:30:51,7:30:58,819
,48:42,52:28,1:05:58,1:09:48,1:24:18,1:43:16,2:30:55,7:31:11,818
31:46,48:44,52:29,1:06:00,1:09:49,1:24:20,1:43:18,2:30:59,7:31:25,817
31:47,48:45,52:30,1:06:01,1:09:51,1:24:22,1:43:21,2:31:03,7:31:38,816
31:48,48:46,52:32,1:06:03,1:09:53,1:24:25,1:43:24,2:31:07,7:31:51,815
,48:47,52:33,1:06:05,1:09:55,1:24:27,1:43:26,2:31:11,7:32:04,814
31:49,48:48,52:34,1:06:06,1:09:56,1:24:29,1:43:29,2:31:15,7:32:17,813
31:50,48:50,52:36,1:06:08,1:09:58,1:24:31,1:43:31,2:31:19,7:32:31,812
31:51,48:51,52:37,1:06:09,1:10:00,1:24:33,1:43:34,2:31:23,7:32:44,811
,48:52,52:38,1:06:11,1:10:01,1:24:35,1:43:37,2:31:27,7:32:57,810
31:52,48:53,52:39,1:06:13,1:10:03,1:24:37,1:43:39,2:31:31,7:33:10,809
31:53,48:54,52:41,1:06:14,1:10:05,1:24:40,1:43:42,2:31:35,7:33:23,808
31:54,48:55,52:42,1:06:16,1:10:07,1:24:42,1:43:45,2:31:39,7:33:37,807
,48:57,52:43,1:06:18,1:10:08,1:24:44,1:43:47,2:31:43,7:33:50,806
31:55,48:58,52:45,1:06:19,1:10:10,1:24:46,1:43:50,2:31:47,7:34:03,805
31:56,48:59,52:46,1:06:21,1:10:12,1:24:48,1:43:53,2:31:51,7:34:16,804
31:57,49:00,52:47,1:06:23,1:10:14,1:24:50,1:43:55,2:31:56,7:34:30,803
31:58,49:01,52:49,1:06:24,1:10:15,1:24:52,1:43:58,2:32:00,7:34:43,802
,49:03,52:50,1:06:26,1:10:17,1:24:55,1:44:01,2:32:04,7:34:56,801
31:59,49:04,52:51,1:06:28,1:10:19,1:24:57,1:44:04,2:32:08,7:35:10,800
32:00,49:05,52:52,1:06:29,1:10:21,1:24:59,1:44:06,2:32:12,7:35:23,799
32:01,49:06,52:54,1:06:31,1:10:22,1:25:01,1:44:09,2:32:16,7:35:36,798
,49:07,52:55,1:06:32,1:10:24,1:25:03,1:44:12,2:32:20,7:35:50,797
32:02,49:09,52:56,1:06:34,1:10:26,1:25:05,1:44:14,2:32:24,7:36:03,796
32:03,49:10,52:58,1:06:36,1:10:28,1:25:07,1:44:17,2:32:28,7:36:16,795
32:04,49:11,52:59,1:06:37,1:10:29,1:25:10,1:44:20,2:32:32,7:36:30,794
,49:12,53:00,1:06:39,1:10:31,1:25:12,1:44:22,2:32:36,7:36:43,793
32:05,49:14,53:02,1:06:41,1:10:33,1:25:14,1:44:25,2:32:40,7:36:56,792
32:06,49:15,53:03,1:06:42,1:10:35,1:25:16,1:44:28,2:32:44,7:37:10,791
32:07,49:16,53:04,1:06:44,1:10:36,1:25:18,1:44:30,2:32:48,7:37:23,790
32:08,49:17,53:05,1:06:46,1:10:38,1:25:20,1:44:33,2:32:52,7:37:37,789
,49:18,53:07,1:06:47,1:10:40,1:25:23,1:44:36,2:32:56,7:37:50,788
32:09,49:20,53:08,1:06:49,1:10:42,1:25:25,1:44:39,2:33:00,7:38:03,787
32:10,49:21,53:09,1:06:51,1:10:44,1:25:27,1:44:41,2:33:05,7:38:17,786
32:11,49:22,53:11,1:06:52,1:10:45,1:25:29,1:44:44,2:33:09,7:38:30,785
,49:23,53:12,1:06:54,1:10:47,1:25:31,1:44:47,2:33:13,7:38:44,784
32:12,49:24,53:13,1:06:56,1:10:49,1:25:33,1:44:49,2:33:17,7:38:57,783
32:13,49:26,53:15,1:06:57,1:10:51,1:25:36,1:44:52,2:33:21,7:39:11,782
32:14,49:27,53:16,1:06:59,1:10:52,1:25:38,1:44:55,2:33:25,7:39:24,781
32:15,49:28,53:17,1:07:01,1:10:54,1:25:40,1:44:57,2:33:29,7:39:37,780
,49:29,53:19,1:07:02,1:10:56,1:25:42,1:45:00,2:33:33,7:39:51,779
32:16,49:31,53:20,1:07:04,1:10:58,1:25:44,1:45:03,2:33:37,7:40:04,778
32:17,49:32,53:21,1:07:06,1:10:59,1:25:46,1:45:06,2:33:41,7:40:18,777
32:18,49:33,53:23,1:07:07,1:11:01,1:25:49,1:45:08,2:33:45,7:40:31,776
,49:34,53:24,1:07:09,1:11:03,1:25:51,1:45:11,2:33:50,7:40:45,775
32:19,49:35,53:25,1:07:11,1:11:05,1:25:53,1:45:14,2:33:54,7:40:58,774
32:20,49:37,53:26,1:07:12,1:11:07,1:25:55,1:45:16,2:33:58,7:41:12,773
32:21,49:38,53:28,1:07:14,1:11:08,1:25:57,1:45:19,2:34:02,7:41:26,772
32:22,49:39,53:29,1:07:16,1:11:10,1:26:00,1:45:22,2:34:06,7:41:39,771
,49:40,53:30,1:07:18,1:11:12,1:26:02,1:45:25,2:34:10,7:41:53,770
32:23,49:42,53:32,1:07:19,1:11:14,1:26:04,1:45:27,2:34:14,7:42:06,769
32:24,49:43,53:33,1:07:21,1:11:16,1:26:06,1:45:30,2:34:18,7:42:20,768
32:25,49:44,53:34,1:07:23,1:11:17,1:26:08,1:45:33,2:34:23,7:42:33,767
,49:45,53:36,1:07:24,1:11:19,1:26:11,1:45:36,2:34:27,7:42:47,766
32:26,49:46,53:37,1:07:26,1:11:21,1:26:13,1:45:38,2:34:31,7:43:01,765
32:27,49:48,53:38,1:07:28,1:11:23,1:26:15,1:45:41,2:34:35,7:43:14,764
32:28,49:49,53:40,1:07:29,1:11:24,1:26:17,1:45:44,2:34:39,7:43:28,763
32:29,49:50,53:41,1:07:31,1:11:26,1:26:19,1:45:47,2:34:43,7:43:41,762
,49:51,53:42,1:07:33,1:11:28,1:26:22,1:45:49,2:34:47,7:43:55,761
32:30,49:53,53:44,1:07:34,1:11:30,1:26:24,1:45:52,2:34:52,7:44:09,760
32:31,49:54,53:45,1:07:36,1:11:32,1:26:26,1:45:55,2:34:56,7:44:22,759
32:32,49:55,53:46,1:07:38,1:11:33,1:26:28,1:45:58,2:35:00,7:44:36,758
32:33,49:56,53:48,1:07:39,1:11:35,1:26:30,1:46:00,2:35:04,7:44:50,757
,49:58,53:49,1:07:41,1:11:37,1:26:33,1:46:03,2:35:08,7:45:03,756
32:34,49:59,53:50,1:07:43,1:11:39,1:26:35,1:46:06,2:35:12,7:45:17,755
32:35,50:00,53:52,1:07:45,1:11:41,1:26:37,1:46:09,2:35:16,7:45:31,754
32:36,50:01,53:53,1:07:46,1:11:42,1:26:39,1:46:11,2:35:21,7:45:45,753
32:37,50:02,53:54,1:07:48,1:11:44,1:26:41,1:46:14,2:35:25,7:45:58,752
,50:04,53:56,1:07:50,1:11:46,1:26:44,1:46:17,2:35:29,7:46:12,751
32:38,50:05,53:57,1:07:51,1:11:48,1:26:46,1:46:20,2:35:33,7:46:26,750
32:39,50:06,53:58,1:07:53,1:11:50,1:26:48,1:46:22,2:35:37,7:46:39,749
32:40,50:07,54:00,1:07:55,1:11:51,1:26:50,1:46:25,2:35:42,7:46:53,748
32:41,50:09,54:01,1:07:57,1:11:53,1:26:53,1:46:28,2:35:46,7:47:07,747
,50:10,54:02,1:07:58,1:11:55,1:26:55,1:46:31,2:35:50,7:47:21,746
32:42,50:11,54:04,1:08:00,1:11:57,1:26:57,1:46:34,2:35:54,7:47:35,745
32:43,50:12,54:05,1:08:02,1:11:59,1:26:59,1:46:36,2:35:58,7:47:48,744
32:44,50:14,54:07,1:08:03,1:12:01,1:27:01,1:46:39,2:36:02,7:48:02,743
32:45,50:15,54:08,1:08:05,1:12:02,1:27:04,1:46:42,2:36:07,7:48:16,742
,50:16,54:09,1:08:07,1:12:04,1:27:06,1:46:45,2:36:11,7:48:30,741
32:46,50:17,54:11,1:08:08,1:12:06,1:27:08,1:46:47,2:36:15,7:48:44,740
32:47,50:19,54:12,1:08:10,1:12:08,1:27:10,1:46:50,2:36:19,7:48:57,739
32:48,50:20,54:13,1:08:12,1:12:10,1:27:13,1:46:53,2:36:23,7:49:11,738
32:49,50:21,54:15,1:08:14,1:12:11,1:27:15,1:46:56,2:36:28,7:49:25,737
,50:22,54:16,1:08:15,1:12:13,1:27:17,1:46:59,2:36:32,7:49:39,736
32:50,50:24,54:17,1:08:17,1:12:15,1:27:19,1:47:01,2:36:36,7:49:53,735
32:51,50:25,54:19,1:08:19,1:12:17,1:27:22,1:47:04,2:36:40,7:50:07,734
32:52,50:26,54:20,1:08:21,1:12:19,1:27:24,1:47:07,2:36:45,7:50:21,733
32:53,50:27,54:21,1:08:22,1:12:21,1:27:26,1:47:10,2:36:49,7:50:35,732
,50:29,54:23,1:08:24,1:12:22,1:27:28,1:47:13,2:36:53,7:50:48,731
32:54,50:30,54:24,1:08:26,1:12:24,1:27:31,1:47:15,2:36:57,7:51:02,730
32:55,50:31,54:25,1:08:27,1:12:26,1:27:33,1:47:18,2:37:02,7:51:16,729
32:56,50:32,54:27,1:08:29,1:12:28,1:27:35,1:47:21,2:37:06,7:51:30,728
32:57,50:34,54:28,1:08:31,1:12:30,1:27:37,1:47:24,2:37:10,7:51:44,727
,50:35,54:30,1:08:33,1:12:32,1:27:40,1:47:27,2:37:14,7:51:58,726
32:58,50:36,54:31,1:08:34,1:12:33,1:27:42,1:47:29,2:37:18,7:52:12,725
32:59,50:38,54:32,1:08:36,1:12:35,1:27:44,1:47:32,2:37:23,7:52:26,724
33:00,50:39,54:34,1:08:38,1:12:37,1:27:46,1:47:35,2:37:27,7:52:40,723
33:01,50:40,54:35,1:08:40,1:12:39,1:27:49,1:47:38,2:37:31,7:52:54,722
,50:41,54:36,1:08:41,1:12:41,1:27:51,1:47:41,2:37:36,7:53:08,721
33:02,50:43,54:38,1:08:43,1:12:43,1:27:53,1:47:44,2:37:40,7:53:22,720
33:03,50:44,54:39,1:08:45,1:12:45,1:27:55,1:47:46,2:37:44,7:53:36,719
33:04,50:45,54:41,1:08:47,1:12:46,1:27:58,1:47:49,2:37:48,7:53:50,718
33:05,50:46,54:42,1:08:48,1:12:48,1:28:00,1:47:52,2:37:53,7:54:04,717
,50:48,54:43,1:08:50,1:12:50,1:28:02,1:47:55,2:37:57,7:54:18,716
33:06,50:49,54:45,1:08:52,1:12:52,1:28:04,1:47:58,2:38:01,7:54:32,715
33:07,50:50,54:46,1:08:54,1:12:54,1:28:07,1:48:01,2:38:05,7:54:47,714
33:08,50:51,54:47,1:08:55,1:12:56,1:28:09,1:48:03,2:38:10,7:55:01,713
33:09,50:53,54:49,1:08:57,1:12:57,1:28:11,1:48:06,2:38:14,7:55:15,712
33:10,50:54,54:50,1:08:59,1:12:59,1:28:14,1:48:09,2:38:18,7:55:29,711
,50:55,54:52,1:09:01,1:13:01,1:28:16,1:48:12,2:38:23,7:55:43,710
33:11,50:57,54:53,1:09:02,1:13:03,1:28:18,1:48:15,2:38:27,7:55:57,709
33:12,50:58,54:54,1:09:04,1:13:05,1:28:20,1:48:18,2:38:31,7:56:11,708
33:13,50:59,54:56,1:09:06,1:13:07,1:28:23,1:48:20,2:38:35,7:56:25,707
33:14,51:00,54:57,1:09:08,1:13:09,1:28:25,1:48:23,2:38:40,7:56:40,706
,51:02,54:58,1:09:09,1:13:10,1:28:27,1:48:26,2:38:44,7:56:54,705
33:15,51:03,55:00,1:09:11,1:13:12,1:28:30,1:48:29,2:38:48,7:57:08,704
33:16,51:04,55:01,1:09:13,1:13:14,1:28:32,1:48:32,2:38:53,7:57:22,703
33:17,51:06,55:03,1:09:15,1:13:16,1:28:34,1:48:35,2:38:57,7:57:36,702
33:18,51:07,55:04,1:09:16,1:13:18,1:28:36,1:48:38,2:39:01,7:57:50,701
33:19,51:08,55:05,1:09:18,1:13:20,1:28:39,1:48:40,2:39:06,7:58:05,700
,51:09,55:07,1:09:20,1:13:22,1:28:41,1:48:43,2:39:10,7:58:19,699
33:20,51:11,55:08,1:09:22,1:13:24,1:28:43,1:48:46,2:39:14,7:58:33,698
33:21,51:12,55:10,1:09:23,1:13:25,1:28:46,1:48:49,2:39:19,7:58:47,697
33:22,51:13,55:11,1:09:25,1:13:27,1:28:48,1:48:52,2:39:23,7:59:02,696
33:23,51:15,55:12,1:09:27,1:13:29,1:28:50,1:48:55,2:39:27,7:59:16,695
,51:16,55:14,1:09:29,1:13:31,1:28:53,1:48:58,2:39:32,7:59:30,694
33:24,51:17,55:15,1:09:30,1:13:33,1:28:55,1:49:01,2:39:36,7:59:44,693
33:25,51:18,55:16,1:09:32,1:13:35,1:28:57,1:49:03,2:39:40,7:59:59,692
33:26,51:20,55:18,1:09:34,1:13:37,1:29:00,1:49:06,2:39:45,8:00:13,691
33:27,51:21,55:19,1:09:36,1:13:39,1:29:02,1:49:09,2:39:49,8:00:27,690
33:28,51:22,55:21,1:09:38,1:13:40,1:29:04,1:49:12,2:39:53,8:00:42,689
,51:24,55:22,1:09:39,1:13:42,1:29:06,1:49:15,2:39:58,8:00:56,688
33:29,51:25,55:23,1:09:41,1:13:44,1:29:09,1:49:18,2:40:02,8:01:10,687
33:30,51:26,55:25,1:09:43,1:13:46,1:29:11,1:49:21,2:40:06,8:01:25,686
33:31,51:28,55:26,1:09:45,1:13:48,1:29:13,1:49:24,2:40:11,8:01:39,685
33:32,51:29,55:28,1:09:46,1:13:50,1:29:16,1:49:26,2:40:15,8:01:54,684
33:33,51:30,55:29,1:09:48,1:13:52,1:29:18,1:49:29,2:40:20,8:02:08,683
,51:31,55:31,1:09:50,1:13:54,1:29:20,1:49:32,2:40:24,8:02:22,682
33:34,51:33,55:32,1:09:52,1:13:56,1:29:23,1:49:35,2:40:28,8:02:37,681
33:35,51:34,55:33,1:09:54,1:13:58,1:29:25,1:49:38,2:40:33,8:02:51,680
33:36,51:35,55:35,1:09:55,1:13:59,1:29:27,1:49:41,2:40:37,8:03:06,679
33:37,51:37,55:36,1:09:57,1:14:01,1:29:30,1:49:44,2:40:42,8:03:20,678
33:38,51:38,55:38,1:09:59,1:14:03,1:29:32,1:49:47,2:40:46,8:03:35,677
,51:39,55:39,1:10:01,1:14:05,1:29:34,1:49:50,2:40:50,8:03:49,676
33:39,51:41,55:40,1:10:03,1:14:07,1:29:37,1:49:53,2:40:55,8:04:04,675
33:40,51:42,55:42,1:10:04,1:14:09,1:29:39,1:49:56,2:40:59,8:04:18,674
33:41,51:43,55:43,1:10:06,1:14:11,1:29:41,1:49:59,2:41:04,8:04:33,673
33:42,51:44,55:45,1:10:08,1:14:13,1:29:44,1:50:01,2:41:08,8:04:47,672
33:43,51:46,55:46,1:10:10,1:14:15,1:29:46,1:50:04,2:41:12,8:05:02,671
,51:47,55:47,1:10:12,1:14:17,1:29:48,1:50:07,2:41:17,8:05:16,670
33:44,51:48,55:49,1:10:13,1:14:18,1:29:51,1:50:10,2:41:21,8:05:31,669
33:45,51:50,55:50,1:10:15,1:14:20,1:29:53,1:50:13,2:41:26,8:05:45,668
33:46,51:51,55:52,1:10:17,1:14:22,1:29:56,1:50:16,2:41:30,8:06:00,667
33:47,51:52,55:53,1:10:19,1:14:24,1:29:58,1:50:19,2:41:34,8:06:14,666
33:48,51:54,55:55,1:10:21,1:14:26,1:30:00,1:50:22,2:41:39,8:06:29,665
33:49,51:55,55:56,1:10:22,1:14:28,1:30:03,1:50:25,2:41:43,8:06:44,664
,51:56,55:57,1:10:24,1:14:30,1:30:05,1:50:28,2:41:48,8:06:58,663
33:50,51:58,55:59,1:10:26,1:14:32,1:30:07,1:50:31,2:41:52,8:07:13,662
33:51,51:59,56:00,1:10:28,1:14:34,1:30:10,1:50:34,2:41:57,8:07:27,661
33:52,52:00,56:02,1:10:30,1:14:36,1:30:12,1:50:37,2:42:01,8:07:42,660
33:53,52:02,56:03,1:10:32,1:14:38,1:30:14,1:50:40,2:42:06,8:07:57,659
33:54,52:03,56:05,1:10:33,1:14:40,1:30:17,1:50:43,2:42:10,8:08:11,658
,52:04,56:06,1:10:35,1:14:42,1:30:19,1:50:46,2:42:15,8:08:26,657
33:55,52:06,56:07,1:10:37,1:14:43,1:30:22,1:50:48,2:42:19,8:08:41,656
33:56,52:07,56:09,1:10:39,1:14:45,1:30:24,1:50:51,2:42:23,8:08:55,655
33:57,52:08,56:10,1:10:41,1:14:47,1:30:26,1:50:54,2:42:28,8:09:10,654
33:58,52:10,56:12,1:10:42,1:14:49,1:30:29,1:50:57,2:42:32,8:09:25,653
33:59,52:11,56:13,1:10:44,1:14:51,1:30:31,1:51:00,2:42:37,8:09:40,652
34:00,52:12,56:15,1:10:46,1:14:53,1:30:33,1:51:03,2:42:41,8:09:54,651
,52:14,56:16,1:10:48,1:14:55,1:30:36,1:51:06,2:42:46,8:10:09,650
34:01,52:15,56:18,1:10:50,1:14:57,1:30:38,1:51:09,2:42:50,8:10:24,649
34:02,52:16,56:19,1:10:52,1:14:59,1:30:41,1:51:12,2:42:55,8:10:39,648
34:03,52:18,56:20,1:10:53,1:15:01,1:30:43,1:51:15,2:42:59,8:10:53,647
34:04,52:19,56:22,1:10:55,1:15:03,1:30:45,1:51:18,2:43:04,8:11:08,646
34:05,52:20,56:23,1:10:57,1:15:05,1:30:48,1:51:21,2:43:08,8:11:23,645
34:06,52:22,56:25,1:10:59,1:15:07,1:30:50,1:51:24,2:43:13,8:11:38,644
,52:23,56:26,1:11:01,1:15:09,1:30:53,1:51:27,2:43:17,8:11:53,643
34:07,52:24,56:28,1:11:03,1:15:11,1:30:55,1:51:30,2:43:22,8:12:08,642
34:08,52:26,56:29,1:11:05,1:15:13,1:30:57,1:51:33,2:43:26,8:12:22,641
34:09,52:27,56:31,1:11:06,1:15:15,1:31:00,1:51:36,2:43:31,8:12:37,640
34:10,52:28,56:32,1:11:08,1:15:17,1:31:02,1:51:39,2:43:35,8:12:52,639
34:11,52:30,56:33,1:11:10,1:15:19,1:31:05,1:51:42,2:43:40,8:13:07,638
34:12,52:31,56:35,1:11:12,1:15:20,1:31:07,1:51:45,2:43:44,8:13:22,637
,52:32,56:36,1:11:14,1:15:22,1:31:09,1:51:48,2:43:49,8:13:37,636
34:13,52:34,56:38,1:11:16,1:15:24,1:31:12,1:51:51,2:43:54,8:13:52,635
34:14,52:35,56:39,1:11:17,1:15:26,1:31:14,1:51:54,2:43:58,8:14:07,634
34:15,52:36,56:41,1:11:19,1:15:28,1:31:17,1:51:57,2:44:03,8:14:22,633
34:16,52:38,56:42,1:11:21,1:15:30,1:31:19,1:52:00,2:44:07,8:14:37,632
34:17,52:39,56:44,1:11:23,1:15:32,1:31:21,1:52:03,2:44:12,8:14:52,631
34:18,52:40,56:45,1:11:25,1:15:34,1:31:24,1:52:06,2:44:16,8:15:07,630
,52:42,56:47,1:11:27,1:15:36,1:31:26,1:52:09,2:44:21,8:15:22,629
34:19,52:43,56:48,1:11:29,1:15:38,1:31:29,1:52:12,2:44:25,8:15:37,628
34:20,52:45,56:50,1:11:30,1:15:40,1:31:31,1:52:15,2:44:30,8:15:52,627
34:21,52:46,56:51,1:11:32,1:15:42,1:31:34,1:52:18,2:44:35,8:16:07,626
34:22,52:47,56:52,1:11:34,1:15:44,1:31:36,1:52:21,2:44:39,8:16:22,625
34:23,52:49,56:54,1:11:36,1:15:46,1:31:38,1:52:24,2:44:44,8:16:37,624
34:24,52:50,56:55,1:11:38,1:15:48,1:31:41,1:52:27,2:44:48,8:16:52,623
34:25,52:51,56:57,1:11:40,1:15:50,1:31:43,1:52:30,2:44:53,8:17:07,622
,52:53,56:58,1:11:42,1:15:52,1:31:46,1:52:33,2:44:57,8:17:22,621
34:26,52:54,57:00,1:11:44,1:15:54,1:31:48,1:52:37,2:45:02,8:17:37,620
34:27,52:55,57:01,1:11:45,1:15:56,1:31:51,1:52:40,2:45:07,8:17:52,619
34:28,52:57,57:03,1:11:47,1:15:58,1:31:53,1:52:43,2:45:11,8:18:07,618
34:29,52:58,57:04,1:11:49,1:16:00,1:31:55,1:52:46,2:45:16,8:18:23,617
34:30,53:00,57:06,1:11:51,1:16:02,1:31:58,1:52:49,2:45:20,8:18:38,616
34:31,53:01,57:07,1:11:53,1:16:04,1:32:00,1:52:52,2:45:25,8:18:53,615
34:32,53:02,57:09,1:11:55,1:16:06,1:32:03,1:52:55,2:45:30,8:19:08,614
,53:04,57:10,1:11:57,1:16:08,1:32:05,1:52:58,2:45:34,8:19:23,613
34:33,53:05,57:12,1:11:59,1:16:10,1:32:08,1:53:01,2:45:39,8:19:38,612
34:34,53:06,57:13,1:12:00,1:16:12,1:32:10,1:53:04,2:45:44,8:19:54,611
34:35,53:08,57:15,1:12:02,1:16:14,1:32:13,1:53:07,2:45:48,8:20:09,610
34:36,53:09,57:16,1:12:04,1:16:16,1:32:15,1:53:10,2:45:53,8:20:24,609
34:37,53:11,57:18,1:12:06,1:16:18,1:32:18,1:53:13,2:45:57,8:20:39,608
34:38,53:12,57:19,1:12:08,1:16:20,1:32:20,1:53:16,2:46:02,8:20:55,607
34:39,53:13,57:21,1:12:10,1:16:22,1:32:23,1:53:19,2:46:07,8:21:10,606
,53:15,57:22,1:12:12,1:16:24,1:32:25,1:53:22,2:46:11,8:21:25,605
34:40,53:16,57:24,1:12:14,1:16:26,1:32:27,1:53:26,2:46:16,8:21:41,604
34:41,53:17,57:25,1:12:16,1:16:28,1:32:30,1:53:29,2:46:21,8:21:56,603
34:42,53:19,57:27,1:12:18,1:16:30,1:32:32,1:53:32,2:46:25,8:22:11,602
34:43,53:20,57:28,1:12:19,1:16:32,1:32:35,1:53:35,2:46:30,8:22:27,601
34:44,53:22,57:30,1:12:21,1:16:34,1:32:37,1:53:38,2:46:35,8:22:42,600
34:45,53:23,57:31,1:12:23,1:16:36,1:32:40,1:53:41,2:46:39,8:22:57,599
34:46,53:24,57:33,1:12:25,1:16:38,1:32:42,1:53:44,2:46:44,8:23:13,598
34:47,53:26,57:34,1:12:27,1:16:40,1:32:45,1:53:47,2:46:49,8:23:28,597
,53:27,57:36,1:12:29,1:16:42,1:32:47,1:53:50,2:46:53,8:23:44,596
34:48,53:29,57:37,1:12:31,1:16:44,1:32:50,1:53:53,2:46:58,8:23:59,595
34:49,53:30,57:39,1:12:33,1:16:46,1:32:52,1:53:56,2:47:03,8:24:14,594
34:50,53:31,57:40,1:12:35,1:16:48,1:32:55,1:54:00,2:47:08,8:24:30,593
34:51,53:33,57:42,1:12:37,1:16:50,1:32:57,1:54:03,2:47:12,8:24:45,592
34:52,53:34,57:43,1:12:39,1:16:52,1:33:00,1:54:06,2:47:17,8:25:01,591
34:53,53:36,57:45,1:12:40,1:16:54,1:33:02,1:54:09,2:47:22,8:25:16,590
34:54,53:37,57:46,1:12:42,1:16:56,1:33:05,1:54:12,2:47:26,8:25:32,589
34:55,53:38,57:48,1:12:44,1:16:59,1:33:07,1:54:15,2:47:31,8:25:47,588
34:56,53:40,57:49,1:12:46,1:17:01,1:33:10,1:54:18,2:47:36,8:26:03,587
,53:41,57:51,1:12:48,1:17:03,1:33:12,1:54:21,2:47:40,8:26:18,586
34:57,53:43,57:52,1:12:50,1:17:05,1:33:15,1:54:25,2:47:45,8:26:34,585
34:58,53:44,57:54,1:12:52,1:17:07,1:33:17,1:54:28,2:47:50,8:26:49,584
34:59,53:45,57:55,1:12:54,1:17:09,1:33:20,1:54:31,2:47:55,8:27:05,583
35:00,53:47,57:57,1:12:56,1:17:11,1:33:22,1:54:34,2:47:59,8:27:21,582
35:01,53:48,57:58,1:12:58,1:17:13,1:33:25,1:54:37,2:48:04,8:27:36,581
35:02,53:50,58:00,1:13:00,1:17:15,1:33:27,1:54:40,2:48:09,8:27:52,580
35:03,53:51,58:01,1:13:02,1:17:17,1:33:30,1:54:43,2:48:14,8:28:07,579
35:04,53:52,58:03,1:13:04,1:17:19,1:33:32,1:54:47,2:48:18,8:28:23,578
35:05,53:54,58:04,1:13:06,1:17:21,1:33:35,1:54:50,2:48:23,8:28:39,577
,53:55,58:06,1:13:08,1:17:23,1:33:38,1:54:53,2:48:28,8:28:54,576
35:06,53:57,58:07,1:13:10,1:17:25,1:33:40,1:54:56,2:48:33,8:29:10,575
35:07,53:58,58:09,1:13:11,1:17:27,1:33:43,1:54:59,2:48:37,8:29:26,574
35:08,54:00,58:11,1:13:13,1:17:29,1:33:45,1:55:02,2:48:42,8:29:42,573
35:09,54:01,58:12,1:13:15,1:17:31,1:33:48,1:55:06,2:48:47,8:29:57,572
35:10,54:02,58:14,1:13:17,1:17:33,1:33:50,1:55:09,2:48:52,8:30:13,571
35:11,54:04,58:15,1:13:19,1:17:36,1:33:53,1:55:12,2:48:57,8:30:29,570
35:12,54:05,58:17,1:13:21,1:17:38,1:33:55,1:55:15,2:49:01,8:30:45,569
35:13,54:07,58:18,1:13:23,1:17:40,1:33:58,1:55:18,2:49:06,8:31:00,568
35:14,54:08,58:20,1:13:25,1:17:42,1:34:00,1:55:21,2:49:11,8:31:16,567
35:15,54:09,58:21,1:13:27,1:17:44,1:34:03,1:55:25,2:49:16,8:31:32,566
,54:11,58:23,1:13:29,1:17:46,1:34:06,1:55:28,2:49:21,8:31:48,565
35:16,54:12,58:24,1:13:31,1:17:48,1:34:08,1:55:31,2:49:25,8:32:04,564
35:17,54:14,58:26,1:13:33,1:17:50,1:34:11,1:55:34,2:49:30,8:32:19,563
35:18,54:15,58:28,1:13:35,1:17:52,1:34:13,1:55:37,2:49:35,8:32:35,562
35:19,54:17,58:29,1:13:37,1:17:54,1:34:16,1:55:41,2:49:40,8:32:51,561
35:20,54:18,58:31,1:13:39,1:17:56,1:34:18,1:55:44,2:49:45,8:33:07,560
35:21,54:20,58:32,1:13:41,1:17:58,1:34:21,1:55:47,2:49:50,8:33:23,559
35:22,54:21,58:34,1:13:43,1:18:01,1:34:24,1:55:50,2:49:54,8:33:39,558
35:23,54:22,58:35,1:13:45,1:18:03,1:34:26,1:55:53,2:49:59,8:33:55,557
35:24,54:24,58:37,1:13:47,1:18:05,1:34:29,1:55:57,2:50:04,8:34:11,556
35:25,54:25,58:38,1:13:49,1:18:07,1:34:31,1:56:00,2:50:09,8:34:27,555
35:26,54:27,58:40,1:13:51,1:18:09,1:34:34,1:56:03,2:50:14,8:34:43,554
,54:28,58:42,1:13:53,1:18:11,1:34:36,1:56:06,2:50:19,8:34:59,553
35:27,54:30,58:43,1:13:55,1:18:13,1:34:39,1:56:09,2:50:24,8:35:15,552
35:28,54:31,58:45,1:13:57,1:18:15,1:34:42,1:56:13,2:50:28,8:35:31,551
35:29,54:33,58:46,1:13:59,1:18:17,1:34:44,1:56:16,2:50:33,8:35:47,550
35:30,54:34,58:48,1:14:01,1:18:20,1:34:47,1:56:19,2:50:38,8:36:03,549
35:31,54:35,58:49,1:14:03,1:18:22,1:34:49,1:56:22,2:50:43,8:36:19,548
35:32,54:37,58:51,1:14:05,1:18:24,1:34:52,1:56:26,2:50:48,8:36:35,547
35:33,54:38,58:52,1:14:07,1:18:26,1:34:55,1:56:29,2:50:53,8:36:51,546
35:34,54:40,58:54,1:14:09,1:18:28,1:34:57,1:56:32,2:50:58,8:37:07,545
35:35,54:41,58:56,1:14:11,1:18:30,1:35:00,1:56:35,2:51:03,8:37:23,544
35:36,54:43,58:57,1:14:13,1:18:32,1:35:02,1:56:39,2:51:08,8:37:40,543
35:37,54:44,58:59,1:14:15,1:18:34,1:35:05,1:56:42,2:51:12,8:37:56,542
35:38,54:46,59:00,1:14:17,1:18:36,1:35:08,1:56:45,2:51:17,8:38:12,541
35:39,54:47,59:02,1:14:19,1:18:39,1:35:10,1:56:48,2:51:22,8:38:28,540
35:40,54:49,59:04,1:14:21,1:18:41,1:35:13,1:56:52,2:51:27,8:38:44,539
,54:50,59:05,1:14:23,1:18:43,1:35:15,1:56:55,2:51:32,8:39:01,538
35:41,54:51,59:07,1:14:25,1:18:45,1:35:18,1:56:58,2:51:37,8:39:17,537
35:42,54:53,59:08,1:14:27,1:18:47,1:35:21,1:57:01,2:51:42,8:39:33,536
35:43,54:54,59:10,1:14:29,1:18:49,1:35:23,1:57:05,2:51:47,8:39:49,535
35:44,54:56,59:11,1:14:31,1:18:51,1:35:26,1:57:08,2:51:52,8:40:06,534
35:45,54:57,59:13,1:14:33,1:18:54,1:35:29,1:57:11,2:51:57,8:40:22,533
35:46,54:59,59:15,1:14:35,1:18:56,1:35:31,1:57:15,2:52:02,8:40:38,532
35:47,55:00,59:16,1:14:37,1:18:58,1:35:34,1:57:18,2:52:07,8:40:54,531
35:48,55:02,59:18,1:14:39,1:19:00,1:35:36,1:57:21,2:52:12,8:41:11,530
35:49,55:03,59:19,1:14:41,1:19:02,1:35:39,1:57:24,2:52:17,8:41:27,529
35:50,55:05,59:21,1:14:43,1:19:04,1:35:42,1:57:28,2:52:22,8:41:44,528
35:51,55:06,59:23,1:14:45,1:19:06,1:35:44,1:57:31,2:52:27,8:42:00,527
35:52,55:08,59:24,1:14:47,1:19:09,1:35:47,1:57:34,2:52:32,8:42:16,526
35:53,55:09,59:26,1:14:49,1:19:11,1:35:50,1:57:38,2:52:37,8:42:33,525
35:54,55:11,59:27,1:14:51,1:19:13,1:35:52,1:57:41,2:52:42,8:42:49,524
35:55,55:12,59:29,1:14:53,1:19:15,1:35:55,1:57:44,2:52:47,8:43:06,523
35:56,55:14,59:31,1:14:55,1:19:17,1:35:58,1:57:48,2:52:52,8:43:22,522
35:57,55:15,59:32,1:14:57,1:19:19,1:36:00,1:57:51,2:52:57,8:43:39,521
,55:17,59:34,1:14:59,1:19:22,1:36:03,1:57:54,2:53:02,8:43:55,520
35:58,55:18,59:35,1:15:01,1:19:24,1:36:06,1:57:58,2:53:07,8:44:12,519
35:59,55:20,59:37,1:15:03,1:19:26,1:36:08,1:58:01,2:53:12,8:44:28,518
36:00,55:21,59:39,1:15:05,1:19:28,1:36:11,1:58:04,2:53:17,8:44:45,517
36:01,55:23,59:40,1:15:07,1:19:30,1:36:14,1:58:08,2:53:22,8:45:01,516
36:02,55:24,59:42,1:15:10,1:19:32,1:36:16,1:58:11,2:53:27,8:45:18,515
36:03,55:26,59:44,1:15:12,1:19:35,1:36:19,1:58:14,2:53:32,8:45:34,514
36:04,55:27,59:45,1:15:14,1:19:37,1:36:22,1:58:18,2:53:37,8:45:51,513
36:05,55:29,59:47,1:15:16,1:19:39,1:36:24,1:58:21,2:53:42,8:46:08,512
36:06,55:30,59:48,1:15:18,1:19:41,1:36:27,1:58:24,2:53:47,8:46:24,511
36:07,55:32,59:50,1:15:20,1:19:43,1:36:30,1:58:28,2:53:52,8:46:41,510
36:08,55:33,59:52,1:15:22,1:19:46,1:36:33,1:58:31,2:53:57,8:46:58,509
36:09,55:35,59:53,1:15:24,1:19:48,1:36:35,1:58:34,2:54:02,8:47:14,508
36:10,55:36,59:55,1:15:26,1:19:50,1:36:38,1:58:38,2:54:07,8:47:31,507
36:11,55:38,59:57,1:15:28,1:19:52,1:36:41,1:58:41,2:54:12,8:47:48,506
36:12,55:39,59:58,1:15:30,1:19:54,1:36:43,1:58:44,2:54:18,8:48:04,505
36:13,55:41,1:00:00,1:15:32,1:19:57,1:36:46,1:58:48,2:54:23,8:48:21,504
36:14,55:42,1:00:01,1:15:34,1:19:59,1:36:49,1:58:51,2:54:28,8:48:38,503
36:15,55:44,1:00:03,1:15:36,1:20:01,1:36:51,1:58:55,2:54:33,8:48:55,502
36:16,55:45,1:00:05,1:15:39,1:20:03,1:36:54,1:58:58,2:54:38,8:49:12,501
36:17,55:47,1:00:06,1:15:41,1:20:05,1:36:57,1:59:01,2:54:43,8:49:28,500
36:18,55:48,1:00:08,1:15:43,1:20:08,1:37:00,1:59:05,2:54:48,8:49:45,499
36:19,55:50,1:00:10,1:15:45,1:20:10,1:37:02,1:59:08,2:54:53,8:50:02,498
36:20,55:51,1:00:11,1:15:47,1:20:12,1:37:05,1:59:12,2:54:58,8:50:19,497
36:21,55:53,1:00:13,1:15:49,1:20:14,1:37:08,1:59:15,2:55:04,8:50:36,496
36:22,55:54,1:00:15,1:15:51,1:20:17,1:37:10,1:59:18,2:55:09,8:50:53,495
36:23,55:56,1:00:16,1:15:53,1:20:19,1:37:13,1:59:22,2:55:14,8:51:10,494
36:24,55:57,1:00:18,1:15:55,1:20:21,1:37:16,1:59:25,2:55:19,8:51:27,493
36:25,55:59,1:00:20,1:15:57,1:20:23,1:37:19,1:59:29,2:55:24,8:51:44,492
36:26,56:01,1:00:21,1:16:00,1:20:25,1:37:21,1:59:32,2:55:29,8:52:01,491
36:27,56:02,1:00:23,1:16:02,1:20:28,1:37:24,1:59:35,2:55:34,8:52:18,490
36:28,56:04,1:00:25,1:16:04,1:20:30,1:37:27,1:59:39,2:55:40,8:52:35,489
,56:05,1:00:26,1:16:06,1:20:32,1:37:30,1:59:42,2:55:45,8:52:52,488
36:29,56:07,1:00:28,1:16:08,1:20:34,1:37:32,1:59:46,2:55:50,8:53:09,487
36:30,56:08,1:00:30,1:16:10,1:20:37,1:37:35,1:59:49,2:55:55,8:53:26,486
36:31,56:10,1:00:31,1:16:12,1:20:39,1:37:38,1:59:53,2:56:00,8:53:43,485
36:32,56:11,1:00:33,1:16:14,1:20:41,1:37:41,1:59:56,2:56:06,8:54:00,484
36:33,56:13,1:00:35,1:16:16,1:20:43,1:37:43,1:59:59,2:56:11,8:54:17,483
36:34,56:14,1:00:36,1:16:19,1:20:46,1:37:46,2:00:03,2:56:16,8:54:34,482
36:35,56:16,1:00:38,1:16:21,1:20:48,1:37:49,2:00:06,2:56:21,8:54:51,481
36:36,56:17,1:00:40,1:16:23,1:20:50,1:37:52,2:00:10,2:56:26,8:55:08,480
36:37,56:19,1:00:41,1:16:25,1:20:52,1:37:55,2:00:13,2:56:32,8:55:26,479
36:38,56:21,1:00:43,1:16:27,1:20:55,1:37:57,2:00:17,2:56:37,8:55:43,478
36:39,56:22,1:00:45,1:16:29,1:20:57,1:38:00,2:00:20,2:56:42,8:56:00,477
36:40,56:24,1:00:46,1:16:31,1:20:59,1:38:03,2:00:24,2:56:47,8:56:17,476
36:41,56:25,1:00:48,1:16:33,1:21:02,1:38:06,2:00:27,2:56:53,8:56:35,475
36:42,56:27,1:00:50,1:16:36,1:21:04,1:38:08,2:00:31,2:56:58,8:56:52,474
36:43,56:28,1:00:51,1:16:38,1:21:06,1:38:11,2:00:34,2:57:03,8:57:09,473
36:44,56:30,1:00:53,1:16:40,1:21:08,1:38:14,2:00:38,2:57:08,8:57:26,472
36:45,56:32,1:00:55,1:16:42,1:21:11,1:38:17,2:00:41,2:57:14,8:57:44,471
36:46,56:33,1:00:56,1:16:44,1:21:13,1:38:20,2:00:45,2:57:19,8:58:01,470
36:47,56:35,1:00:58,1:16:46,1:21:15,1:38:22,2:00:48,2:57:24,8:58:19,469
36:48,56:36,1:01:00,1:16:49,1:21:17,1:38:25,2:00:52,2:57:29,8:58:36,468
36:49,56:38,1:01:02,1:16:51,1:21:20,1:38:28,2:00:55,2:57:35,8:58:53,467
36:50,56:39,1:01:03,1:16:53,1:21:22,1:38:31,2:00:59,2:57:40,8:59:11,466
36:51,56:41,1:01:05,1:16:55,1:21:24,1:38:34,2:01:02,2:57:45,8:59:28,465
36:52,56:43,1:01:07,1:16:57,1:21:27,1:38:37,2:01:06,2:57:51,8:59:46,464
36:53,56:44,1:01:08,1:16:59,1:21:29,1:38:39,2:01:09,2:57:56,9:00:03,463
36:54,56:46,1:01:10,1:17:02,1:21:31,1:38:42,2:01:13,2:58:01,9:00:21,462
36:55,56:47,1:01:12,1:17:04,1:21:34,1:38:45,2:01:16,2:58:07,9:00:38,461
36:56,56:49,1:01:13,1:17:06,1:21:36,1:38:48,2:01:20,2:58:12,9:00:56,460
36:57,56:50,1:01:15,1:17:08,1:21:38,1:38:51,2:01:23,2:58:17,9:01:13,459
36:59,56:52,1:01:17,1:17:10,1:21:40,1:38:54,2:01:27,2:58:23,9:01:31,458
37:00,56:54,1:01:19,1:17:12,1:21:43,1:38:56,2:01:30,2:58:28,9:01:48,457
37:01,56:55,1:01:20,1:17:15,1:21:45,1:38:59,2:01:34,2:58:33,9:02:06,456
37:02,56:57,1:01:22,1:17:17,1:21:47,1:39:02,2:01:37,2:58:39,9:02:24,455
37:03,56:58,1:01:24,1:17:19,1:21:50,1:39:05,2:01:41,2:58:44,9:02:41,454
37:04,57:00,1:01:26,1:17:21,1:21:52,1:39:08,2:01:45,2:58:49,9:02:59,453
37:05,57:02,1:01:27,1:17:23,1:21:54,1:39:11,2:01:48,2:58:55,9:03:17,452
37:06,57:03,1:01:29,1:17:26,1:21:57,1:39:14,2:01:52,2:59:00,9:03:34,451
37:07,57:05,1:01:31,1:17:28,1:21:59,1:39:16,2:01:55,2:59:06,9:03:52,450
37:08,57:06,1:01:32,1:17:30,1:22:01,1:39:19,2:01:59,2:59:11,9:04:10,449
37:09,57:08,1:01:34,1:17:32,1:22:04,1:39:22,2:02:02,2:59:16,9:04:28,448
37:10,57:10,1:01:36,1:17:34,1:22:06,1:39:25,2:02:06,2:59:22,9:04:45,447
37:11,57:11,1:01:38,1:17:37,1:22:08,1:39:28,2:02:10,2:59:27,9:05:03,446
37:12,57:13,1:01:39,1:17:39,1:22:11,1:39:31,2:02:13,2:59:33,9:05:21,445
37:13,57:14,1:01:41,1:17:41,1:22:13,1:39:34,2:02:17,2:59:38,9:05:39,444
37:14,57:16,1:01:43,1:17:43,1:22:15,1:39:37,2:02:20,2:59:44,9:05:57,443
37:15,57:18,1:01:45,1:17:45,1:22:18,1:39:39,2:02:24,2:59:49,9:06:15,442
37:16,57:19,1:01:46,1:17:48,1:22:20,1:39:42,2:02:28,2:59:54,9:06:33,441
37:17,57:21,1:01:48,1:17:50,1:22:23,1:39:45,2:02:31,3:00:00,9:06:51,440
37:18,57:23,1:01:50,1:17:52,1:22:25,1:39:48,2:02:35,3:00:05,9:07:08,439
37:19,57:24,1:01:52,1:17:54,1:22:27,1:39:51,2:02:38,3:00:11,9:07:26,438
37:20,57:26,1:01:53,1:17:57,1:22:30,1:39:54,2:02:42,3:00:16,9:07:44,437
37:21,57:27,1:01:55,1:17:59,1:22:32,1:39:57,2:02:46,3:00:22,9:08:02,436
37:22,57:29,1:01:57,1:18:01,1:22:34,1:40:00,2:02:49,3:00:27,9:08:20,435
37:23,57:31,1:01:59,1:18:03,1:22:37,1:40:03,2:02:53,3:00:33,9:08:39,434
37:24,57:32,1:02:00,1:18:06,1:22:39,1:40:06,2:02:57,3:00:38,9:08:57,433
37:25,57:34,1:02:02,1:18:08,1:22:42,1:40:08,2:03:00,3:00:44,9:09:15,432
37:26,57:36,1:02:04,1:18:10,1:22:44,1:40:11,2:03:04,3:00:49,9:09:33,431
37:27,57:37,1:02:06,1:18:12,1:22:46,1:40:14,2:03:08,3:00:55,9:09:51,430
37:28,57:39,1:02:08,1:18:15,1:22:49,1:40:17,2:03:11,3:01:00,9:10:09,429
37:30,57:41,1:02:09,1:18:17,1:22:51,1:40:20,2:03:15,3:01:06,9:10:27,428
37:31,57:42,1:02:11,1:18:19,1:22:53,1:40:23,2:03:19,3:01:11,9:10:46,427
37:32,57:44,1:02:13,1:18:21,1:22:56,1:40:26,2:03:22,3:01:17,9:11:04,426
37:33,57:45,1:02:15,1:18:24,1:22:58,1:40:29,2:03:26,3:01:22,9:11:22,425
37:34,57:47,1:02:16,1:18:26,1:23:01,1:40:32,2:03:30,3:01:28,9:11:40,424
37:35,57:49,1:02:18,1:18:28,1:23:03,1:40:35,2:03:33,3:01:33,9:11:59,423
37:36,57:50,1:02:20,1:18:30,1:23:05,1:40:38,2:03:37,3:01:39,9:12:17,422
37:37,57:52,1:02:22,1:18:33,1:23:08,1:40:41,2:03:41,3:01:45,9:12:35,421
37:38,57:54,1:02:24,1:18:35,1:23:10,1:40:44,2:03:44,3:01:50,9:12:54,420
37:39,57:55,1:02:25,1:18:37,1:23:13,1:40:47,2:03:48,3:01:56,9:13:12,419
37:40,57:57,1:02:27,1:18:39,1:23:15,1:40:50,2:03:52,3:02:01,9:13:30,418
37:41,57:59,1:02:29,1:18:42,1:23:18,1:40:53,2:03:55,3:02:07,9:13:49,417
37:42,58:00,1:02:31,1:18:44,1:23:20,1:40:56,2:03:59,3:02:13,9:14:07,416
37:43,58:02,1:02:33,1:18:46,1:23:22,1:40:59,2:04:03,3:02:18,9:14:26,415
37:44,58:04,1:02:34,1:18:49,1:23:25,1:41:02,2:04:07,3:02:24,9:14:44,414
37:45,58:05,1:02:36,1:18:51,1:23:27,1:41:05,2:04:10,3:02:29,9:15:03,413
37:46,58:07,1:02:38,1:18:53,1:23:30,1:41:08,2:04:14,3:02:35,9:15:21,412
37:48,58:09,1:02:40,1:18:56,1:23:32,1:41:11,2:04:18,3:02:41,9:15:40,411
37:49,58:10,1:02:42,1:18:58,1:23:35,1:41:14,2:04:21,3:02:46,9:15:58,410
37:50,58:12,1:02:43,1:19:00,1:23:37,1:41:17,2:04:25,3:02:52,9:16:17,409
37:51,58:14,1:02:45,1:19:02,1:23:40,1:41:20,2:04:29,3:02:58,9:16:36,408
37:52,58:15,1:02:47,1:19:05,1:23:42,1:41:23,2:04:33,3:03:03,9:16:54,407
37:53,58:17,1:02:49,1:19:07,1:23:44,1:41:26,2:04:37,3:03:09,9:17:13,406
37:54,58:19,1:02:51,1:19:09,1:23:47,1:41:29,2:04:40,3:03:15,9:17:32,405
37:55,58:21,1:02:53,1:19:12,1:23:49,1:41:32,2:04:44,3:03:20,9:17:50,404
37:56,58:22,1:02:54,1:19:14,1:23:52,1:41:35,2:04:48,3:03:26,9:18:09,403
37:57,58:24,1:02:56,1:19:16,1:23:54,1:41:38,2:04:52,3:03:32,9:18:28,402
37:58,58:26,1:02:58,1:19:19,1:23:57,1:41:41,2:04:55,3:03:37,9:18:46,401
37:59,58:27,1:03:00,1:19:21,1:23:59,1:41:44,2:04:59,3:03:43,9:19:05,400
38:01,58:29,1:03:02,1:19:23,1:24:02,1:41:47,2:05:03,3:03:49,9:19:24,399
38:02,58:31,1:03:04,1:19:26,1:24:04,1:41:50,2:05:07,3:03:55,9:19:43,398
38:03,58:32,1:03:05,1:19:28,1:24:07,1:41:53,2:05:11,3:04:00,9:20:02,397
38:04,58:34,1:03:07,1:19:30,1:24:09,1:41:56,2:05:14,3:04:06,9:20:21,396
38:05,58:36,1:03:09,1:19:33,1:24:12,1:41:59,2:05:18,3:04:12,9:20:40,395
38:06,58:38,1:03:11,1:19:35,1:24:14,1:42:02,2:05:22,3:04:18,9:20:59,394
38:07,58:39,1:03:13,1:19:37,1:24:17,1:42:05,2:05:26,3:04:23,9:21:18,393
38:08,58:41,1:03:15,1:19:40,1:24:19,1:42:08,2:05:30,3:04:29,9:21:37,392
38:09,58:43,1:03:16,1:19:42,1:24:22,1:42:11,2:05:33,3:04:35,9:21:56,391
38:10,58:44,1:03:18,1:19:45,1:24:24,1:42:14,2:05:37,3:04:41,9:22:15,390
38:11,58:46,1:03:20,1:19:47,1:24:27,1:42:18,2:05:41,3:04:47,9:22:34,389
38:13,58:48,1:03:22,1:19:49,1:24:29,1:42:21,2:05:45,3:04:52,9:22:53,388
38:14,58:50,1:03:24,1:19:52,1:24:32,1:42:24,2:05:49,3:04:58,9:23:12,387
38:15,58:51,1:03:26,1:19:54,1:24:34,1:42:27,2:05:53,3:05:04,9:23:31,386
38:16,58:53,1:03:28,1:19:56,1:24:37,1:42:30,2:05:57,3:05:10,9:23:50,385
38:17,58:55,1:03:30,1:19:59,1:24:39,1:42:33,2:06:00,3:05:16,9:24:09,384
38:18,58:57,1:03:31,1:20:01,1:24:42,1:42:36,2:06:04,3:05:22,9:24:29,383
38:19,58:58,1:03:33,1:20:04,1:24:44,1:42:39,2:06:08,3:05:27,9:24:48,382
38:20,59:00,1:03:35,1:20:06,1:24:47,1:42:42,2:06:12,3:05:33,9:25:07,381
38:21,59:02,1:03:37,1:20:08,1:24:49,1:42:45,2:06:16,3:05:39,9:25:26,380
38:23,59:03,1:03:39,1:20:11,1:24:52,1:42:49,2:06:20,3:05:45,9:25:46,379
38:24,59:05,1:03:41,1:20:13,1:24:54,1:42:52,2:06:24,3:05:51,9:26:05,378
38:25,59:07,1:03:43,1:20:16,1:24:57,1:42:55,2:06:28,3:05:57,9:26:25,377
38:26,59:09,1:03:45,1:20:18,1:25:00,1:42:58,2:06:31,3:06:03,9:26:44,376
38:27,59:10,1:03:47,1:20:20,1:25:02,1:43:01,2:06:35,3:06:09,9:27:03,375
38:28,59:12,1:03:48,1:20:23,1:25:05,1:43:04,2:06:39,3:06:14,9:27:23,374
38:29,59:14,1:03:50,1:20:25,1:25:07,1:43:07,2:06:43,3:06:20,9:27:42,373
38:30,59:16,1:03:52,1:20:28,1:25:10,1:43:11,2:06:47,3:06:26,9:28:02,372
38:32,59:18,1:03:54,1:20:30,1:25:12,1:43:14,2:06:51,3:06:32,9:28:21,371
38:33,59:19,1:03:56,1:20:32,1:25:15,1:43:17,2:06:55,3:06:38,9:28:41,370
38:34,59:21,1:03:58,1:20:35,1:25:17,1:43:20,2:06:59,3:06:44,9:29:00,369
38:35,59:23,1:04:00,1:20:37,1:25:20,1:43:23,2:07:03,3:06:50,9:29:20,368
38:36,59:25,1:04:02,1:20:40,1:25:23,1:43:26,2:07:07,3:06:56,9:29:40,367
38:37,59:26,1:04:04,1:20:42,1:25:25,1:43:30,2:07:11,3:07:02,9:29:59,366
38:38,59:28,1:04:06,1:20:45,1:25:28,1:43:33,2:07:15,3:07:08,9:30:19,365
38:40,59:30,1:04:08,1:20:47,1:25:30,1:43:36,2:07:19,3:07:14,9:30:39,364
38:41,59:32,1:04:09,1:20:50,1:25:33,1:43:39,2:07:23,3:07:20,9:30:58,363
38:42,59:34,1:04:11,1:20:52,1:25:36,1:43:42,2:07:27,3:07:26,9:31:18,362
38:43,59:35,1:04:13,1:20:54,1:25:38,1:43:45,2:07:31,3:07:32,9:31:38,361
38:44,59:37,1:04:15,1:20:57,1:25:41,1:43:49,2:07:35,3:07:38,9:31:58,360
38:45,59:39,1:04:17,1:20:59,1:25:43,1:43:52,2:07:39,3:07:44,9:32:18,359
38:46,59:41,1:04:19,1:21:02,1:25:46,1:43:55,2:07:43,3:07:50,9:32:38,358
38:48,59:42,1:04:21,1:21:04,1:25:49,1:43:58,2:07:47,3:07:56,9:32:57,357
38:49,59:44,1:04:23,1:21:07,1:25:51,1:44:02,2:07:51,3:08:02,9:33:17,356
38:50,59:46,1:04:25,1:21:09,1:25:54,1:44:05,2:07:55,3:08:08,9:33:37,355
38:51,59:48,1:04:27,1:21:12,1:25:57,1:44:08,2:07:59,3:08:14,9:33:57,354
38:52,59:50,1:04:29,1:21:14,1:25:59,1:44:11,2:08:03,3:08:20,9:34:17,353
38:53,59:52,1:04:31,1:21:17,1:26:02,1:44:14,2:08:07,3:08:27,9:34:37,352
38:54,59:53,1:04:33,1:21:19,1:26:04,1:44:18,2:08:11,3:08:33,9:34:57,351
38:56,59:55,1:04:35,1:21:22,1:26:07,1:44:21,2:08:15,3:08:39,9:35:18,350
38:57,59:57,1:04:37,1:21:24,1:26:10,1:44:24,2:08:19,3:08:45,9:35:38,349
38:58,59:59,1:04:39,1:21:27,1:26:12,1:44:27,2:08:23,3:08:51,9:35:58,348
38:59,1:00:01,1:04:41,1:21:29,1:26:15,1:44:31,2:08:27,3:08:57,9:36:18,347
39:00,1:00:02,1:04:43,1:21:32,1:26:18,1:44:34,2:08:31,3:09:03,9:36:38,346
39:01,1:00:04,1:04:45,1:21:34,1:26:20,1:44:37,2:08:35,3:09:09,9:36:59,345
39:03,1:00:06,1:04:47,1:21:37,1:26:23,1:44:41,2:08:39,3:09:16,9:37:19,344
39:04,1:00:08,1:04:49,1:21:39,1:26:26,1:44:44,2:08:43,3:09:22,9:37:39,343
39:05,1:00:10,1:04:51,1:21:42,1:26:28,1:44:47,2:08:48,3:09:28,9:37:59,342
39:06,1:00:12,1:04:53,1:21:44,1:26:31,1:44:50,2:08:52,3:09:34,9:38:20,341
39:07,1:00:13,1:04:55,1:21:47,1:26:34,1:44:54,2:08:56,3:09:40,9:38:40,340
39:09,1:00:15,1:04:57,1:21:49,1:26:36,1:44:57,2:09:00,3:09:47,9:39:01,339
39:10,1:00:17,1:04:59,1:21:52,1:26:39,1:45:00,2:09:04,3:09:53,9:39:21,338
39:11,1:00:19,1:05:01,1:21:54,1:26:42,1:45:04,2:09:08,3:09:59,9:39:42,337
39:12,1:00:21,1:05:03,1:21:57,1:26:45,1:45:07,2:09:12,3:10:05,9:40:02,336
39:13,1:00:23,1:05:05,1:22:00,1:26:47,1:45:10,2:09:16,3:10:12,9:40:23,335
39:14,1:00:25,1:05:07,1:22:02,1:26:50,1:45:14,2:09:21,3:10:18,9:40:43,334
39:16,1:00:26,1:05:09,1:22:05,1:26:53,1:45:17,2:09:25,3:10:24,9:41:04,333
39:17,1:00:28,1:05:11,1:22:07,1:26:55,1:45:20,2:09:29,3:10:30,9:41:24,332
39:18,1:00:30,1:05:13,1:22:10,1:26:58,1:45:24,2:09:33,3:10:37,9:41:45,331
39:19,1:00:32,1:05:15,1:22:12,1:27:01,1:45:27,2:09:37,3:10:43,9:42:06,330
39:20,1:00:34,1:05:17,1:22:15,1:27:04,1:45:30,2:09:41,3:10:49,9:42:27,329
39:22,1:00:36,1:05:19,1:22:17,1:27:06,1:45:34,2:09:45,3:10:55,9:42:47,328
39:23,1:00:38,1:05:21,1:22:20,1:27:09,1:45:37,2:09:50,3:11:02,9:43:08,327
39:24,1:00:40,1:05:23,1:22:23,1:27:12,1:45:40,2:09:54,3:11:08,9:43:29,326
39:25,1:00:41,1:05:25,1:22:25,1:27:14,1:45:44,2:09:58,3:11:14,9:43:50,325
39:26,1:00:43,1:05:27,1:22:28,1:27:17,1:45:47,2:10:02,3:11:21,9:44:11,324
39:28,1:00:45,1:05:29,1:22:30,1:27:20,1:45:50,2:10:07,3:11:27,9:44:32,323
39:29,1:00:47,1:05:31,1:22:33,1:27:23,1:45:54,2:10:11,3:11:34,9:44:53,322
39:30,1:00:49,1:05:33,1:22:36,1:27:26,1:45:57,2:10:15,3:11:40,9:45:14,321
39:31,1:00:51,1:05:35,1:22:38,1:27:28,1:46:01,2:10:19,3:11:46,9:45:35,320
39:33,1:00:53,1:05:37,1:22:41,1:27:31,1:46:04,2:10:23,3:11:53,9:45:56,319
39:34,1:00:55,1:05:39,1:22:43,1:27:34,1:46:07,2:10:28,3:11:59,9:46:17,318
39:35,1:00:57,1:05:41,1:22:46,1:27:37,1:46:11,2:10:32,3:12:06,9:46:38,317
39:36,1:00:59,1:05:43,1:22:49,1:27:39,1:46:14,2:10:36,3:12:12,9:46:59,316
39:37,1:01:00,1:05:45,1:22:51,1:27:42,1:46:18,2:10:40,3:12:18,9:47:20,315
39:39,1:01:02,1:05:47,1:22:54,1:27:45,1:46:21,2:10:45,3:12:25,9:47:41,314
39:40,1:01:04,1:05:49,1:22:57,1:27:48,1:46:25,2:10:49,3:12:31,9:48:03,313
39:41,1:01:06,1:05:52,1:22:59,1:27:51,1:46:28,2:10:53,3:12:38,9:48:24,312
39:42,1:01:08,1:05:54,1:23:02,1:27:53,1:46:31,2:10:58,3:12:44,9:48:45,311
39:44,1:01:10,1:05:56,1:23:05,1:27:56,1:46:35,2:11:02,3:12:51,9:49:07,310
39:45,1:01:12,1:05:58,1:23:07,1:27:59,1:46:38,2:11:06,3:12:57,9:49:28,309
39:46,1:01:14,1:06:00,1:23:10,1:28:02,1:46:42,2:11:11,3:13:04,9:49:49,308
39:47,1:01:16,1:06:02,1:23:12,1:28:05,1:46:45,2:11:15,3:13:10,9:50:11,307
39:49,1:01:18,1:06:04,1:23:15,1:28:07,1:46:49,2:11:19,3:13:17,9:50:32,306
39:50,1:01:20,1:06:06,1:23:18,1:28:10,1:46:52,2:11:23,3:13:23,9:50:54,305
39:51,1:01:22,1:06:08,1:23:20,1:28:13,1:46:56,2:11:28,3:13:30,9:51:16,304
39:52,1:01:24,1:06:10,1:23:23,1:28:16,1:46:59,2:11:32,3:13:37,9:51:37,303
39:54,1:01:26,1:06:13,1:23:26,1:28:19,1:47:03,2:11:37,3:13:43,9:51:59,302
39:55,1:01:28,1:06:15,1:23:29,1:28:22,1:47:06,2:11:41,3:13:50,9:52:20,301
39:56,1:01:30,1:06:17,1:23:31,1:28:25,1:47:10,2:11:45,3:13:56,9:52:42,300
39:57,1:01:31,1:06:19,1:23:34,1:28:27,1:47:13,2:11:50,3:14:03,9:53:04,299
39:59,1:01:33,1:06:21,1:23:37,1:28:30,1:47:17,2:11:54,3:14:10,9:53:26,298
40:00,1:01:35,1:06:23,1:23:39,1:28:33,1:47:20,2:11:58,3:14:16,9:53:48,297
40:01,1:01:37,1:06:25,1:23:42,1:28:36,1:47:24,2:12:03,3:14:23,9:54:09,296
40:02,1:01:39,1:06:27,1:23:45,1:28:39,1:47:27,2:12:07,3:14:29,9:54:31,295
40:04,1:01:41,1:06:30,1:23:47,1:28:42,1:47:31,2:12:12,3:14:36,9:54:53,294
40:05,1:01:43,1:06:32,1:23:50,1:28:45,1:47:34,2:12:16,3:14:43,9:55:15,293
40:06,1:01:45,1:06:34,1:23:53,1:28:48,1:47:38,2:12:21,3:14:50,9:55:37,292
40:07,1:01:47,1:06:36,1:23:56,1:28:50,1:47:41,2:12:25,3:14:56,9:55:59,291
40:09,1:01:49,1:06:38,1:23:58,1:28:53,1:47:45,2:12:29,3:15:03,9:56:21,290
40:10,1:01:51,1:06:40,1:24:01,1:28:56,1:47:49,2:12:34,3:15:10,9:56:43,289
40:11,1:01:53,1:06:42,1:24:04,1:28:59,1:47:52,2:12:38,3:15:16,9:57:06,288
40:13,1:01:55,1:06:45,1:24:07,1:29:02,1:47:56,2:12:43,3:15:23,9:57:28,287
40:14,1:01:57,1:06:47,1:24:09,1:29:05,1:47:59,2:12:47,3:15:30,9:57:50,286
40:15,1:01:59,1:06:49,1:24:12,1:29:08,1:48:03,2:12:52,3:15:37,9:58:12,285
40:16,1:02:01,1:06:51,1:24:15,1:29:11,1:48:07,2:12:56,3:15:43,9:58:35,284
40:18,1:02:03,1:06:53,1:24:18,1:29:14,1:48:10,2:13:01,3:15:50,9:58:57,283
40:19,1:02:05,1:06:56,1:24:21,1:29:17,1:48:14,2:13:05,3:15:57,9:59:19,282
40:20,1:02:07,1:06:58,1:24:23,1:29:20,1:48:17,2:13:10,3:16:04,9:59:42,281
40:22,1:02:09,1:07:00,1:24:26,1:29:23,1:48:21,2:13:14,3:16:11,10:00:04,280
40:23,1:02:12,1:07:02,1:24:29,1:29:26,1:48:25,2:13:19,3:16:18,10:00:27,279
40:24,1:02:14,1:07:04,1:24:32,1:29:29,1:48:28,2:13:23,3:16:24,10:00:49,278
40:25,1:02:16,1:07:07,1:24:34,1:29:32,1:48:32,2:13:28,3:16:31,10:01:12,277
40:27,1:02:18,1:07:09,1:24:37,1:29:35,1:48:36,2:13:32,3:16:38,10:01:35,276
40:28,1:02:20,1:07:11,1:24:40,1:29:38,1:48:39,2:13:37,3:16:45,10:01:57,275
40:29,1:02:22,1:07:13,1:24:43,1:29:41,1:48:43,2:13:42,3:16:52,10:02:20,274
40:31,1:02:24,1:07:15,1:24:46,1:29:44,1:48:47,2:13:46,3:16:59,10:02:43,273
40:32,1:02:26,1:07:18,1:24:49,1:29:47,1:48:50,2:13:51,3:17:06,10:03:05,272
40:33,1:02:28,1:07:20,1:24:51,1:29:50,1:48:54,2:13:55,3:17:13,10:03:28,271
40:35,1:02:30,1:07:22,1:24:54,1:29:53,1:48:58,2:14:00,3:17:20,10:03:51,270
40:36,1:02:32,1:07:24,1:24:57,1:29:56,1:49:01,2:14:05,3:17:27,10:04:14,269
40:37,1:02:34,1:07:27,1:25:00,1:29:59,1:49:05,2:14:09,3:17:34,10:04:37,268
40:39,1:02:36,1:07:29,1:25:03,1:30:02,1:49:09,2:14:14,3:17:41,10:05:00,267
40:40,1:02:38,1:07:31,1:25:06,1:30:05,1:49:13,2:14:19,3:17:48,10:05:23,266
40:41,1:02:40,1:07:33,1:25:09,1:30:08,1:49:16,2:14:23,3:17:55,10:05:46,265
40:43,1:02:42,1:07:36,1:25:11,1:30:11,1:49:20,2:14:28,3:18:02,10:06:09,264
40:44,1:02:45,1:07:38,1:25:14,1:30:14,1:49:24,2:14:32,3:18:09,10:06:33,263
40:45,1:02:47,1:07:40,1:25:17,1:30:17,1:49:28,2:14:37,3:18:16,10:06:56,262
40:47,1:02:49,1:07:42,1:25:20,1:30:20,1:49:31,2:14:42,3:18:23,10:07:19,261
40:48,1:02:51,1:07:45,1:25:23,1:30:23,1:49:35,2:14:47,3:18:30,10:07:42,260
40:49,1:02:53,1:07:47,1:25:26,1:30:26,1:49:39,2:14:51,3:18:37,10:08:06,259
40:51,1:02:55,1:07:49,1:25:29,1:30:29,1:49:43,2:14:56,3:18:44,10:08:29,258
40:52,1:02:57,1:07:51,1:25:32,1:30:32,1:49:46,2:15:01,3:18:51,10:08:53,257
40:53,1:02:59,1:07:54,1:25:35,1:30:35,1:49:50,2:15:05,3:18:58,10:09:16,256
40:55,1:03:01,1:07:56,1:25:37,1:30:38,1:49:54,2:15:10,3:19:06,10:09:40,255
40:56,1:03:04,1:07:58,1:25:40,1:30:41,1:49:58,2:15:15,3:19:13,10:10:03,254
40:58,1:03:06,1:08:01,1:25:43,1:30:45,1:50:02,2:15:20,3:19:20,10:10:27,253
40:59,1:03:08,1:08:03,1:25:46,1:30:48,1:50:05,2:15:24,3:19:27,10:10:51,252
41:00,1:03:10,1:08:05,1:25:49,1:30:51,1:50:09,2:15:29,3:19:34,10:11:14,251
41:02,1:03:12,1:08:08,1:25:52,1:30:54,1:50:13,2:15:34,3:19:42,10:11:38,250
41:03,1:03:14,1:08:10,1:25:55,1:30:57,1:50:17,2:15:39,3:19:49,10:12:02,249
41:04,1:03:16,1:08:12,1:25:58,1:31:00,1:50:21,2:15:44,3:19:56,10:12:26,248
41:06,1:03:19,1:08:15,1:26:01,1:31:03,1:50:25,2:15:48,3:20:03,10:12:50,247
41:07,1:03:21,1:08:17,1:26:04,1:31:07,1:50:29,2:15:53,3:20:11,10:13:14,246
41:09,1:03:23,1:08:19,1:26:07,1:31:10,1:50:32,2:15:58,3:20:18,10:13:38,245
41:10,1:03:25,1:08:22,1:26:10,1:31:13,1:50:36,2:16:03,3:20:25,10:14:02,244
41:11,1:03:27,1:08:24,1:26:13,1:31:16,1:50:40,2:16:08,3:20:33,10:14:26,243
41:13,1:03:30,1:08:26,1:26:16,1:31:19,1:50:44,2:16:13,3:20:40,10:14:50,242
41:14,1:03:32,1:08:29,1:26:19,1:31:22,1:50:48,2:16:18,3:20:47,10:15:14,241
41:16,1:03:34,1:08:31,1:26:22,1:31:26,1:50:52,2:16:22,3:20:55,10:15:39,240
41:17,1:03:36,1:08:33,1:26:25,1:31:29,1:50:56,2:16:27,3:21:02,10:16:03,239
41:18,1:03:38,1:08:36,1:26:28,1:31:32,1:51:00,2:16:32,3:21:10,10:16:27,238
41:20,1:03:41,1:08:38,1:26:31,1:31:35,1:51:04,2:16:37,3:21:17,10:16:52,237
41:21,1:03:43,1:08:41,1:26:34,1:31:38,1:51:08,2:16:42,3:21:24,10:17:16,236
41:23,1:03:45,1:08:43,1:26:37,1:31:42,1:51:12,2:16:47,3:21:32,10:17:41,235
41:24,1:03:47,1:08:45,1:26:40,1:31:45,1:51:16,2:16:52,3:21:39,10:18:05,234
41:25,1:03:49,1:08:48,1:26:43,1:31:48,1:51:20,2:16:57,3:21:47,10:18:30,233
41:27,1:03:52,1:08:50,1:26:46,1:31:51,1:51:24,2:17:02,3:21:54,10:18:55,232
41:28,1:03:54,1:08:53,1:26:49,1:31:55,1:51:28,2:17:07,3:22:02,10:19:19,231
41:30,1:03:56,1:08:55,1:26:52,1:31:58,1:51:32,2:17:12,3:22:09,10:19:44,230
41:31,1:03:58,1:08:58,1:26:56,1:32:01,1:51:36,2:17:17,3:22:17,10:20:09,229
41:33,1:04:01,1:09:00,1:26:59,1:32:04,1:51:40,2:17:22,3:22:24,10:20:34,228
41:34,1:04:03,1:09:02,1:27:02,1:32:08,1:51:44,2:17:27,3:22:32,10:20:59,227
41:36,1:04:05,1:09:05,1:27:05,1:32:11,1:51:48,2:17:32,3:22:40,10:21:24,226
41:37,1:04:07,1:09:07,1:27:08,1:32:14,1:51:52,2:17:37,3:22:47,10:21:49,225
41:38,1:04:10,1:09:10,1:27:11,1:32:18,1:51:56,2:17:42,3:22:55,10:22:14,224
41:40,1:04:12,1:09:12,1:27:14,1:32:21,1:52:00,2:17:47,3:23:03,10:22:39,223
41:41,1:04:14,1:09:15,1:27:17,1:32:24,1:52:04,2:17:52,3:23:10,10:23:04,222
41:43,1:04:16,1:09:17,1:27:20,1:32:28,1:52:08,2:17:57,3:23:18,10:23:30,221
41:44,1:04:19,1:09:20,1:27:24,1:32:31,1:52:12,2:18:02,3:23:26,10:23:55,220
41:46,1:04:21,1:09:22,1:27:27,1:32:34,1:52:16,2:18:08,3:23:33,10:24:20,219
41:47,1:04:23,1:09:25,1:27:30,1:32:38,1:52:20,2:18:13,3:23:41,10:24:46,218
41:49,1:04:26,1:09:27,1:27:33,1:32:41,1:52:24,2:18:18,3:23:49,10:25:11,217
41:50,1:04:28,1:09:30,1:27:36,1:32:44,1:52:29,2:18:23,3:23:57,10:25:37,216
41:52,1:04:30,1:09:32,1:27:39,1:32:48,1:52:33,2:18:28,3:24:04,10:26:03,215
41:53,1:04:33,1:09:35,1:27:43,1:32:51,1:52:37,2:18:33,3:24:12,10:26:28,214
41:55,1:04:35,1:09:37,1:27:46,1:32:54,1:52:41,2:18:38,3:24:20,10:26:54,213
41:56,1:04:37,1:09:40,1:27:49,1:32:58,1:52:45,2:18:44,3:24:28,10:27:20,212
41:58,1:04:40,1:09:42,1:27:52,1:33:01,1:52:49,2:18:49,3:24:36,10:27:46,211
41:59,1:04:42,1:09:45,1:27:55,1:33:05,1:52:54,2:18:54,3:24:44,10:28:12,210
42:01,1:04:44,1:09:47,1:27:59,1:33:08,1:52:58,2:18:59,3:24:52,10:28:38,209
42:02,1:04:47,1:09:50,1:28:02,1:33:11,1:53:02,2:19:05,3:24:59,10:29:04,208
42:04,1:04:49,1:09:52,1:28:05,1:33:15,1:53:06,2:19:10,3:25:07,10:29:30,207
42:05,1:04:51,1:09:55,1:28:08,1:33:18,1:53:10,2:19:15,3:25:15,10:29:56,206
42:07,1:04:54,1:09:57,1:28:12,1:33:22,1:53:15,2:19:20,3:25:23,10:30:22,205
42:08,1:04:56,1:10:00,1:28:15,1:33:25,1:53:19,2:19:26,3:25:31,10:30:49,204
42:10,1:04:59,1:10:03,1:28:18,1:33:29,1:53:23,2:19:31,3:25:39,10:31:15,203
42:11,1:05:01,1:10:05,1:28:21,1:33:32,1:53:28,2:19:36,3:25:47,10:31:41,202
42:13,1:05:03,1:10:08,1:28:25,1:33:36,1:53:32,2:19:42,3:25:55,10:32:08,201
42:14,1:05:06,1:10:10,1:28:28,1:33:39,1:53:36,2:19:47,3:26:04,10:32:35,200
42:16,1:05:08,1:10:13,1:28:31,1:33:43,1:53:40,2:19:52,3:26:12,10:33:01,199
42:17,1:05:11,1:10:16,1:28:35,1:33:46,1:53:45,2:19:58,3:26:20,10:33:28,198
42:19,1:05:13,1:10:18,1:28:38,1:33:50,1:53:49,2:20:03,3:26:28,10:33:55,197
42:20,1:05:15,1:10:21,1:28:41,1:33:53,1:53:53,2:20:09,3:26:36,10:34:22,196
42:22,1:05:18,1:10:23,1:28:45,1:33:57,1:53:58,2:20:14,3:26:44,10:34:48,195
42:24,1:05:20,1:10:26,1:28:48,1:34:00,1:54:02,2:20:19,3:26:52,10:35:15,194
42:25,1:05:23,1:10:29,1:28:51,1:34:04,1:54:06,2:20:25,3:27:01,10:35:43,193
42:27,1:05:25,1:10:31,1:28:55,1:34:08,1:54:11,2:20:30,3:27:09,10:36:10,192
42:28,1:05:28,1:10:34,1:28:58,1:34:11,1:54:15,2:20:36,3:27:17,10:36:37,191
42:30,1:05:30,1:10:37,1:29:01,1:34:15,1:54:20,2:20:41,3:27:26,10:37:04,190
42:31,1:05:33,1:10:39,1:29:05,1:34:18,1:54:24,2:20:47,3:27:34,10:37:31,189
42:33,1:05:35,1:10:42,1:29:08,1:34:22,1:54:28,2:20:52,3:27:42,10:37:59,188
42:35,1:05:37,1:10:45,1:29:12,1:34:25,1:54:33,2:20:58,3:27:51,10:38:26,187
42:36,1:05:40,1:10:47,1:29:15,1:34:29,1:54:37,2:21:03,3:27:59,10:38:54,186
42:38,1:05:42,1:10:50,1:29:18,1:34:33,1:54:42,2:21:09,3:28:07,10:39:22,185
42:39,1:05:45,1:10:53,1:29:22,1:34:36,1:54:46,2:21:15,3:28:16,10:39:49,184
42:41,1:05:47,1:10:55,1:29:25,1:34:40,1:54:51,2:21:20,3:28:24,10:40:17,183
42:43,1:05:50,1:10:58,1:29:29,1:34:44,1:54:55,2:21:26,3:28:33,10:40:45,182
42:44,1:05:53,1:11:01,1:29:32,1:34:47,1:55:00,2:21:31,3:28:41,10:41:13,181
42:46,1:05:55,1:11:04,1:29:36,1:34:51,1:55:04,2:21:37,3:28:50,10:41:41,180
42:47,1:05:58,1:11:06,1:29:39,1:34:55,1:55:09,2:21:43,3:28:58,10:42:09,179
42:49,1:06:00,1:11:09,1:29:43,1:34:58,1:55:13,2:21:48,3:29:07,10:42:37,178
42:51,1:06:03,1:11:12,1:29:46,1:35:02,1:55:18,2:21:54,3:29:15,10:43:05,177
42:52,1:06:05,1:11:15,1:29:50,1:35:06,1:55:23,2:22:00,3:29:24,10:43:34,176
42:54,1:06:08,1:11:17,1:29:53,1:35:10,1:55:27,2:22:05,3:29:33,10:44:02,175
42:56,1:06:10,1:11:20,1:29:57,1:35:13,1:55:32,2:22:11,3:29:41,10:44:31,174
42:57,1:06:13,1:11:23,1:30:00,1:35:17,1:55:36,2:22:17,3:29:50,10:44:59,173
42:59,1:06:16,1:11:26,1:30:04,1:35:21,1:55:41,2:22:23,3:29:59,10:45:28,172
43:01,1:06:18,1:11:29,1:30:07,1:35:25,1:55:46,2:22:28,3:30:07,10:45:57,171
43:02,1:06:21,1:11:31,1:30:11,1:35:29,1:55:50,2:22:34,3:30:16,10:46:25,170
43:04,1:06:23,1:11:34,1:30:15,1:35:32,1:55:55,2:22:40,3:30:25,10:46:54,169
43:06,1:06:26,1:11:37,1:30:18,1:35:36,1:56:00,2:22:46,3:30:34,10:47:23,168
43:07,1:06:29,1:11:40,1:30:22,1:35:40,1:56:04,2:22:52,3:30:43,10:47:52,167
43:09,1:06:31,1:11:43,1:30:25,1:35:44,1:56:09,2:22:58,3:30:51,10:48:22,166
43:11,1:06:34,1:11:46,1:30:29,1:35:48,1:56:14,2:23:04,3:31:00,10:48:51,165
43:12,1:06:37,1:11:48,1:30:33,1:35:51,1:56:19,2:23:09,3:31:09,10:49:20,164
43:14,1:06:39,1:11:51,1:30:36,1:35:55,1:56:23,2:23:15,3:31:18,10:49:50,163
43:16,1:06:42,1:11:54,1:30:40,1:35:59,1:56:28,2:23:21,3:31:27,10:50:19,162
43:18,1:06:45,1:11:57,1:30:44,1:36:03,1:56:33,2:23:27,3:31:36,10:50:49,161
43:19,1:06:47,1:12:00,1:30:47,1:36:07,1:56:38,2:23:33,3:31:45,10:51:18,160
43:21,1:06:50,1:12:03,1:30:51,1:36:11,1:56:42,2:23:39,3:31:54,10:51:48,159
43:23,1:06:53,1:12:06,1:30:55,1:36:15,1:56:47,2:23:45,3:32:03,10:52:18,158
43:24,1:06:55,1:12:09,1:30:59,1:36:19,1:56:52,2:23:51,3:32:12,10:52:48,157
43:26,1:06:58,1:12:12,1:31:02,1:36:23,1:56:57,2:23:57,3:32:22,10:53:18,156
43:28,1:07:01,1:12:15,1:31:06,1:36:27,1:57:02,2:24:04,3:32:31,10:53:48,155
43:30,1:07:04,1:12:18,1:31:10,1:36:31,1:57:07,2:24:10,3:32:40,10:54:19,154
43:31,1:07:06,1:12:21,1:31:14,1:36:35,1:57:12,2:24:16,3:32:49,10:54:49,153
43:33,1:07:09,1:12:24,1:31:17,1:36:39,1:57:17,2:24:22,3:32:58,10:55:19,152
43:35,1:07:12,1:12:27,1:31:21,1:36:43,1:57:21,2:24:28,3:33:08,10:55:50,151
43:37,1:07:15,1:12:30,1:31:25,1:36:47,1:57:26,2:24:34,3:33:17,10:56:21,150
43:38,1:07:17,1:12:33,1:31:29,1:36:51,1:57:31,2:24:40,3:33:26,10:56:52,149
43:40,1:07:20,1:12:36,1:31:33,1:36:55,1:57:36,2:24:47,3:33:36,10:57:22,148
43:42,1:07:23,1:12:39,1:31:36,1:36:59,1:57:41,2:24:53,3:33:45,10:57:53,147
43:44,1:07:26,1:12:42,1:31:40,1:37:03,1:57:46,2:24:59,3:33:55,10:58:24,146
43:46,1:07:29,1:12:45,1:31:44,1:37:07,1:57:51,2:25:05,3:34:04,10:58:56,145
43:47,1:07:31,1:12:48,1:31:48,1:37:11,1:57:57,2:25:12,3:34:14,10:59:27,144
43:49,1:07:34,1:12:51,1:31:52,1:37:15,1:58:02,2:25:18,3:34:23,10:59:58,143
43:51,1:07:37,1:12:54,1:31:56,1:37:20,1:58:07,2:25:24,3:34:33,11:00:30,142
43:53,1:07:40,1:12:57,1:32:00,1:37:24,1:58:12,2:25:31,3:34:42,11:01:02,141
43:55,1:07:43,1:13:00,1:32:04,1:37:28,1:58:17,2:25:37,3:34:52,11:01:33,140
43:57,1:07:46,1:13:03,1:32:08,1:37:32,1:58:22,2:25:44,3:35:02,11:02:05,139
43:58,1:07:49,1:13:06,1:32:12,1:37:36,1:58:27,2:25:50,3:35:12,11:02:37,138
44:00,1:07:51,1:13:09,1:32:16,1:37:41,1:58:32,2:25:56,3:35:21,11:03:09,137
44:02,1:07:54,1:13:13,1:32:20,1:37:45,1:58:38,2:26:03,3:35:31,11:03:41,136
44:04,1:07:57,1:13:16,1:32:24,1:37:49,1:58:43,2:26:09,3:35:41,11:04:14,135
44:06,1:08:00,1:13:19,1:32:28,1:37:53,1:58:48,2:26:16,3:35:51,11:04:46,134
44:08,1:08:03,1:13:22,1:32:32,1:37:58,1:58:53,2:26:23,3:36:01,11:05:19,133
44:10,1:08:06,1:13:25,1:32:36,1:38:02,1:58:59,2:26:29,3:36:11,11:05:52,132
44:12,1:08:09,1:13:28,1:32:40,1:38:06,1:59:04,2:26:36,3:36:21,11:06:24,131
44:13,1:08:12,1:13:32,1:32:44,1:38:11,1:59:09,2:26:42,3:36:31,11:06:57,130
44:15,1:08:15,1:13:35,1:32:48,1:38:15,1:59:15,2:26:49,3:36:41,11:07:30,129
44:17,1:08:18,1:13:38,1:32:52,1:38:19,1:59:20,2:26:56,3:36:51,11:08:04,128
44:19,1:08:21,1:13:41,1:32:56,1:38:24,1:59:25,2:27:02,3:37:01,11:08:37,127
44:21,1:08:24,1:13:45,1:33:00,1:38:28,1:59:31,2:27:09,3:37:11,11:09:10,126
44:23,1:08:27,1:13:48,1:33:05,1:38:32,1:59:36,2:27:16,3:37:21,11:09:44,125
44:25,1:08:30,1:13:51,1:33:09,1:38:37,1:59:42,2:27:23,3:37:32,11:10:18,124
44:27,1:08:33,1:13:55,1:33:13,1:38:41,1:59:47,2:27:30,3:37:42,11:10:52,123
44:29,1:08:36,1:13:58,1:33:17,1:38:46,1:59:53,2:27:36,3:37:52,11:11:26,122
44:31,1:08:39,1:14:01,1:33:21,1:38:50,1:59:58,2:27:43,3:38:03,11:12:00,121
44:33,1:08:42,1:14:05,1:33:26,1:38:55,2:00:04,2:27:50,3:38:13,11:12:34,120
44:35,1:08:46,1:14:08,1:33:30,1:38:59,2:00:09,2:27:57,3:38:23,11:13:08,119
44:37,1:08:49,1:14:11,1:33:34,1:39:04,2:00:15,2:28:04,3:38:34,11:13:43,118
44:39,1:08:52,1:14:15,1:33:39,1:39:08,2:00:20,2:28:11,3:38:44,11:14:18,117
44:41,1:08:55,1:14:18,1:33:43,1:39:13,2:00:26,2:28:18,3:38:55,11:14:53,116
44:43,1:08:58,1:14:21,1:33:47,1:39:18,2:00:32,2:28:25,3:39:06,11:15:28,115
44:45,1:09:01,1:14:25,1:33:52,1:39:22,2:00:37,2:28:32,3:39:16,11:16:03,114
44:47,1:09:05,1:14:28,1:33:56,1:39:27,2:00:43,2:28:39,3:39:27,11:16:38,113
44:49,1:09:08,1:14:32,1:34:00,1:39:32,2:00:49,2:28:46,3:39:38,11:17:14,112
44:51,1:09:11,1:14:35,1:34:05,1:39:36,2:00:55,2:28:54,3:39:49,11:17:49,111
44:53,1:09:14,1:14:39,1:34:09,1:39:41,2:01:00,2:29:01,3:40:00,11:18:25,110
44:55,1:09:17,1:14:42,1:34:14,1:39:46,2:01:06,2:29:08,3:40:11,11:19:01,109
44:57,1:09:21,1:14:46,1:34:18,1:39:51,2:01:12,2:29:15,3:40:22,11:19:37,108
45:00,1:09:24,1:14:49,1:34:23,1:39:55,2:01:18,2:29:23,3:40:33,11:20:13,107
45:02,1:09:27,1:14:53,1:34:27,1:40:00,2:01:24,2:29:30,3:40:44,11:20:50,106
45:04,1:09:31,1:14:57,1:34:32,1:40:05,2:01:30,2:29:37,3:40:55,11:21:27,105
45:06,1:09:34,1:15:00,1:34:36,1:40:10,2:01:36,2:29:45,3:41:06,11:22:03,104
45:08,1:09:37,1:15:04,1:34:41,1:40:15,2:01:42,2:29:52,3:41:17,11:22:40,103
45:10,1:09:41,1:15:07,1:34:45,1:40:20,2:01:48,2:30:00,3:41:29,11:23:18,102
45:12,1:09:44,1:15:11,1:34:50,1:40:24,2:01:54,2:30:07,3:41:40,11:23:55,101
45:14,1:09:47,1:15:15,1:34:55,1:40:29,2:02:00,2:30:15,3:41:51,11:24:32,100
45:17,1:09:51,1:15:18,1:34:59,1:40:34,2:02:06,2:30:22,3:42:03,11:25:10,99
45:19,1:09:54,1:15:22,1:35:04,1:40:39,2:02:12,2:30:30,3:42:14,11:25:48,98
45:21,1:09:58,1:15:26,1:35:09,1:40:44,2:02:18,2:30:38,3:42:26,11:26:26,97
45:23,1:10:01,1:15:30,1:35:14,1:40:49,2:02:24,2:30:45,3:42:38,11:27:04,96
45:25,1:10:05,1:15:33,1:35:18,1:40:54,2:02:30,2:30:53,3:42:49,11:27:43,95
45:28,1:10:08,1:15:37,1:35:23,1:41:00,2:02:37,2:31:01,3:43:01,11:28:22,94
45:30,1:10:12,1:15:41,1:35:28,1:41:05,2:02:43,2:31:09,3:43:13,11:29:01,93
45:32,1:10:15,1:15:45,1:35:33,1:41:10,2:02:49,2:31:17,3:43:25,11:29:40,92
45:35,1:10:19,1:15:49,1:35:38,1:41:15,2:02:56,2:31:25,3:43:37,11:30:19,91
45:37,1:10:22,1:15:52,1:35:43,1:41:20,2:03:02,2:31:33,3:43:49,11:30:59,90
45:39,1:10:26,1:15:56,1:35:48,1:41:25,2:03:09,2:31:41,3:44:01,11:31:38,89
45:41,1:10:30,1:16:00,1:35:53,1:41:31,2:03:15,2:31:49,3:44:13,11:32:18,88
45:44,1:10:33,1:16:04,1:35:58,1:41:36,2:03:21,2:31:57,3:44:25,11:32:59,87
45:46,1:10:37,1:16:08,1:36:03,1:41:41,2:03:28,2:32:05,3:44:38,11:33:39,86
45:48,1:10:40,1:16:12,1:36:08,1:41:47,2:03:35,2:32:13,3:44:50,11:34:20,85
45:51,1:10:44,1:16:16,1:36:13,1:41:52,2:03:41,2:32:21,3:45:02,11:35:01,84
45:53,1:10:48,1:16:20,1:36:18,1:41:57,2:03:48,2:32:30,3:45:15,11:35:42,83
45:56,1:10:52,1:16:24,1:36:23,1:42:03,2:03:55,2:32:38,3:45:27,11:36:23,82
45:58,1:10:55,1:16:28,1:36:28,1:42:08,2:04:01,2:32:46,3:45:40,11:37:05,81
46:00,1:10:59,1:16:32,1:36:33,1:42:14,2:04:08,2:32:55,3:45:53,11:37:47,80
46:03,1:11:03,1:16:36,1:36:39,1:42:19,2:04:15,2:33:03,3:46:06,11:38:29,79
46:05,1:11:07,1:16:41,1:36:44,1:42:25,2:04:22,2:33:12,3:46:19,11:39:12,78
46:08,1:11:11,1:16:45,1:36:49,1:42:31,2:04:29,2:33:21,3:46:32,11:39:54,77
46:10,1:11:15,1:16:49,1:36:54,1:42:36,2:04:36,2:33:29,3:46:45,11:40:38,76
46:13,1:11:19,1:16:53,1:37:00,1:42:42,2:04:43,2:33:38,3:46:58,11:41:21,75
46:15,1:11:22,1:16:57,1:37:05,1:42:48,2:04:50,2:33:47,3:47:11,11:42:04,74
46:18,1:11:26,1:17:02,1:37:11,1:42:54,2:04:57,2:33:56,3:47:25,11:42:48,73
46:20,1:11:30,1:17:06,1:37:16,1:42:59,2:05:04,2:34:04,3:47:38,11:43:33,72
46:23,1:11:34,1:17:10,1:37:22,1:43:05,2:05:11,2:34:13,3:47:51,11:44:17,71
46:26,1:11:38,1:17:15,1:37:27,1:43:11,2:05:18,2:34:22,3:48:05,11:45:02,70
46:28,1:11:43,1:17:19,1:37:33,1:43:17,2:05:26,2:34:31,3:48:19,11:45:47,69
46:31,1:11:47,1:17:24,1:37:39,1:43:23,2:05:33,2:34:41,3:48:33,11:46:32,68
46:33,1:11:51,1:17:28,1:37:44,1:43:29,2:05:40,2:34:50,3:48:47,11:47:18,67
46:36,1:11:55,1:17:33,1:37:50,1:43:35,2:05:48,2:34:59,3:49:01,11:48:04,66
46:39,1:11:59,1:17:37,1:37:56,1:43:41,2:05:55,2:35:09,3:49:15,11:48:51,65
46:41,1:12:03,1:17:42,1:38:02,1:43:47,2:06:03,2:35:18,3:49:29,11:49:38,64
46:44,1:12:08,1:17:46,1:38:07,1:43:54,2:06:10,2:35:27,3:49:43,11:50:25,63
46:47,1:12:12,1:17:51,1:38:13,1:44:00,2:06:18,2:35:37,3:49:58,11:51:13,62
46:50,1:12:16,1:17:56,1:38:19,1:44:06,2:06:26,2:35:47,3:50:12,11:52:01,61
46:53,1:12:21,1:18:00,1:38:25,1:44:13,2:06:34,2:35:56,3:50:27,11:52:49,60
46:55,1:12:25,1:18:05,1:38:31,1:44:19,2:06:42,2:36:06,3:50:42,11:53:38,59
46:58,1:12:30,1:18:10,1:38:37,1:44:25,2:06:50,2:36:16,3:50:57,11:54:27,58
47:01,1:12:34,1:18:15,1:38:44,1:44:32,2:06:58,2:36:26,3:51:12,11:55:17,57
47:04,1:12:39,1:18:20,1:38:50,1:44:39,2:07:06,2:36:36,3:51:27,11:56:07,56
47:07,1:12:43,1:18:25,1:38:56,1:44:45,2:07:14,2:36:46,3:51:43,11:56:57,55
47:10,1:12:48,1:18:30,1:39:02,1:44:52,2:07:22,2:36:57,3:51:58,11:57:48,54
47:13,1:12:52,1:18:35,1:39:09,1:44:59,2:07:30,2:37:07,3:52:14,11:58:40,53
47:16,1:12:57,1:18:40,1:39:15,1:45:05,2:07:39,2:37:18,3:52:29,11:59:32,52
47:19,1:13:02,1:18:45,1:39:22,1:45:12,2:07:47,2:37:28,3:52:45,12:00:24,51
47:22,1:13:07,1:18:50,1:39:28,1:45:19,2:07:56,2:37:39,3:53:02,12:01:17,50
47:25,1:13:11,1:18:55,1:39:35,1:45:26,2:08:04,2:37:50,3:53:18,12:02:11,49
47:28,1:13:16,1:19:00,1:39:42,1:45:34,2:08:13,2:38:00,3:53:34,12:03:05,48
47:31,1:13:21,1:19:06,1:39:48,1:45:41,2:08:22,2:38:11,3:53:51,12:03:59,47
47:34,1:13:26,1:19:11,1:39:55,1:45:48,2:08:31,2:38:23,3:54:08,12:04:54,46
47:38,1:13:31,1:19:17,1:40:02,1:45:55,2:08:40,2:38:34,3:54:25,12:05:50,45
47:41,1:13:36,1:19:22,1:40:09,1:46:03,2:08:49,2:38:45,3:54:42,12:06:47,44
47:44,1:13:42,1:19:28,1:40:16,1:46:10,2:08:58,2:38:57,3:54:59,12:07:44,43
47:48,1:13:47,1:19:33,1:40:23,1:46:18,2:09:08,2:39:08,3:55:17,12:08:41,42
47:51,1:13:52,1:19:39,1:40:31,1:46:25,2:09:17,2:39:20,3:55:34,12:09:40,41
47:54,1:13:57,1:19:45,1:40:38,1:46:33,2:09:27,2:39:32,3:55:52,12:10:39,40
47:58,1:14:03,1:19:51,1:40:45,1:46:41,2:09:36,2:39:44,3:56:11,12:11:39,39
48:01,1:14:08,1:19:57,1:40:53,1:46:49,2:09:46,2:39:56,3:56:29,12:12:39,38
48:05,1:14:14,1:20:03,1:41:01,1:46:57,2:09:56,2:40:09,3:56:48,12:13:41,37
48:08,1:14:19,1:20:09,1:41:08,1:47:05,2:10:06,2:40:21,3:57:07,12:14:43,36
48:12,1:14:25,1:20:15,1:41:16,1:47:14,2:10:16,2:40:34,3:57:26,12:15:46,35
48:16,1:14:31,1:20:21,1:41:24,1:47:22,2:10:27,2:40:47,3:57:45,12:16:50,34
48:20,1:14:37,1:20:27,1:41:32,1:47:31,2:10:37,2:41:00,3:58:05,12:17:56,33
48:23,1:14:43,1:20:34,1:41:40,1:47:39,2:10:48,2:41:13,3:58:25,12:19:02,32
48:27,1:14:49,1:20:40,1:41:49,1:47:48,2:10:59,2:41:27,3:58:46,12:20:09,31
48:31,1:14:55,1:20:47,1:41:57,1:47:57,2:11:10,2:41:40,3:59:06,12:21:17,30
48:35,1:15:01,1:20:54,1:42:06,1:48:06,2:11:21,2:41:54,3:59:27,12:22:26,29
48:39,1:15:08,1:21:01,1:42:14,1:48:16,2:11:32,2:42:08,3:59:49,12:23:37,28
48:43,1:15:14,1:21:08,1:42:23,1:48:25,2:11:44,2:42:23,4:00:11,12:24:48,27
48:48,1:15:21,1:21:15,1:42:32,1:48:35,2:11:56,2:42:38,4:00:33,12:26:01,26
48:52,1:15:27,1:21:22,1:42:42,1:48:44,2:12:08,2:42:53,4:00:55,12:27:16,25
48:56,1:15:34,1:21:30,1:42:51,1:48:54,2:12:20,2:43:08,4:01:19,12:28:32,24
49:01,1:15:41,1:21:37,1:43:01,1:49:05,2:12:32,2:43:24,4:01:42,12:29:50,23
49:05,1:15:49,1:21:45,1:43:11,1:49:15,2:12:45,2:43:40,4:02:06,12:31:09,22
49:10,1:15:56,1:21:53,1:43:21,1:49:26,2:12:58,2:43:56,4:02:31,12:32:30,21
49:15,1:16:03,1:22:01,1:43:31,1:49:37,2:13:12,2:44:13,4:02:56,12:33:53,20
49:20,1:16:11,1:22:09,1:43:41,1:49:48,2:13:26,2:44:30,4:03:22,12:35:19,19
49:25,1:16:19,1:22:18,1:43:52,1:49:59,2:13:40,2:44:47,4:03:49,12:36:46,18
49:30,1:16:27,1:22:27,1:44:04,1:50:11,2:13:54,2:45:06,4:04:16,12:38:16,17
49:35,1:16:35,1:22:36,1:44:15,1:50:23,2:14:09,2:45:24,4:04:44,12:39:49,16
49:41,1:16:44,1:22:45,1:44:27,1:50:36,2:14:25,2:45:43,4:05:13,12:41:24,15
49:47,1:16:53,1:22:55,1:44:39,1:50:49,2:14:41,2:46:03,4:05:43,12:43:03,14
49:53,1:17:02,1:23:05,1:44:52,1:51:02,2:14:57,2:46:24,4:06:14,12:44:46,13
49:59,1:17:12,1:23:15,1:45:05,1:51:17,2:15:14,2:46:45,4:06:47,12:46:32,12
50:05,1:17:22,1:23:26,1:45:19,1:51:31,2:15:32,2:47:08,4:07:21,12:48:23,11
50:12,1:17:32,1:23:37,1:45:33,1:51:46,2:15:51,2:47:31,4:07:56,12:50:19,10
50:19,1:17:43,1:23:49,1:45:48,1:52:02,2:16:11,2:47:56,4:08:33,12:52:21,9
50:26,1:17:55,1:24:02,1:46:04,1:52:19,2:16:32,2:48:22,4:09:12,12:54:31,8
50:34,1:18:08,1:24:15,1:46:21,1:52:38,2:16:54,2:48:49,4:09:54,12:56:48,7
50:43,1:18:21,1:24:30,1:46:40,1:52:57,2:17:18,2:49:19,4:10:39,12:59:16,6
50:52,1:18:35,1:24:45,1:47:00,1:53:18,2:17:44,2:49:52,4:11:28,13:01:56,5
51:02,1:18:51,1:25:03,1:47:22,1:53:41,2:18:12,2:50:27,4:12:22,13:04:54,4
51:14,1:19:10,1:25:22,1:47:47,1:54:08,2:18:45,2:51:08,4:13:23,13:08:16,3
51:28,1:19:31,1:25:46,1:48:16,1:54:39,2:19:24,2:51:56,4:14:36,13:12:15,2
51:46,1:19:59,1:26:16,1:48:55,1:55:20,2:20:14,2:52:59,4:16:11,13:17:27,1
