100m,110mH,200m,300m,400m,400mH,4x100m,4x200m,4x400m,Points
10.12,11.24,20.51,32.27,45.35,48.07,38.04,1:19.29,3:00.61,1400
,11.25,20.52,32.29,45.37,48.09,38.06,1:19.34,3:00.72,1399
,,,32.31,45.40,48.12,38.08,1:19.39,3:00.83,1398
10.13,11.26,20.53,32.32,45.42,48.15,38.11,1:19.43,3:00.94,1397
,11.27,20.54,32.34,45.44,48.18,38.13,1:19.48,3:01.04,1396
10.14,,20.55,32.35,45.46,48.21,38.15,1:19.53,3:01.15,1395
,11.28,20.56,32.37,45.49,48.24,38.17,1:19.58,3:01.26,1394
,11.29,20.57,32.39,45.51,48.27,38.19,1:19.62,3:01.36,1393
10.15,,20.58,32.40,45.53,48.30,38.21,1:19.67,3:01.47,1392
,11.30,20.59,32.42,45.56,48.33,38.24,1:19.72,3:01.58,1391
10.16,11.31,20.60,32.43,45.58,48.36,38.26,1:19.77,3:01.69,1390
,,,32.45,45.60,48.39,38.28,1:19.81,3:01.79,1389
10.17,11.32,20.61,32.47,45.63,48.42,38.30,1:19.86,3:01.90,1388
,11.33,20.62,32.48,45.65,48.45,38.32,1:19.91,3:02.01,1387
,,20.63,32.50,45.67,48.48,38.34,1:19.96,3:02.12,1386
10.18,11.34,20.64,32.51,45.70,48.51,38.36,1:20.00,3:02.22,1385
,11.35,20.65,32.53,45.72,48.53,38.39,1:20.05,3:02.33,1384
10.19,,20.66,32.55,45.74,48.56,38.41,1:20.10,3:02.44,1383
,11.36,20.67,32.56,45.77,48.59,38.43,1:20.15,3:02.55,1382
10.20,11.37,20.68,32.58,45.79,48.62,38.45,1:20.20,3:02.65,1381
,,20.69,32.59,45.81,48.65,38.47,1:20.24,3:02.76,1380
,11.38,,32.61,45.84,48.68,38.49,1:20.29,3:02.87,1379
10.21,11.39,20.70,32.63,45.86,48.71,38.52,1:20.34,3:02.98,1378
,,20.71,32.64,45.88,48.74,38.54,1:20.39,3:03.08,1377
10.22,11.40,20.72,32.66,45.91,48.77,38.56,1:20.43,3:03.19,1376
,11.41,20.73,32.67,45.93,48.80,38.58,1:20.48,3:03.30,1375
10.23,,20.74,32.69,45.95,48.83,38.60,1:20.53,3:03.41,1374
,11.42,20.75,32.71,45.98,48.86,38.62,1:20.58,3:03.52,1373
,11.43,20.76,32.72,46.00,48.89,38.64,1:20.63,3:03.62,1372
10.24,11.44,20.77,32.74,46.02,48.92,38.67,1:20.67,3:03.73,1371
,,20.78,32.76,46.05,48.95,38.69,1:20.72,3:03.84,1370
10.25,11.45,,32.77,46.07,48.98,38.71,1:20.77,3:03.95,1369
,11.46,20.79,32.79,46.09,49.01,38.73,1:20.82,3:04.06,1368
10.26,,20.80,32.80,46.12,49.04,38.75,1:20.87,3:04.16,1367
,11.47,20.81,32.82,46.14,49.07,38.77,1:20.91,3:04.27,1366
,11.48,20.82,32.84,46.16,49.10,38.80,1:20.96,3:04.38,1365
10.27,,20.83,32.85,46.19,49.13,38.82,1:21.01,3:04.49,1364
,11.49,20.84,32.87,46.21,49.16,38.84,1:21.06,3:04.60,1363
10.28,11.50,20.85,32.88,46.23,49.18,38.86,1:21.11,3:04.71,1362
,,20.86,32.90,46.26,49.21,38.88,1:21.15,3:04.81,1361
10.29,11.51,20.87,32.92,46.28,49.24,38.90,1:21.20,3:04.92,1360
,11.52,,32.93,46.30,49.27,38.93,1:21.25,3:05.03,1359
,,20.88,32.95,46.33,49.30,38.95,1:21.30,3:05.14,1358
10.30,11.53,20.89,32.97,46.35,49.33,38.97,1:21.35,3:05.25,1357
,11.54,20.90,32.98,46.37,49.36,38.99,1:21.39,3:05.36,1356
10.31,,20.91,33.00,46.40,49.39,39.01,1:21.44,3:05.47,1355
,11.55,20.92,33.01,46.42,49.42,39.04,1:21.49,3:05.57,1354
10.32,11.56,20.93,33.03,46.44,49.45,39.06,1:21.54,3:05.68,1353
,,20.94,33.05,46.47,49.48,39.08,1:21.59,3:05.79,1352
,11.57,20.95,33.06,46.49,49.51,39.10,1:21.64,3:05.90,1351
10.33,11.58,20.96,33.08,46.51,49.54,39.12,1:21.68,3:06.01,1350
,,20.97,33.10,46.54,49.57,39.14,1:21.73,3:06.12,1349
10.34,11.59,,33.11,46.56,49.60,39.17,1:21.78,3:06.23,1348
,11.60,20.98,33.13,46.58,49.63,39.19,1:21.83,3:06.34,1347
10.35,11.61,20.99,33.14,46.61,49.66,39.21,1:21.88,3:06.45,1346
,,21.00,33.16,46.63,49.69,39.23,1:21.92,3:06.55,1345
10.36,11.62,21.01,33.18,46.66,49.72,39.25,1:21.97,3:06.66,1344
,11.63,21.02,33.19,46.68,49.75,39.28,1:22.02,3:06.77,1343
,,21.03,33.21,46.70,49.78,39.30,1:22.07,3:06.88,1342
10.37,11.64,21.04,33.23,46.73,49.81,39.32,1:22.12,3:06.99,1341
,11.65,21.05,33.24,46.75,49.84,39.34,1:22.17,3:07.10,1340
10.38,,21.06,33.26,46.77,49.87,39.36,1:22.22,3:07.21,1339
,11.66,21.07,33.28,46.80,49.90,39.38,1:22.26,3:07.32,1338
10.39,11.67,,33.29,46.82,49.93,39.41,1:22.31,3:07.43,1337
,,21.08,33.31,46.84,49.96,39.43,1:22.36,3:07.54,1336
,11.68,21.09,33.32,46.87,49.99,39.45,1:22.41,3:07.65,1335
10.40,11.69,21.10,33.34,46.89,50.02,39.47,1:22.46,3:07.76,1334
,,21.11,33.36,46.91,50.05,39.49,1:22.51,3:07.87,1333
10.41,11.70,21.12,33.37,46.94,50.08,39.52,1:22.55,3:07.98,1332
,11.71,21.13,33.39,46.96,50.11,39.54,1:22.60,3:08.09,1331
10.42,,21.14,33.41,46.99,50.14,39.56,1:22.65,3:08.19,1330
,11.72,21.15,33.42,47.01,50.17,39.58,1:22.70,3:08.30,1329
,11.73,21.16,33.44,47.03,50.20,39.60,1:22.75,3:08.41,1328
10.43,11.74,21.17,33.46,47.06,50.23,39.63,1:22.80,3:08.52,1327
,,21.18,33.47,47.08,50.26,39.65,1:22.85,3:08.63,1326
10.44,11.75,,33.49,47.10,50.29,39.67,1:22.90,3:08.74,1325
,11.76,21.19,33.50,47.13,50.32,39.69,1:22.94,3:08.85,1324
10.45,,21.20,33.52,47.15,50.35,39.71,1:22.99,3:08.96,1323
,11.77,21.21,33.54,47.18,50.38,39.74,1:23.04,3:09.07,1322
10.46,11.78,21.22,33.55,47.20,50.41,39.76,1:23.09,3:09.18,1321
,,21.23,33.57,47.22,50.44,39.78,1:23.14,3:09.29,1320
,11.79,21.24,33.59,47.25,50.47,39.80,1:23.19,3:09.40,1319
10.47,11.80,21.25,33.60,47.27,50.50,39.82,1:23.24,3:09.51,1318
,,21.26,33.62,47.29,50.53,39.85,1:23.29,3:09.62,1317
10.48,11.81,21.27,33.64,47.32,50.56,39.87,1:23.33,3:09.73,1316
,11.82,21.28,33.65,47.34,50.59,39.89,1:23.38,3:09.85,1315
10.49,,21.29,33.67,47.37,50.62,39.91,1:23.43,3:09.96,1314
,11.83,21.30,33.69,47.39,50.65,39.93,1:23.48,3:10.07,1313
,11.84,,33.70,47.41,50.68,39.96,1:23.53,3:10.18,1312
10.50,11.85,21.31,33.72,47.44,50.71,39.98,1:23.58,3:10.29,1311
,,21.32,33.73,47.46,50.74,40.00,1:23.63,3:10.40,1310
10.51,11.86,21.33,33.75,47.49,50.77,40.02,1:23.68,3:10.51,1309
,11.87,21.34,33.77,47.51,50.80,40.05,1:23.73,3:10.62,1308
10.52,,21.35,33.78,47.53,50.83,40.07,1:23.78,3:10.73,1307
,11.88,21.36,33.80,47.56,50.86,40.09,1:23.82,3:10.84,1306
10.53,11.89,21.37,33.82,47.58,50.89,40.11,1:23.87,3:10.95,1305
,,21.38,33.83,47.60,50.92,40.13,1:23.92,3:11.06,1304
,11.90,21.39,33.85,47.63,50.95,40.16,1:23.97,3:11.17,1303
10.54,11.91,21.40,33.87,47.65,50.98,40.18,1:24.02,3:11.28,1302
,11.92,21.41,33.88,47.68,51.02,40.20,1:24.07,3:11.39,1301
10.55,,21.42,33.90,47.70,51.05,40.22,1:24.12,3:11.50,1300
,11.93,,33.92,47.72,51.08,40.25,1:24.17,3:11.62,1299
10.56,11.94,21.43,33.93,47.75,51.11,40.27,1:24.22,3:11.73,1298
,,21.44,33.95,47.77,51.14,40.29,1:24.27,3:11.84,1297
,11.95,21.45,33.97,47.80,51.17,40.31,1:24.32,3:11.95,1296
10.57,11.96,21.46,33.98,47.82,51.20,40.33,1:24.37,3:12.06,1295
,,21.47,34.00,47.84,51.23,40.36,1:24.41,3:12.17,1294
10.58,11.97,21.48,34.02,47.87,51.26,40.38,1:24.46,3:12.28,1293
,11.98,21.49,34.03,47.89,51.29,40.40,1:24.51,3:12.39,1292
10.59,,21.50,34.05,47.92,51.32,40.42,1:24.56,3:12.51,1291
,11.99,21.51,34.07,47.94,51.35,40.45,1:24.61,3:12.62,1290
10.60,12.00,21.52,34.08,47.96,51.38,40.47,1:24.66,3:12.73,1289
,12.01,21.53,34.10,47.99,51.41,40.49,1:24.71,3:12.84,1288
,,21.54,34.12,48.01,51.44,40.51,1:24.76,3:12.95,1287
10.61,12.02,21.55,34.13,48.04,51.47,40.53,1:24.81,3:13.06,1286
,12.03,,34.15,48.06,51.50,40.56,1:24.86,3:13.17,1285
10.62,,21.56,34.17,48.09,51.53,40.58,1:24.91,3:13.29,1284
,12.04,21.57,34.18,48.11,51.56,40.60,1:24.96,3:13.40,1283
10.63,12.05,21.58,34.20,48.13,51.59,40.62,1:25.01,3:13.51,1282
,,21.59,34.22,48.16,51.62,40.65,1:25.06,3:13.62,1281
10.64,12.06,21.60,34.23,48.18,51.66,40.67,1:25.11,3:13.73,1280
,12.07,21.61,34.25,48.21,51.69,40.69,1:25.16,3:13.84,1279
,12.08,21.62,34.27,48.23,51.72,40.71,1:25.21,3:13.96,1278
10.65,,21.63,34.28,48.25,51.75,40.74,1:25.26,3:14.07,1277
,12.09,21.64,34.30,48.28,51.78,40.76,1:25.31,3:14.18,1276
10.66,12.10,21.65,34.32,48.30,51.81,40.78,1:25.35,3:14.29,1275
,,21.66,34.33,48.33,51.84,40.80,1:25.40,3:14.40,1274
10.67,12.11,21.67,34.35,48.35,51.87,40.83,1:25.45,3:14.52,1273
,12.12,21.68,34.37,48.38,51.90,40.85,1:25.50,3:14.63,1272
10.68,,21.69,34.38,48.40,51.93,40.87,1:25.55,3:14.74,1271
,12.13,,34.40,48.42,51.96,40.89,1:25.60,3:14.85,1270
,12.14,21.70,34.42,48.45,51.99,40.92,1:25.65,3:14.97,1269
10.69,12.15,21.71,34.43,48.47,52.02,40.94,1:25.70,3:15.08,1268
,,21.72,34.45,48.50,52.05,40.96,1:25.75,3:15.19,1267
10.70,12.16,21.73,34.47,48.52,52.08,40.98,1:25.80,3:15.30,1266
,12.17,21.74,34.48,48.54,52.12,41.01,1:25.85,3:15.41,1265
10.71,,21.75,34.50,48.57,52.15,41.03,1:25.90,3:15.53,1264
,12.18,21.76,34.52,48.59,52.18,41.05,1:25.95,3:15.64,1263
10.72,12.19,21.77,34.53,48.62,52.21,41.07,1:26.00,3:15.75,1262
,12.20,21.78,34.55,48.64,52.24,41.10,1:26.05,3:15.87,1261
,,21.79,34.57,48.67,52.27,41.12,1:26.10,3:15.98,1260
10.73,12.21,21.80,34.59,48.69,52.30,41.14,1:26.15,3:16.09,1259
,12.22,21.81,34.60,48.72,52.33,41.16,1:26.20,3:16.20,1258
10.74,,21.82,34.62,48.74,52.36,41.19,1:26.25,3:16.32,1257
,12.23,21.83,34.64,48.76,52.39,41.21,1:26.30,3:16.43,1256
10.75,12.24,21.84,34.65,48.79,52.42,41.23,1:26.35,3:16.54,1255
,,21.85,34.67,48.81,52.45,41.25,1:26.40,3:16.65,1254
10.76,12.25,,34.69,48.84,52.49,41.28,1:26.45,3:16.77,1253
,12.26,21.86,34.70,48.86,52.52,41.30,1:26.50,3:16.88,1252
10.77,12.27,21.87,34.72,48.89,52.55,41.32,1:26.55,3:16.99,1251
,,21.88,34.74,48.91,52.58,41.34,1:26.60,3:17.11,1250
,12.28,21.89,34.75,48.93,52.61,41.37,1:26.65,3:17.22,1249
10.78,12.29,21.90,34.77,48.96,52.64,41.39,1:26.70,3:17.33,1248
,,21.91,34.79,48.98,52.67,41.41,1:26.75,3:17.45,1247
10.79,12.30,21.92,34.80,49.01,52.70,41.44,1:26.80,3:17.56,1246
,12.31,21.93,34.82,49.03,52.73,41.46,1:26.85,3:17.67,1245
10.80,12.32,21.94,34.84,49.06,52.76,41.48,1:26.90,3:17.79,1244
,,21.95,34.86,49.08,52.80,41.50,1:26.95,3:17.90,1243
10.81,12.33,21.96,34.87,49.11,52.83,41.53,1:27.00,3:18.01,1242
,12.34,21.97,34.89,49.13,52.86,41.55,1:27.05,3:18.13,1241
,,21.98,34.91,49.16,52.89,41.57,1:27.11,3:18.24,1240
10.82,12.35,21.99,34.92,49.18,52.92,41.59,1:27.16,3:18.35,1239
,12.36,22.00,34.94,49.20,52.95,41.62,1:27.21,3:18.47,1238
10.83,12.37,22.01,34.96,49.23,52.98,41.64,1:27.26,3:18.58,1237
,,22.02,34.97,49.25,53.01,41.66,1:27.31,3:18.70,1236
10.84,12.38,,34.99,49.28,53.04,41.69,1:27.36,3:18.81,1235
,12.39,22.03,35.01,49.30,53.08,41.71,1:27.41,3:18.92,1234
10.85,,22.04,35.03,49.33,53.11,41.73,1:27.46,3:19.04,1233
,12.40,22.05,35.04,49.35,53.14,41.75,1:27.51,3:19.15,1232
10.86,12.41,22.06,35.06,49.38,53.17,41.78,1:27.56,3:19.27,1231
,12.42,22.07,35.08,49.40,53.20,41.80,1:27.61,3:19.38,1230
,,22.08,35.09,49.43,53.23,41.82,1:27.66,3:19.49,1229
10.87,12.43,22.09,35.11,49.45,53.26,41.85,1:27.71,3:19.61,1228
,12.44,22.10,35.13,49.47,53.29,41.87,1:27.76,3:19.72,1227
10.88,,22.11,35.14,49.50,53.33,41.89,1:27.81,3:19.84,1226
,12.45,22.12,35.16,49.52,53.36,41.91,1:27.86,3:19.95,1225
10.89,12.46,22.13,35.18,49.55,53.39,41.94,1:27.91,3:20.06,1224
,12.47,22.14,35.20,49.57,53.42,41.96,1:27.96,3:20.18,1223
10.90,,22.15,35.21,49.60,53.45,41.98,1:28.01,3:20.29,1222
,12.48,22.16,35.23,49.62,53.48,42.01,1:28.07,3:20.41,1221
10.91,12.49,22.17,35.25,49.65,53.51,42.03,1:28.12,3:20.52,1220
,,22.18,35.26,49.67,53.54,42.05,1:28.17,3:20.64,1219
,12.50,22.19,35.28,49.70,53.58,42.07,1:28.22,3:20.75,1218
10.92,12.51,22.20,35.30,49.72,53.61,42.10,1:28.27,3:20.87,1217
,12.52,22.21,35.32,49.75,53.64,42.12,1:28.32,3:20.98,1216
10.93,,22.22,35.33,49.77,53.67,42.14,1:28.37,3:21.10,1215
,12.53,22.23,35.35,49.80,53.70,42.17,1:28.42,3:21.21,1214
10.94,12.54,,35.37,49.82,53.73,42.19,1:28.47,3:21.33,1213
,,22.24,35.38,49.85,53.76,42.21,1:28.52,3:21.44,1212
10.95,12.55,22.25,35.40,49.87,53.80,42.24,1:28.57,3:21.56,1211
,12.56,22.26,35.42,49.90,53.83,42.26,1:28.63,3:21.67,1210
10.96,12.57,22.27,35.44,49.92,53.86,42.28,1:28.68,3:21.79,1209
,,22.28,35.45,49.95,53.89,42.30,1:28.73,3:21.90,1208
,12.58,22.29,35.47,49.97,53.92,42.33,1:28.78,3:22.02,1207
10.97,12.59,22.30,35.49,49.99,53.95,42.35,1:28.83,3:22.13,1206
,,22.31,35.50,50.02,53.99,42.37,1:28.88,3:22.25,1205
10.98,12.60,22.32,35.52,50.04,54.02,42.40,1:28.93,3:22.36,1204
,12.61,22.33,35.54,50.07,54.05,42.42,1:28.98,3:22.48,1203
10.99,12.62,22.34,35.56,50.09,54.08,42.44,1:29.03,3:22.59,1202
,,22.35,35.57,50.12,54.11,42.47,1:29.08,3:22.71,1201
11.00,12.63,22.36,35.59,50.14,54.14,42.49,1:29.14,3:22.82,1200
,12.64,22.37,35.61,50.17,54.17,42.51,1:29.19,3:22.94,1199
11.01,12.65,22.38,35.63,50.19,54.21,42.54,1:29.24,3:23.05,1198
,,22.39,35.64,50.22,54.24,42.56,1:29.29,3:23.17,1197
,12.66,22.40,35.66,50.24,54.27,42.58,1:29.34,3:23.28,1196
11.02,12.67,22.41,35.68,50.27,54.30,42.61,1:29.39,3:23.40,1195
,,22.42,35.69,50.29,54.33,42.63,1:29.44,3:23.52,1194
11.03,12.68,22.43,35.71,50.32,54.36,42.65,1:29.49,3:23.63,1193
,12.69,22.44,35.73,50.34,54.40,42.67,1:29.55,3:23.75,1192
11.04,12.70,22.45,35.75,50.37,54.43,42.70,1:29.60,3:23.86,1191
,,22.46,35.76,50.39,54.46,42.72,1:29.65,3:23.98,1190
11.05,12.71,22.47,35.78,50.42,54.49,42.74,1:29.70,3:24.10,1189
,12.72,22.48,35.80,50.44,54.52,42.77,1:29.75,3:24.21,1188
11.06,12.73,22.49,35.82,50.47,54.55,42.79,1:29.80,3:24.33,1187
,,22.50,35.83,50.49,54.59,42.81,1:29.85,3:24.44,1186
11.07,12.74,,35.85,50.52,54.62,42.84,1:29.91,3:24.56,1185
,12.75,22.51,35.87,50.54,54.65,42.86,1:29.96,3:24.68,1184
,,22.52,35.89,50.57,54.68,42.88,1:30.01,3:24.79,1183
11.08,12.76,22.53,35.90,50.60,54.71,42.91,1:30.06,3:24.91,1182
,12.77,22.54,35.92,50.62,54.75,42.93,1:30.11,3:25.03,1181
11.09,12.78,22.55,35.94,50.65,54.78,42.95,1:30.16,3:25.14,1180
,,22.56,35.95,50.67,54.81,42.98,1:30.22,3:25.26,1179
11.10,12.79,22.57,35.97,50.70,54.84,43.00,1:30.27,3:25.38,1178
,12.80,22.58,35.99,50.72,54.87,43.02,1:30.32,3:25.49,1177
11.11,12.81,22.59,36.01,50.75,54.91,43.05,1:30.37,3:25.61,1176
,,22.60,36.02,50.77,54.94,43.07,1:30.42,3:25.72,1175
11.12,12.82,22.61,36.04,50.80,54.97,43.09,1:30.47,3:25.84,1174
,12.83,22.62,36.06,50.82,55.00,43.12,1:30.53,3:25.96,1173
11.13,,22.63,36.08,50.85,55.03,43.14,1:30.58,3:26.08,1172
,12.84,22.64,36.09,50.87,55.07,43.16,1:30.63,3:26.19,1171
,12.85,22.65,36.11,50.90,55.10,43.19,1:30.68,3:26.31,1170
11.14,12.86,22.66,36.13,50.92,55.13,43.21,1:30.73,3:26.43,1169
,,22.67,36.15,50.95,55.16,43.23,1:30.79,3:26.54,1168
11.15,12.87,22.68,36.16,50.97,55.19,43.26,1:30.84,3:26.66,1167
,12.88,22.69,36.18,51.00,55.23,43.28,1:30.89,3:26.78,1166
11.16,12.89,22.70,36.20,51.02,55.26,43.30,1:30.94,3:26.89,1165
,,22.71,36.22,51.05,55.29,43.33,1:30.99,3:27.01,1164
11.17,12.90,22.72,36.23,51.07,55.32,43.35,1:31.04,3:27.13,1163
,12.91,22.73,36.25,51.10,55.35,43.38,1:31.10,3:27.25,1162
11.18,12.92,22.74,36.27,51.13,55.39,43.40,1:31.15,3:27.36,1161
,,22.75,36.29,51.15,55.42,43.42,1:31.20,3:27.48,1160
11.19,12.93,22.76,36.30,51.18,55.45,43.45,1:31.25,3:27.60,1159
,12.94,22.77,36.32,51.20,55.48,43.47,1:31.31,3:27.72,1158
11.20,,22.78,36.34,51.23,55.51,43.49,1:31.36,3:27.83,1157
,12.95,22.79,36.36,51.25,55.55,43.52,1:31.41,3:27.95,1156
,12.96,22.80,36.37,51.28,55.58,43.54,1:31.46,3:28.07,1155
11.21,12.97,22.81,36.39,51.30,55.61,43.56,1:31.51,3:28.19,1154
,,22.82,36.41,51.33,55.64,43.59,1:31.57,3:28.30,1153
11.22,12.98,22.83,36.43,51.35,55.68,43.61,1:31.62,3:28.42,1152
,12.99,22.84,36.45,51.38,55.71,43.63,1:31.67,3:28.54,1151
11.23,13.00,22.85,36.46,51.40,55.74,43.66,1:31.72,3:28.66,1150
,,22.86,36.48,51.43,55.77,43.68,1:31.78,3:28.78,1149
11.24,13.01,22.87,36.50,51.46,55.80,43.71,1:31.83,3:28.89,1148
,13.02,22.88,36.52,51.48,55.84,43.73,1:31.88,3:29.01,1147
11.25,13.03,22.89,36.53,51.51,55.87,43.75,1:31.93,3:29.13,1146
,,22.90,36.55,51.53,55.90,43.78,1:31.98,3:29.25,1145
11.26,13.04,22.91,36.57,51.56,55.93,43.80,1:32.04,3:29.37,1144
,13.05,22.92,36.59,51.58,55.97,43.82,1:32.09,3:29.49,1143
11.27,13.06,22.93,36.60,51.61,56.00,43.85,1:32.14,3:29.60,1142
,,22.94,36.62,51.63,56.03,43.87,1:32.19,3:29.72,1141
,13.07,22.95,36.64,51.66,56.06,43.89,1:32.25,3:29.84,1140
11.28,13.08,22.96,36.66,51.69,56.10,43.92,1:32.30,3:29.96,1139
,13.09,22.97,36.67,51.71,56.13,43.94,1:32.35,3:30.08,1138
11.29,,22.98,36.69,51.74,56.16,43.97,1:32.40,3:30.20,1137
,13.10,22.99,36.71,51.76,56.19,43.99,1:32.46,3:30.32,1136
11.30,13.11,23.00,36.73,51.79,56.23,44.01,1:32.51,3:30.43,1135
,13.12,23.01,36.75,51.81,56.26,44.04,1:32.56,3:30.55,1134
11.31,,,36.76,51.84,56.29,44.06,1:32.62,3:30.67,1133
,13.13,23.02,36.78,51.86,56.32,44.08,1:32.67,3:30.79,1132
11.32,13.14,23.03,36.80,51.89,56.36,44.11,1:32.72,3:30.91,1131
,13.15,23.04,36.82,51.92,56.39,44.13,1:32.77,3:31.03,1130
11.33,,23.05,36.83,51.94,56.42,44.16,1:32.83,3:31.15,1129
,13.16,23.06,36.85,51.97,56.45,44.18,1:32.88,3:31.27,1128
11.34,13.17,23.07,36.87,51.99,56.49,44.20,1:32.93,3:31.39,1127
,,23.08,36.89,52.02,56.52,44.23,1:32.98,3:31.50,1126
11.35,13.18,23.09,36.91,52.04,56.55,44.25,1:33.04,3:31.62,1125
,13.19,23.10,36.92,52.07,56.58,44.28,1:33.09,3:31.74,1124
11.36,13.20,23.11,36.94,52.10,56.62,44.30,1:33.14,3:31.86,1123
,,23.12,36.96,52.12,56.65,44.32,1:33.20,3:31.98,1122
,13.21,23.13,36.98,52.15,56.68,44.35,1:33.25,3:32.10,1121
11.37,13.22,23.14,36.99,52.17,56.71,44.37,1:33.30,3:32.22,1120
,13.23,23.15,37.01,52.20,56.75,44.40,1:33.35,3:32.34,1119
11.38,,23.16,37.03,52.23,56.78,44.42,1:33.41,3:32.46,1118
,13.24,23.17,37.05,52.25,56.81,44.44,1:33.46,3:32.58,1117
11.39,13.25,23.18,37.07,52.28,56.85,44.47,1:33.51,3:32.70,1116
,13.26,23.19,37.08,52.30,56.88,44.49,1:33.57,3:32.82,1115
11.40,,23.20,37.10,52.33,56.91,44.52,1:33.62,3:32.94,1114
,13.27,23.21,37.12,52.35,56.94,44.54,1:33.67,3:33.06,1113
11.41,13.28,23.22,37.14,52.38,56.98,44.56,1:33.73,3:33.18,1112
,13.29,23.23,37.16,52.41,57.01,44.59,1:33.78,3:33.30,1111
11.42,,23.24,37.17,52.43,57.04,44.61,1:33.83,3:33.42,1110
,13.30,23.25,37.19,52.46,57.08,44.64,1:33.89,3:33.54,1109
11.43,13.31,23.26,37.21,52.48,57.11,44.66,1:33.94,3:33.66,1108
,13.32,23.27,37.23,52.51,57.14,44.68,1:33.99,3:33.78,1107
11.44,,23.28,37.25,52.54,57.17,44.71,1:34.05,3:33.90,1106
,13.33,23.29,37.26,52.56,57.21,44.73,1:34.10,3:34.02,1105
11.45,13.34,23.30,37.28,52.59,57.24,44.76,1:34.15,3:34.14,1104
,13.35,23.31,37.30,52.61,57.27,44.78,1:34.21,3:34.26,1103
11.46,13.36,23.32,37.32,52.64,57.31,44.80,1:34.26,3:34.38,1102
,,23.33,37.34,52.67,57.34,44.83,1:34.31,3:34.50,1101
,13.37,23.34,37.35,52.69,57.37,44.85,1:34.37,3:34.62,1100
11.47,13.38,23.35,37.37,52.72,57.41,44.88,1:34.42,3:34.74,1099
,13.39,23.36,37.39,52.74,57.44,44.90,1:34.47,3:34.86,1098
11.48,,23.37,37.41,52.77,57.47,44.92,1:34.53,3:34.98,1097
,13.40,23.39,37.43,52.80,57.50,44.95,1:34.58,3:35.11,1096
11.49,13.41,23.40,37.44,52.82,57.54,44.97,1:34.63,3:35.23,1095
,13.42,23.41,37.46,52.85,57.57,45.00,1:34.69,3:35.35,1094
11.50,,23.42,37.48,52.88,57.60,45.02,1:34.74,3:35.47,1093
,13.43,23.43,37.50,52.90,57.64,45.05,1:34.79,3:35.59,1092
11.51,13.44,23.44,37.52,52.93,57.67,45.07,1:34.85,3:35.71,1091
,13.45,23.45,37.53,52.95,57.70,45.09,1:34.90,3:35.83,1090
11.52,,23.46,37.55,52.98,57.74,45.12,1:34.96,3:35.95,1089
,13.46,23.47,37.57,53.01,57.77,45.14,1:35.01,3:36.07,1088
11.53,13.47,23.48,37.59,53.03,57.80,45.17,1:35.06,3:36.20,1087
,13.48,23.49,37.61,53.06,57.84,45.19,1:35.12,3:36.32,1086
11.54,,23.50,37.62,53.08,57.87,45.22,1:35.17,3:36.44,1085
,13.49,23.51,37.64,53.11,57.90,45.24,1:35.23,3:36.56,1084
11.55,13.50,23.52,37.66,53.14,57.94,45.26,1:35.28,3:36.68,1083
,13.51,23.53,37.68,53.16,57.97,45.29,1:35.33,3:36.80,1082
11.56,,23.54,37.70,53.19,58.00,45.31,1:35.39,3:36.92,1081
,13.52,23.55,37.72,53.22,58.04,45.34,1:35.44,3:37.05,1080
11.57,13.53,23.56,37.73,53.24,58.07,45.36,1:35.49,3:37.17,1079
,13.54,23.57,37.75,53.27,58.10,45.39,1:35.55,3:37.29,1078
11.58,,23.58,37.77,53.29,58.14,45.41,1:35.60,3:37.41,1077
,13.55,23.59,37.79,53.32,58.17,45.44,1:35.66,3:37.53,1076
11.59,13.56,23.60,37.81,53.35,58.20,45.46,1:35.71,3:37.66,1075
,13.57,23.61,37.83,53.37,58.24,45.48,1:35.76,3:37.78,1074
,13.58,23.62,37.84,53.40,58.27,45.51,1:35.82,3:37.90,1073
11.60,,23.63,37.86,53.43,58.30,45.53,1:35.87,3:38.02,1072
,13.59,23.64,37.88,53.45,58.34,45.56,1:35.93,3:38.14,1071
11.61,13.60,23.65,37.90,53.48,58.37,45.58,1:35.98,3:38.27,1070
,13.61,23.66,37.92,53.51,58.40,45.61,1:36.04,3:38.39,1069
11.62,,23.67,37.93,53.53,58.44,45.63,1:36.09,3:38.51,1068
,13.62,23.68,37.95,53.56,58.47,45.66,1:36.14,3:38.63,1067
11.63,13.63,23.69,37.97,53.58,58.50,45.68,1:36.20,3:38.76,1066
,13.64,23.70,37.99,53.61,58.54,45.70,1:36.25,3:38.88,1065
11.64,,23.71,38.01,53.64,58.57,45.73,1:36.31,3:39.00,1064
,13.65,23.72,38.03,53.66,58.60,45.75,1:36.36,3:39.12,1063
11.65,13.66,23.73,38.04,53.69,58.64,45.78,1:36.42,3:39.25,1062
,13.67,23.74,38.06,53.72,58.67,45.80,1:36.47,3:39.37,1061
11.66,13.68,23.75,38.08,53.74,58.70,45.83,1:36.52,3:39.49,1060
,,23.76,38.10,53.77,58.74,45.85,1:36.58,3:39.62,1059
11.67,13.69,23.77,38.12,53.80,58.77,45.88,1:36.63,3:39.74,1058
,13.70,23.78,38.14,53.82,58.81,45.90,1:36.69,3:39.86,1057
11.68,13.71,23.79,38.15,53.85,58.84,45.93,1:36.74,3:39.98,1056
,,23.80,38.17,53.88,58.87,45.95,1:36.80,3:40.11,1055
11.69,13.72,23.81,38.19,53.90,58.91,45.98,1:36.85,3:40.23,1054
,13.73,23.82,38.21,53.93,58.94,46.00,1:36.91,3:40.35,1053
11.70,13.74,23.83,38.23,53.96,58.97,46.02,1:36.96,3:40.48,1052
,,23.84,38.25,53.98,59.01,46.05,1:37.02,3:40.60,1051
11.71,13.75,23.85,38.27,54.01,59.04,46.07,1:37.07,3:40.72,1050
,13.76,23.86,38.28,54.04,59.08,46.10,1:37.13,3:40.85,1049
11.72,13.77,23.87,38.30,54.06,59.11,46.12,1:37.18,3:40.97,1048
,13.78,23.88,38.32,54.09,59.14,46.15,1:37.24,3:41.09,1047
11.73,,23.90,38.34,54.12,59.18,46.17,1:37.29,3:41.22,1046
,13.79,23.91,38.36,54.14,59.21,46.20,1:37.34,3:41.34,1045
11.74,13.80,23.92,38.38,54.17,59.24,46.22,1:37.40,3:41.47,1044
,13.81,23.93,38.39,54.20,59.28,46.25,1:37.45,3:41.59,1043
11.75,,23.94,38.41,54.22,59.31,46.27,1:37.51,3:41.71,1042
,13.82,23.95,38.43,54.25,59.35,46.30,1:37.56,3:41.84,1041
11.76,13.83,23.96,38.45,54.28,59.38,46.32,1:37.62,3:41.96,1040
,13.84,23.97,38.47,54.30,59.41,46.35,1:37.67,3:42.09,1039
11.77,13.85,23.98,38.49,54.33,59.45,46.37,1:37.73,3:42.21,1038
,,23.99,38.51,54.36,59.48,46.40,1:37.78,3:42.33,1037
11.78,13.86,24.00,38.52,54.38,59.52,46.42,1:37.84,3:42.46,1036
,13.87,24.01,38.54,54.41,59.55,46.45,1:37.89,3:42.58,1035
11.79,13.88,24.02,38.56,54.44,59.58,46.47,1:37.95,3:42.71,1034
,,24.03,38.58,54.46,59.62,46.50,1:38.01,3:42.83,1033
11.80,13.89,24.04,38.60,54.49,59.65,46.52,1:38.06,3:42.96,1032
,13.90,24.05,38.62,54.52,59.69,46.55,1:38.12,3:43.08,1031
11.81,13.91,24.06,38.64,54.55,59.72,46.57,1:38.17,3:43.21,1030
,13.92,24.07,38.65,54.57,59.75,46.60,1:38.23,3:43.33,1029
11.82,,24.08,38.67,54.60,59.79,46.62,1:38.28,3:43.45,1028
,13.93,24.09,38.69,54.63,59.82,46.65,1:38.34,3:43.58,1027
11.83,13.94,24.10,38.71,54.65,59.86,46.67,1:38.39,3:43.70,1026
,13.95,24.11,38.73,54.68,59.89,46.70,1:38.45,3:43.83,1025
,,24.12,38.75,54.71,59.93,46.72,1:38.50,3:43.95,1024
11.84,13.96,24.13,38.77,54.73,59.96,46.75,1:38.56,3:44.08,1023
,13.97,24.14,38.79,54.76,59.99,46.77,1:38.61,3:44.20,1022
11.85,13.98,24.15,38.80,54.79,1:00.03,46.80,1:38.67,3:44.33,1021
,13.99,24.17,38.82,54.82,1:00.06,46.82,1:38.72,3:44.45,1020
11.86,,24.18,38.84,54.84,1:00.10,46.85,1:38.78,3:44.58,1019
,14.00,24.19,38.86,54.87,1:00.13,46.87,1:38.84,3:44.71,1018
11.87,14.01,24.20,38.88,54.90,1:00.17,46.90,1:38.89,3:44.83,1017
,14.02,24.21,38.90,54.92,1:00.20,46.92,1:38.95,3:44.96,1016
11.88,14.03,24.22,38.92,54.95,1:00.23,46.95,1:39.00,3:45.08,1015
,,24.23,38.93,54.98,1:00.27,46.97,1:39.06,3:45.21,1014
11.89,14.04,24.24,38.95,55.01,1:00.30,47.00,1:39.11,3:45.33,1013
,14.05,24.25,38.97,55.03,1:00.34,47.02,1:39.17,3:45.46,1012
11.90,14.06,24.26,38.99,55.06,1:00.37,47.05,1:39.23,3:45.58,1011
,,24.27,39.01,55.09,1:00.41,47.07,1:39.28,3:45.71,1010
11.91,14.07,24.28,39.03,55.11,1:00.44,47.10,1:39.34,3:45.84,1009
,14.08,24.29,39.05,55.14,1:00.48,47.12,1:39.39,3:45.96,1008
11.92,14.09,24.30,39.07,55.17,1:00.51,47.15,1:39.45,3:46.09,1007
,14.10,24.31,39.09,55.20,1:00.54,47.17,1:39.50,3:46.21,1006
11.93,,24.32,39.10,55.22,1:00.58,47.20,1:39.56,3:46.34,1005
,14.11,24.33,39.12,55.25,1:00.61,47.22,1:39.62,3:46.47,1004
11.94,14.12,24.34,39.14,55.28,1:00.65,47.25,1:39.67,3:46.59,1003
,14.13,24.35,39.16,55.30,1:00.68,47.27,1:39.73,3:46.72,1002
11.95,14.14,24.37,39.18,55.33,1:00.72,47.30,1:39.78,3:46.85,1001
,,24.38,39.20,55.36,1:00.75,47.33,1:39.84,3:46.97,1000
11.96,14.15,24.39,39.22,55.39,1:00.79,47.35,1:39.90,3:47.10,999
,14.16,24.40,39.24,55.41,1:00.82,47.38,1:39.95,3:47.23,998
11.97,14.17,24.41,39.26,55.44,1:00.86,47.40,1:40.01,3:47.35,997
,14.18,24.42,39.27,55.47,1:00.89,47.43,1:40.07,3:47.48,996
11.98,,24.43,39.29,55.50,1:00.93,47.45,1:40.12,3:47.61,995
,14.19,24.44,39.31,55.52,1:00.96,47.48,1:40.18,3:47.73,994
11.99,14.20,24.45,39.33,55.55,1:00.99,47.50,1:40.23,3:47.86,993
,14.21,24.46,39.35,55.58,1:01.03,47.53,1:40.29,3:47.99,992
,14.22,24.47,39.37,55.61,1:01.06,47.55,1:40.35,3:48.11,991
12.01,,24.48,39.39,55.63,1:01.10,47.58,1:40.40,3:48.24,990
,14.23,24.49,39.41,55.66,1:01.13,47.60,1:40.46,3:48.37,989
12.02,14.24,24.50,39.43,55.69,1:01.17,47.63,1:40.52,3:48.50,988
,14.25,24.51,39.45,55.72,1:01.20,47.66,1:40.57,3:48.62,987
12.03,14.26,24.52,39.46,55.74,1:01.24,47.68,1:40.63,3:48.75,986
,,24.53,39.48,55.77,1:01.27,47.71,1:40.68,3:48.88,985
12.04,14.27,24.55,39.50,55.80,1:01.31,47.73,1:40.74,3:49.00,984
,14.28,24.56,39.52,55.83,1:01.34,47.76,1:40.80,3:49.13,983
12.05,14.29,24.57,39.54,55.85,1:01.38,47.78,1:40.85,3:49.26,982
,14.30,24.58,39.56,55.88,1:01.41,47.81,1:40.91,3:49.39,981
12.06,,24.59,39.58,55.91,1:01.45,47.83,1:40.97,3:49.52,980
,14.31,24.60,39.60,55.94,1:01.48,47.86,1:41.02,3:49.64,979
12.07,14.32,24.61,39.62,55.96,1:01.52,47.89,1:41.08,3:49.77,978
,14.33,24.62,39.64,55.99,1:01.55,47.91,1:41.14,3:49.90,977
12.08,14.34,24.63,39.65,56.02,1:01.59,47.94,1:41.19,3:50.03,976
,,24.64,39.67,56.05,1:01.62,47.96,1:41.25,3:50.16,975
12.09,14.35,24.65,39.69,56.07,1:01.66,47.99,1:41.31,3:50.28,974
,14.36,24.66,39.71,56.10,1:01.69,48.01,1:41.37,3:50.41,973
12.10,14.37,24.67,39.73,56.13,1:01.73,48.04,1:41.42,3:50.54,972
,14.38,24.68,39.75,56.16,1:01.76,48.07,1:41.48,3:50.67,971
12.11,,24.69,39.77,56.18,1:01.80,48.09,1:41.54,3:50.80,970
,14.39,24.71,39.79,56.21,1:01.83,48.12,1:41.59,3:50.93,969
12.12,14.40,24.72,39.81,56.24,1:01.87,48.14,1:41.65,3:51.05,968
,14.41,24.73,39.83,56.27,1:01.90,48.17,1:41.71,3:51.18,967
12.13,14.42,24.74,39.85,56.30,1:01.94,48.19,1:41.76,3:51.31,966
,,24.75,39.87,56.32,1:01.97,48.22,1:41.82,3:51.44,965
12.14,14.43,24.76,39.89,56.35,1:02.01,48.25,1:41.88,3:51.57,964
,14.44,24.77,39.90,56.38,1:02.04,48.27,1:41.93,3:51.70,963
12.15,14.45,24.78,39.92,56.41,1:02.08,48.30,1:41.99,3:51.83,962
,14.46,24.79,39.94,56.44,1:02.12,48.32,1:42.05,3:51.96,961
12.16,,24.80,39.96,56.46,1:02.15,48.35,1:42.11,3:52.08,960
,14.47,24.81,39.98,56.49,1:02.19,48.38,1:42.16,3:52.21,959
12.17,14.48,24.82,40.00,56.52,1:02.22,48.40,1:42.22,3:52.34,958
,14.49,24.83,40.02,56.55,1:02.26,48.43,1:42.28,3:52.47,957
12.18,14.50,24.85,40.04,56.57,1:02.29,48.45,1:42.34,3:52.60,956
,,24.86,40.06,56.60,1:02.33,48.48,1:42.39,3:52.73,955
12.19,14.51,24.87,40.08,56.63,1:02.36,48.50,1:42.45,3:52.86,954
,14.52,24.88,40.10,56.66,1:02.40,48.53,1:42.51,3:52.99,953
12.20,14.53,24.89,40.12,56.69,1:02.43,48.56,1:42.57,3:53.12,952
,14.54,24.90,40.14,56.71,1:02.47,48.58,1:42.62,3:53.25,951
12.21,14.55,24.91,40.16,56.74,1:02.51,48.61,1:42.68,3:53.38,950
,,24.92,40.17,56.77,1:02.54,48.63,1:42.74,3:53.51,949
12.22,14.56,24.93,40.19,56.80,1:02.58,48.66,1:42.80,3:53.64,948
,14.57,24.94,40.21,56.83,1:02.61,48.69,1:42.85,3:53.77,947
12.23,14.58,24.95,40.23,56.85,1:02.65,48.71,1:42.91,3:53.90,946
,14.59,24.96,40.25,56.88,1:02.68,48.74,1:42.97,3:54.03,945
12.24,,24.98,40.27,56.91,1:02.72,48.76,1:43.03,3:54.16,944
12.25,14.60,24.99,40.29,56.94,1:02.75,48.79,1:43.08,3:54.29,943
,14.61,25.00,40.31,56.97,1:02.79,48.82,1:43.14,3:54.42,942
12.26,14.62,25.01,40.33,57.00,1:02.83,48.84,1:43.20,3:54.55,941
,14.63,25.02,40.35,57.02,1:02.86,48.87,1:43.26,3:54.68,940
12.27,,25.03,40.37,57.05,1:02.90,48.90,1:43.32,3:54.81,939
,14.64,25.04,40.39,57.08,1:02.93,48.92,1:43.37,3:54.94,938
12.28,14.65,25.05,40.41,57.11,1:02.97,48.95,1:43.43,3:55.07,937
,14.66,25.06,40.43,57.14,1:03.00,48.97,1:43.49,3:55.20,936
12.29,14.67,25.07,40.45,57.16,1:03.04,49.00,1:43.55,3:55.33,935
,14.68,25.08,40.47,57.19,1:03.08,49.03,1:43.60,3:55.46,934
12.30,,25.10,40.49,57.22,1:03.11,49.05,1:43.66,3:55.60,933
,14.69,25.11,40.51,57.25,1:03.15,49.08,1:43.72,3:55.73,932
12.31,14.70,25.12,40.53,57.28,1:03.18,49.10,1:43.78,3:55.86,931
,14.71,25.13,40.55,57.31,1:03.22,49.13,1:43.84,3:55.99,930
12.32,14.72,25.14,40.57,57.33,1:03.26,49.16,1:43.90,3:56.12,929
,14.73,25.15,40.58,57.36,1:03.29,49.18,1:43.95,3:56.25,928
12.33,,25.16,40.60,57.39,1:03.33,49.21,1:44.01,3:56.38,927
,14.74,25.17,40.62,57.42,1:03.36,49.24,1:44.07,3:56.51,926
12.34,14.75,25.18,40.64,57.45,1:03.40,49.26,1:44.13,3:56.65,925
,14.76,25.19,40.66,57.48,1:03.44,49.29,1:44.19,3:56.78,924
12.35,14.77,25.20,40.68,57.50,1:03.47,49.32,1:44.24,3:56.91,923
,,25.22,40.70,57.53,1:03.51,49.34,1:44.30,3:57.04,922
12.36,14.78,25.23,40.72,57.56,1:03.54,49.37,1:44.36,3:57.17,921
,14.79,25.24,40.74,57.59,1:03.58,49.39,1:44.42,3:57.30,920
12.37,14.80,25.25,40.76,57.62,1:03.62,49.42,1:44.48,3:57.44,919
12.38,14.81,25.26,40.78,57.65,1:03.65,49.45,1:44.54,3:57.57,918
,14.82,25.27,40.80,57.68,1:03.69,49.47,1:44.60,3:57.70,917
12.39,,25.28,40.82,57.70,1:03.72,49.50,1:44.65,3:57.83,916
,14.83,25.29,40.84,57.73,1:03.76,49.53,1:44.71,3:57.96,915
12.40,14.84,25.30,40.86,57.76,1:03.80,49.55,1:44.77,3:58.10,914
,14.85,25.32,40.88,57.79,1:03.83,49.58,1:44.83,3:58.23,913
12.41,14.86,25.33,40.90,57.82,1:03.87,49.61,1:44.89,3:58.36,912
,14.87,25.34,40.92,57.85,1:03.90,49.63,1:44.95,3:58.49,911
12.42,,25.35,40.94,57.88,1:03.94,49.66,1:45.01,3:58.63,910
,14.88,25.36,40.96,57.90,1:03.98,49.69,1:45.07,3:58.76,909
12.43,14.89,25.37,40.98,57.93,1:04.01,49.71,1:45.12,3:58.89,908
,14.90,25.38,41.00,57.96,1:04.05,49.74,1:45.18,3:59.02,907
12.44,14.91,25.39,41.02,57.99,1:04.09,49.77,1:45.24,3:59.16,906
,14.92,25.40,41.04,58.02,1:04.12,49.79,1:45.30,3:59.29,905
12.45,,25.41,41.06,58.05,1:04.16,49.82,1:45.36,3:59.42,904
,14.93,25.43,41.08,58.08,1:04.20,49.85,1:45.42,3:59.56,903
12.46,14.94,25.44,41.10,58.11,1:04.23,49.87,1:45.48,3:59.69,902
,14.95,25.45,41.12,58.13,1:04.27,49.90,1:45.54,3:59.82,901
12.47,14.96,25.46,41.14,58.16,1:04.31,49.93,1:45.60,3:59.96,900
12.48,14.97,25.47,41.16,58.19,1:04.34,49.95,1:45.66,4:00.09,899
,,25.48,41.18,58.22,1:04.38,49.98,1:45.71,4:00.22,898
12.49,14.98,25.49,41.20,58.25,1:04.41,50.01,1:45.77,4:00.36,897
,14.99,25.50,41.22,58.28,1:04.45,50.03,1:45.83,4:00.49,896
12.50,15.00,25.52,41.24,58.31,1:04.49,50.06,1:45.89,4:00.62,895
,15.01,25.53,41.26,58.34,1:04.52,50.09,1:45.95,4:00.76,894
12.51,15.02,25.54,41.28,58.36,1:04.56,50.11,1:46.01,4:00.89,893
,,25.55,41.30,58.39,1:04.60,50.14,1:46.07,4:01.03,892
12.52,15.03,25.56,41.32,58.42,1:04.63,50.17,1:46.13,4:01.16,891
,15.04,25.57,41.34,58.45,1:04.67,50.19,1:46.19,4:01.29,890
12.53,15.05,25.58,41.36,58.48,1:04.71,50.22,1:46.25,4:01.43,889
,15.06,25.59,41.38,58.51,1:04.74,50.25,1:46.31,4:01.56,888
12.54,15.07,25.60,41.40,58.54,1:04.78,50.27,1:46.37,4:01.70,887
,,25.62,41.42,58.57,1:04.82,50.30,1:46.43,4:01.83,886
12.55,15.08,25.63,41.44,58.60,1:04.85,50.33,1:46.49,4:01.97,885
12.56,15.09,25.64,41.46,58.63,1:04.89,50.35,1:46.55,4:02.10,884
,15.10,25.65,41.48,58.65,1:04.93,50.38,1:46.61,4:02.23,883
12.57,15.11,25.66,41.50,58.68,1:04.97,50.41,1:46.67,4:02.37,882
,15.12,25.67,41.52,58.71,1:05.00,50.44,1:46.73,4:02.50,881
12.58,15.13,25.68,41.54,58.74,1:05.04,50.46,1:46.78,4:02.64,880
,,25.69,41.56,58.77,1:05.08,50.49,1:46.84,4:02.77,879
12.59,15.14,25.71,41.58,58.80,1:05.11,50.52,1:46.90,4:02.91,878
,15.15,25.72,41.60,58.83,1:05.15,50.54,1:46.96,4:03.04,877
12.60,15.16,25.73,41.62,58.86,1:05.19,50.57,1:47.02,4:03.18,876
,15.17,25.74,41.64,58.89,1:05.22,50.60,1:47.08,4:03.31,875
12.61,15.18,25.75,41.66,58.92,1:05.26,50.63,1:47.14,4:03.45,874
,,25.76,41.68,58.95,1:05.30,50.65,1:47.20,4:03.58,873
12.62,15.19,25.77,41.70,58.98,1:05.34,50.68,1:47.26,4:03.72,872
,15.20,25.78,41.72,59.00,1:05.37,50.71,1:47.32,4:03.86,871
12.63,15.21,25.80,41.74,59.03,1:05.41,50.73,1:47.38,4:03.99,870
12.64,15.22,25.81,41.76,59.06,1:05.45,50.76,1:47.44,4:04.13,869
,15.23,25.82,41.78,59.09,1:05.48,50.79,1:47.50,4:04.26,868
12.65,15.24,25.83,41.80,59.12,1:05.52,50.82,1:47.56,4:04.40,867
,,25.84,41.82,59.15,1:05.56,50.84,1:47.63,4:04.53,866
12.66,15.25,25.85,41.84,59.18,1:05.60,50.87,1:47.69,4:04.67,865
,15.26,25.86,41.86,59.21,1:05.63,50.90,1:47.75,4:04.81,864
12.67,15.27,25.88,41.88,59.24,1:05.67,50.92,1:47.81,4:04.94,863
,15.28,25.89,41.90,59.27,1:05.71,50.95,1:47.87,4:05.08,862
12.68,15.29,25.90,41.92,59.30,1:05.74,50.98,1:47.93,4:05.22,861
,15.30,25.91,41.94,59.33,1:05.78,51.01,1:47.99,4:05.35,860
12.69,,25.92,41.96,59.36,1:05.82,51.03,1:48.05,4:05.49,859
,15.31,25.93,41.98,59.39,1:05.86,51.06,1:48.11,4:05.62,858
12.70,15.32,25.94,42.01,59.42,1:05.89,51.09,1:48.17,4:05.76,857
12.71,15.33,25.96,42.03,59.45,1:05.93,51.12,1:48.23,4:05.90,856
,15.34,25.97,42.05,59.48,1:05.97,51.14,1:48.29,4:06.03,855
12.72,15.35,25.98,42.07,59.50,1:06.01,51.17,1:48.35,4:06.17,854
,15.36,25.99,42.09,59.53,1:06.04,51.20,1:48.41,4:06.31,853
12.73,,26.00,42.11,59.56,1:06.08,51.23,1:48.47,4:06.45,852
,15.37,26.01,42.13,59.59,1:06.12,51.25,1:48.53,4:06.58,851
12.74,15.38,26.02,42.15,59.62,1:06.16,51.28,1:48.59,4:06.72,850
,15.39,26.04,42.17,59.65,1:06.19,51.31,1:48.65,4:06.86,849
12.75,15.40,26.05,42.19,59.68,1:06.23,51.34,1:48.72,4:06.99,848
,15.41,26.06,42.21,59.71,1:06.27,51.36,1:48.78,4:07.13,847
12.76,15.42,26.07,42.23,59.74,1:06.31,51.39,1:48.84,4:07.27,846
12.77,,26.08,42.25,59.77,1:06.34,51.42,1:48.90,4:07.41,845
,15.43,26.09,42.27,59.80,1:06.38,51.45,1:48.96,4:07.54,844
12.78,15.44,26.10,42.29,59.83,1:06.42,51.47,1:49.02,4:07.68,843
,15.45,26.12,42.31,59.86,1:06.46,51.50,1:49.08,4:07.82,842
12.79,15.46,26.13,42.33,59.89,1:06.49,51.53,1:49.14,4:07.96,841
,15.47,26.14,42.35,59.92,1:06.53,51.56,1:49.20,4:08.10,840
12.80,15.48,26.15,42.37,59.95,1:06.57,51.58,1:49.26,4:08.23,839
,,26.16,42.40,59.98,1:06.61,51.61,1:49.33,4:08.37,838
12.81,15.49,26.17,42.42,1:00.01,1:06.65,51.64,1:49.39,4:08.51,837
,15.50,26.18,42.44,1:00.04,1:06.68,51.67,1:49.45,4:08.65,836
12.82,15.51,26.20,42.46,1:00.07,1:06.72,51.69,1:49.51,4:08.79,835
12.83,15.52,26.21,42.48,1:00.10,1:06.76,51.72,1:49.57,4:08.93,834
,15.53,26.22,42.50,1:00.13,1:06.80,51.75,1:49.63,4:09.06,833
12.84,15.54,26.23,42.52,1:00.16,1:06.84,51.78,1:49.69,4:09.20,832
,15.55,26.24,42.54,1:00.19,1:06.87,51.81,1:49.76,4:09.34,831
12.85,,26.25,42.56,1:00.22,1:06.91,51.83,1:49.82,4:09.48,830
,15.56,26.27,42.58,1:00.25,1:06.95,51.86,1:49.88,4:09.62,829
12.86,15.57,26.28,42.60,1:00.28,1:06.99,51.89,1:49.94,4:09.76,828
,15.58,26.29,42.62,1:00.31,1:07.03,51.92,1:50.00,4:09.90,827
12.87,15.59,26.30,42.64,1:00.34,1:07.06,51.94,1:50.06,4:10.04,826
12.88,15.60,26.31,42.66,1:00.37,1:07.10,51.97,1:50.13,4:10.18,825
,15.61,26.32,42.69,1:00.40,1:07.14,52.00,1:50.19,4:10.32,824
12.89,15.62,26.34,42.71,1:00.43,1:07.18,52.03,1:50.25,4:10.45,823
,,26.35,42.73,1:00.46,1:07.22,52.06,1:50.31,4:10.59,822
12.90,15.63,26.36,42.75,1:00.49,1:07.25,52.08,1:50.37,4:10.73,821
,15.64,26.37,42.77,1:00.52,1:07.29,52.11,1:50.43,4:10.87,820
12.91,15.65,26.38,42.79,1:00.55,1:07.33,52.14,1:50.50,4:11.01,819
,15.66,26.39,42.81,1:00.58,1:07.37,52.17,1:50.56,4:11.15,818
12.92,15.67,26.41,42.83,1:00.61,1:07.41,52.20,1:50.62,4:11.29,817
12.93,15.68,26.42,42.85,1:00.64,1:07.45,52.22,1:50.68,4:11.43,816
,15.69,26.43,42.87,1:00.67,1:07.48,52.25,1:50.74,4:11.57,815
12.94,,26.44,42.89,1:00.70,1:07.52,52.28,1:50.81,4:11.71,814
,15.70,26.45,42.92,1:00.73,1:07.56,52.31,1:50.87,4:11.85,813
12.95,15.71,26.46,42.94,1:00.76,1:07.60,52.34,1:50.93,4:11.99,812
,15.72,26.48,42.96,1:00.79,1:07.64,52.36,1:50.99,4:12.13,811
12.96,15.73,26.49,42.98,1:00.82,1:07.68,52.39,1:51.06,4:12.27,810
,15.74,26.50,43.00,1:00.85,1:07.71,52.42,1:51.12,4:12.42,809
12.97,15.75,26.51,43.02,1:00.88,1:07.75,52.45,1:51.18,4:12.56,808
12.98,15.76,26.52,43.04,1:00.91,1:07.79,52.48,1:51.24,4:12.70,807
,,26.53,43.06,1:00.94,1:07.83,52.51,1:51.31,4:12.84,806
12.99,15.77,26.55,43.08,1:00.97,1:07.87,52.53,1:51.37,4:12.98,805
,15.78,26.56,43.10,1:01.01,1:07.91,52.56,1:51.43,4:13.12,804
13.00,15.79,26.57,43.13,1:01.04,1:07.95,52.59,1:51.49,4:13.26,803
,15.80,26.58,43.15,1:01.07,1:07.98,52.62,1:51.56,4:13.40,802
13.01,15.81,26.59,43.17,1:01.10,1:08.02,52.65,1:51.62,4:13.54,801
,15.82,26.61,43.19,1:01.13,1:08.06,52.67,1:51.68,4:13.68,800
13.02,15.83,26.62,43.21,1:01.16,1:08.10,52.70,1:51.74,4:13.83,799
13.03,15.84,26.63,43.23,1:01.19,1:08.14,52.73,1:51.81,4:13.97,798
,,26.64,43.25,1:01.22,1:08.18,52.76,1:51.87,4:14.11,797
13.04,15.85,26.65,43.27,1:01.25,1:08.22,52.79,1:51.93,4:14.25,796
,15.86,26.66,43.29,1:01.28,1:08.26,52.82,1:52.00,4:14.39,795
13.05,15.87,26.68,43.32,1:01.31,1:08.29,52.85,1:52.06,4:14.53,794
,15.88,26.69,43.34,1:01.34,1:08.33,52.87,1:52.12,4:14.68,793
13.06,15.89,26.70,43.36,1:01.37,1:08.37,52.90,1:52.18,4:14.82,792
13.07,15.90,26.71,43.38,1:01.40,1:08.41,52.93,1:52.25,4:14.96,791
,15.91,26.72,43.40,1:01.43,1:08.45,52.96,1:52.31,4:15.10,790
13.08,15.92,26.74,43.42,1:01.46,1:08.49,52.99,1:52.37,4:15.25,789
,,26.75,43.44,1:01.50,1:08.53,53.02,1:52.44,4:15.39,788
13.09,15.93,26.76,43.46,1:01.53,1:08.57,53.04,1:52.50,4:15.53,787
,15.94,26.77,43.49,1:01.56,1:08.61,53.07,1:52.56,4:15.67,786
13.10,15.95,26.78,43.51,1:01.59,1:08.65,53.10,1:52.63,4:15.82,785
,15.96,26.80,43.53,1:01.62,1:08.68,53.13,1:52.69,4:15.96,784
13.11,15.97,26.81,43.55,1:01.65,1:08.72,53.16,1:52.75,4:16.10,783
13.12,15.98,26.82,43.57,1:01.68,1:08.76,53.19,1:52.82,4:16.25,782
,15.99,26.83,43.59,1:01.71,1:08.80,53.22,1:52.88,4:16.39,781
13.13,16.00,26.84,43.61,1:01.74,1:08.84,53.24,1:52.94,4:16.53,780
,,26.85,43.64,1:01.77,1:08.88,53.27,1:53.01,4:16.67,779
13.14,16.01,26.87,43.66,1:01.80,1:08.92,53.30,1:53.07,4:16.82,778
,16.02,26.88,43.68,1:01.83,1:08.96,53.33,1:53.13,4:16.96,777
13.15,16.03,26.89,43.70,1:01.87,1:09.00,53.36,1:53.20,4:17.11,776
13.16,16.04,26.90,43.72,1:01.90,1:09.04,53.39,1:53.26,4:17.25,775
,16.05,26.91,43.74,1:01.93,1:09.08,53.42,1:53.32,4:17.39,774
13.17,16.06,26.93,43.76,1:01.96,1:09.12,53.45,1:53.39,4:17.54,773
,16.07,26.94,43.79,1:01.99,1:09.16,53.48,1:53.45,4:17.68,772
13.18,16.08,26.95,43.81,1:02.02,1:09.19,53.50,1:53.52,4:17.82,771
,16.09,26.96,43.83,1:02.05,1:09.23,53.53,1:53.58,4:17.97,770
13.19,,26.97,43.85,1:02.08,1:09.27,53.56,1:53.64,4:18.11,769
13.20,16.10,26.99,43.87,1:02.11,1:09.31,53.59,1:53.71,4:18.26,768
,16.11,27.00,43.89,1:02.15,1:09.35,53.62,1:53.77,4:18.40,767
13.21,16.12,27.01,43.92,1:02.18,1:09.39,53.65,1:53.84,4:18.55,766
,16.13,27.02,43.94,1:02.21,1:09.43,53.68,1:53.90,4:18.69,765
13.22,16.14,27.04,43.96,1:02.24,1:09.47,53.71,1:53.96,4:18.84,764
,16.15,27.05,43.98,1:02.27,1:09.51,53.74,1:54.03,4:18.98,763
13.23,16.16,27.06,44.00,1:02.30,1:09.55,53.76,1:54.09,4:19.12,762
13.24,16.17,27.07,44.02,1:02.33,1:09.59,53.79,1:54.16,4:19.27,761
,16.18,27.08,44.04,1:02.36,1:09.63,53.82,1:54.22,4:19.41,760
13.25,16.19,27.10,44.07,1:02.40,1:09.67,53.85,1:54.29,4:19.56,759
,,27.11,44.09,1:02.43,1:09.71,53.88,1:54.35,4:19.71,758
13.26,16.20,27.12,44.11,1:02.46,1:09.75,53.91,1:54.41,4:19.85,757
13.27,16.21,27.13,44.13,1:02.49,1:09.79,53.94,1:54.48,4:20.00,756
,16.22,27.14,44.15,1:02.52,1:09.83,53.97,1:54.54,4:20.14,755
13.28,16.23,27.16,44.18,1:02.55,1:09.87,54.00,1:54.61,4:20.29,754
,16.24,27.17,44.20,1:02.58,1:09.91,54.03,1:54.67,4:20.43,753
13.29,16.25,27.18,44.22,1:02.62,1:09.95,54.06,1:54.74,4:20.58,752
,16.26,27.19,44.24,1:02.65,1:09.99,54.08,1:54.80,4:20.72,751
13.30,16.27,27.21,44.26,1:02.68,1:10.03,54.11,1:54.87,4:20.87,750
13.31,16.28,27.22,44.28,1:02.71,1:10.07,54.14,1:54.93,4:21.02,749
,16.29,27.23,44.31,1:02.74,1:10.11,54.17,1:55.00,4:21.16,748
13.32,16.30,27.24,44.33,1:02.77,1:10.15,54.20,1:55.06,4:21.31,747
,,27.25,44.35,1:02.81,1:10.19,54.23,1:55.13,4:21.46,746
13.33,16.31,27.27,44.37,1:02.84,1:10.23,54.26,1:55.19,4:21.60,745
,16.32,27.28,44.39,1:02.87,1:10.27,54.29,1:55.26,4:21.75,744
13.34,16.33,27.29,44.42,1:02.90,1:10.31,54.32,1:55.32,4:21.90,743
13.35,16.34,27.30,44.44,1:02.93,1:10.35,54.35,1:55.39,4:22.04,742
,16.35,27.32,44.46,1:02.96,1:10.39,54.38,1:55.45,4:22.19,741
13.36,16.36,27.33,44.48,1:03.00,1:10.43,54.41,1:55.52,4:22.34,740
,16.37,27.34,44.50,1:03.03,1:10.47,54.44,1:55.58,4:22.48,739
13.37,16.38,27.35,44.53,1:03.06,1:10.51,54.47,1:55.65,4:22.63,738
13.38,16.39,27.36,44.55,1:03.09,1:10.55,54.50,1:55.71,4:22.78,737
,16.40,27.38,44.57,1:03.12,1:10.59,54.53,1:55.78,4:22.93,736
13.39,16.41,27.39,44.59,1:03.15,1:10.63,54.55,1:55.84,4:23.07,735
,,27.40,44.61,1:03.19,1:10.67,54.58,1:55.91,4:23.22,734
13.40,16.42,27.41,44.64,1:03.22,1:10.71,54.61,1:55.97,4:23.37,733
,16.43,27.43,44.66,1:03.25,1:10.75,54.64,1:56.04,4:23.52,732
13.41,16.44,27.44,44.68,1:03.28,1:10.79,54.67,1:56.10,4:23.66,731
13.42,16.45,27.45,44.70,1:03.31,1:10.83,54.70,1:56.17,4:23.81,730
,16.46,27.46,44.72,1:03.35,1:10.87,54.73,1:56.24,4:23.96,729
13.43,16.47,27.48,44.75,1:03.38,1:10.91,54.76,1:56.30,4:24.11,728
,16.48,27.49,44.77,1:03.41,1:10.96,54.79,1:56.37,4:24.26,727
13.44,16.49,27.50,44.79,1:03.44,1:11.00,54.82,1:56.43,4:24.41,726
13.45,16.50,27.51,44.81,1:03.47,1:11.04,54.85,1:56.50,4:24.55,725
,16.51,27.52,44.83,1:03.51,1:11.08,54.88,1:56.56,4:24.70,724
13.46,16.52,27.54,44.86,1:03.54,1:11.12,54.91,1:56.63,4:24.85,723
,16.53,27.55,44.88,1:03.57,1:11.16,54.94,1:56.70,4:25.00,722
13.47,16.54,27.56,44.90,1:03.60,1:11.20,54.97,1:56.76,4:25.15,721
13.48,,27.57,44.92,1:03.63,1:11.24,55.00,1:56.83,4:25.30,720
,16.55,27.59,44.95,1:03.67,1:11.28,55.03,1:56.89,4:25.45,719
13.49,16.56,27.60,44.97,1:03.70,1:11.32,55.06,1:56.96,4:25.60,718
,16.57,27.61,44.99,1:03.73,1:11.36,55.09,1:57.03,4:25.75,717
13.50,16.58,27.62,45.01,1:03.76,1:11.40,55.12,1:57.09,4:25.90,716
13.51,16.59,27.64,45.04,1:03.80,1:11.44,55.15,1:57.16,4:26.04,715
,16.60,27.65,45.06,1:03.83,1:11.49,55.18,1:57.23,4:26.19,714
13.52,16.61,27.66,45.08,1:03.86,1:11.53,55.21,1:57.29,4:26.34,713
,16.62,27.67,45.10,1:03.89,1:11.57,55.24,1:57.36,4:26.49,712
13.53,16.63,27.69,45.12,1:03.93,1:11.61,55.27,1:57.43,4:26.64,711
,16.64,27.70,45.15,1:03.96,1:11.65,55.30,1:57.49,4:26.79,710
13.54,16.65,27.71,45.17,1:03.99,1:11.69,55.33,1:57.56,4:26.94,709
13.55,16.66,27.72,45.19,1:04.02,1:11.73,55.36,1:57.63,4:27.09,708
,16.67,27.74,45.21,1:04.06,1:11.77,55.39,1:57.69,4:27.25,707
13.56,16.68,27.75,45.24,1:04.09,1:11.81,55.42,1:57.76,4:27.40,706
,16.69,27.76,45.26,1:04.12,1:11.86,55.45,1:57.83,4:27.55,705
13.57,16.70,27.77,45.28,1:04.15,1:11.90,55.48,1:57.89,4:27.70,704
13.58,,27.79,45.30,1:04.19,1:11.94,55.51,1:57.96,4:27.85,703
,16.71,27.80,45.33,1:04.22,1:11.98,55.54,1:58.03,4:28.00,702
13.59,16.72,27.81,45.35,1:04.25,1:12.02,55.57,1:58.09,4:28.15,701
,16.73,27.83,45.37,1:04.28,1:12.06,55.60,1:58.16,4:28.30,700
13.60,16.74,27.84,45.39,1:04.32,1:12.10,55.63,1:58.23,4:28.45,699
13.61,16.75,27.85,45.42,1:04.35,1:12.14,55.66,1:58.29,4:28.60,698
,16.76,27.86,45.44,1:04.38,1:12.19,55.69,1:58.36,4:28.76,697
13.62,16.77,27.88,45.46,1:04.41,1:12.23,55.72,1:58.43,4:28.91,696
,16.78,27.89,45.49,1:04.45,1:12.27,55.75,1:58.50,4:29.06,695
13.63,16.79,27.90,45.51,1:04.48,1:12.31,55.78,1:58.56,4:29.21,694
13.64,16.80,27.91,45.53,1:04.51,1:12.35,55.81,1:58.63,4:29.36,693
,16.81,27.93,45.55,1:04.55,1:12.39,55.84,1:58.70,4:29.51,692
13.65,16.82,27.94,45.58,1:04.58,1:12.44,55.88,1:58.77,4:29.67,691
,16.83,27.95,45.60,1:04.61,1:12.48,55.91,1:58.83,4:29.82,690
13.66,16.84,27.96,45.62,1:04.64,1:12.52,55.94,1:58.90,4:29.97,689
13.67,16.85,27.98,45.64,1:04.68,1:12.56,55.97,1:58.97,4:30.12,688
,16.86,27.99,45.67,1:04.71,1:12.60,56.00,1:59.04,4:30.28,687
13.68,16.87,28.00,45.69,1:04.74,1:12.64,56.03,1:59.10,4:30.43,686
13.69,16.88,28.02,45.71,1:04.78,1:12.69,56.06,1:59.17,4:30.58,685
,16.89,28.03,45.74,1:04.81,1:12.73,56.09,1:59.24,4:30.73,684
13.70,16.90,28.04,45.76,1:04.84,1:12.77,56.12,1:59.31,4:30.89,683
,,28.05,45.78,1:04.87,1:12.81,56.15,1:59.37,4:31.04,682
13.71,16.91,28.07,45.80,1:04.91,1:12.85,56.18,1:59.44,4:31.19,681
13.72,16.92,28.08,45.83,1:04.94,1:12.90,56.21,1:59.51,4:31.35,680
,16.93,28.09,45.85,1:04.97,1:12.94,56.24,1:59.58,4:31.50,679
13.73,16.94,28.11,45.87,1:05.01,1:12.98,56.27,1:59.65,4:31.65,678
,16.95,28.12,45.90,1:05.04,1:13.02,56.30,1:59.71,4:31.81,677
13.74,16.96,28.13,45.92,1:05.07,1:13.06,56.33,1:59.78,4:31.96,676
13.75,16.97,28.14,45.94,1:05.11,1:13.11,56.37,1:59.85,4:32.12,675
,16.98,28.16,45.97,1:05.14,1:13.15,56.40,1:59.92,4:32.27,674
13.76,16.99,28.17,45.99,1:05.17,1:13.19,56.43,1:59.99,4:32.42,673
,17.00,28.18,46.01,1:05.21,1:13.23,56.46,2:00.06,4:32.58,672
13.77,17.01,28.20,46.03,1:05.24,1:13.27,56.49,2:00.12,4:32.73,671
13.78,17.02,28.21,46.06,1:05.27,1:13.32,56.52,2:00.19,4:32.89,670
,17.03,28.22,46.08,1:05.31,1:13.36,56.55,2:00.26,4:33.04,669
13.79,17.04,28.23,46.10,1:05.34,1:13.40,56.58,2:00.33,4:33.20,668
13.80,17.05,28.25,46.13,1:05.37,1:13.44,56.61,2:00.40,4:33.35,667
,17.06,28.26,46.15,1:05.41,1:13.49,56.64,2:00.47,4:33.51,666
13.81,17.07,28.27,46.17,1:05.44,1:13.53,56.68,2:00.54,4:33.66,665
,17.08,28.29,46.20,1:05.47,1:13.57,56.71,2:00.60,4:33.82,664
13.82,17.09,28.30,46.22,1:05.51,1:13.61,56.74,2:00.67,4:33.97,663
13.83,17.10,28.31,46.24,1:05.54,1:13.66,56.77,2:00.74,4:34.13,662
,17.11,28.32,46.27,1:05.58,1:13.70,56.80,2:00.81,4:34.28,661
13.84,17.12,28.34,46.29,1:05.61,1:13.74,56.83,2:00.88,4:34.44,660
,17.13,28.35,46.31,1:05.64,1:13.78,56.86,2:00.95,4:34.59,659
13.85,17.14,28.36,46.34,1:05.68,1:13.83,56.89,2:01.02,4:34.75,658
13.86,17.15,28.38,46.36,1:05.71,1:13.87,56.92,2:01.09,4:34.91,657
,17.16,28.39,46.38,1:05.74,1:13.91,56.96,2:01.16,4:35.06,656
13.87,17.17,28.40,46.41,1:05.78,1:13.96,56.99,2:01.23,4:35.22,655
13.88,17.18,28.42,46.43,1:05.81,1:14.00,57.02,2:01.30,4:35.37,654
,17.19,28.43,46.45,1:05.84,1:14.04,57.05,2:01.36,4:35.53,653
13.89,17.20,28.44,46.48,1:05.88,1:14.08,57.08,2:01.43,4:35.69,652
,17.21,28.45,46.50,1:05.91,1:14.13,57.11,2:01.50,4:35.84,651
13.90,17.22,28.47,46.52,1:05.95,1:14.17,57.14,2:01.57,4:36.00,650
13.91,17.23,28.48,46.55,1:05.98,1:14.21,57.18,2:01.64,4:36.16,649
,17.24,28.49,46.57,1:06.01,1:14.26,57.21,2:01.71,4:36.32,648
13.92,,28.51,46.59,1:06.05,1:14.30,57.24,2:01.78,4:36.47,647
13.93,17.25,28.52,46.62,1:06.08,1:14.34,57.27,2:01.85,4:36.63,646
,17.26,28.53,46.64,1:06.12,1:14.38,57.30,2:01.92,4:36.79,645
13.94,17.27,28.55,46.66,1:06.15,1:14.43,57.33,2:01.99,4:36.95,644
,17.28,28.56,46.69,1:06.18,1:14.47,57.36,2:02.06,4:37.10,643
13.95,17.29,28.57,46.71,1:06.22,1:14.51,57.40,2:02.13,4:37.26,642
13.96,17.30,28.59,46.73,1:06.25,1:14.56,57.43,2:02.20,4:37.42,641
,17.31,28.60,46.76,1:06.29,1:14.60,57.46,2:02.27,4:37.58,640
13.97,17.32,28.61,46.78,1:06.32,1:14.64,57.49,2:02.34,4:37.74,639
13.98,17.33,28.63,46.81,1:06.35,1:14.69,57.52,2:02.41,4:37.89,638
,17.34,28.64,46.83,1:06.39,1:14.73,57.55,2:02.48,4:38.05,637
13.99,17.35,28.65,46.85,1:06.42,1:14.77,57.59,2:02.55,4:38.21,636
,17.36,28.67,46.88,1:06.46,1:14.82,57.62,2:02.62,4:38.37,635
14.00,17.37,28.68,46.90,1:06.49,1:14.86,57.65,2:02.69,4:38.53,634
14.01,17.38,28.69,46.92,1:06.53,1:14.90,57.68,2:02.76,4:38.69,633
,17.39,28.71,46.95,1:06.56,1:14.95,57.71,2:02.83,4:38.85,632
14.02,17.40,28.72,46.97,1:06.59,1:14.99,57.75,2:02.90,4:39.01,631
14.03,17.41,28.73,46.99,1:06.63,1:15.03,57.78,2:02.98,4:39.16,630
,17.42,28.75,47.02,1:06.66,1:15.08,57.81,2:03.05,4:39.32,629
14.04,17.43,28.76,47.04,1:06.70,1:15.12,57.84,2:03.12,4:39.48,628
,17.44,28.77,47.07,1:06.73,1:15.17,57.87,2:03.19,4:39.64,627
14.05,17.45,28.79,47.09,1:06.77,1:15.21,57.91,2:03.26,4:39.80,626
14.06,17.46,28.80,47.11,1:06.80,1:15.25,57.94,2:03.33,4:39.96,625
,17.47,28.81,47.14,1:06.84,1:15.30,57.97,2:03.40,4:40.12,624
14.07,17.48,28.83,47.16,1:06.87,1:15.34,58.00,2:03.47,4:40.28,623
14.08,17.49,28.84,47.19,1:06.91,1:15.38,58.03,2:03.54,4:40.44,622
,17.50,28.85,47.21,1:06.94,1:15.43,58.07,2:03.61,4:40.60,621
14.09,17.51,28.87,47.23,1:06.97,1:15.47,58.10,2:03.68,4:40.76,620
14.10,17.52,28.88,47.26,1:07.01,1:15.52,58.13,2:03.76,4:40.93,619
,17.53,28.89,47.28,1:07.04,1:15.56,58.16,2:03.83,4:41.09,618
14.11,17.54,28.91,47.31,1:07.08,1:15.60,58.19,2:03.90,4:41.25,617
,17.55,28.92,47.33,1:07.11,1:15.65,58.23,2:03.97,4:41.41,616
14.12,17.56,28.93,47.35,1:07.15,1:15.69,58.26,2:04.04,4:41.57,615
14.13,17.57,28.95,47.38,1:07.18,1:15.74,58.29,2:04.11,4:41.73,614
,17.58,28.96,47.40,1:07.22,1:15.78,58.32,2:04.18,4:41.89,613
14.14,17.59,28.97,47.43,1:07.25,1:15.83,58.36,2:04.26,4:42.05,612
14.15,17.60,28.99,47.45,1:07.29,1:15.87,58.39,2:04.33,4:42.22,611
,17.61,29.00,47.48,1:07.32,1:15.91,58.42,2:04.40,4:42.38,610
14.16,17.63,29.01,47.50,1:07.36,1:15.96,58.45,2:04.47,4:42.54,609
14.17,17.64,29.03,47.52,1:07.39,1:16.00,58.49,2:04.54,4:42.70,608
,17.65,29.04,47.55,1:07.43,1:16.05,58.52,2:04.62,4:42.86,607
14.18,17.66,29.05,47.57,1:07.46,1:16.09,58.55,2:04.69,4:43.03,606
14.19,17.67,29.07,47.60,1:07.50,1:16.14,58.58,2:04.76,4:43.19,605
,17.68,29.08,47.62,1:07.53,1:16.18,58.62,2:04.83,4:43.35,604
14.20,17.69,29.10,47.64,1:07.57,1:16.23,58.65,2:04.90,4:43.52,603
,17.70,29.11,47.67,1:07.60,1:16.27,58.68,2:04.98,4:43.68,602
14.21,17.71,29.12,47.69,1:07.64,1:16.31,58.71,2:05.05,4:43.84,601
14.22,17.72,29.14,47.72,1:07.67,1:16.36,58.75,2:05.12,4:44.00,600
,17.73,29.15,47.74,1:07.71,1:16.40,58.78,2:05.19,4:44.17,599
14.23,17.74,29.16,47.77,1:07.74,1:16.45,58.81,2:05.27,4:44.33,598
14.24,17.75,29.18,47.79,1:07.78,1:16.49,58.84,2:05.34,4:44.50,597
,17.76,29.19,47.82,1:07.82,1:16.54,58.88,2:05.41,4:44.66,596
14.25,17.77,29.20,47.84,1:07.85,1:16.58,58.91,2:05.48,4:44.82,595
14.26,17.78,29.22,47.86,1:07.89,1:16.63,58.94,2:05.56,4:44.99,594
,17.79,29.23,47.89,1:07.92,1:16.67,58.98,2:05.63,4:45.15,593
14.27,17.80,29.25,47.91,1:07.96,1:16.72,59.01,2:05.70,4:45.32,592
14.28,17.81,29.26,47.94,1:07.99,1:16.76,59.04,2:05.77,4:45.48,591
,17.82,29.27,47.96,1:08.03,1:16.81,59.08,2:05.85,4:45.64,590
14.29,17.83,29.29,47.99,1:08.06,1:16.85,59.11,2:05.92,4:45.81,589
14.30,17.84,29.30,48.01,1:08.10,1:16.90,59.14,2:05.99,4:45.97,588
,17.85,29.31,48.04,1:08.14,1:16.94,59.17,2:06.07,4:46.14,587
14.31,17.86,29.33,48.06,1:08.17,1:16.99,59.21,2:06.14,4:46.30,586
14.32,17.87,29.34,48.09,1:08.21,1:17.03,59.24,2:06.21,4:46.47,585
,17.88,29.36,48.11,1:08.24,1:17.08,59.27,2:06.29,4:46.64,584
14.33,17.89,29.37,48.14,1:08.28,1:17.12,59.31,2:06.36,4:46.80,583
14.34,17.90,29.38,48.16,1:08.31,1:17.17,59.34,2:06.43,4:46.97,582
,17.91,29.40,48.19,1:08.35,1:17.22,59.37,2:06.51,4:47.13,581
14.35,17.92,29.41,48.21,1:08.39,1:17.26,59.41,2:06.58,4:47.30,580
14.36,17.93,29.42,48.23,1:08.42,1:17.31,59.44,2:06.65,4:47.46,579
,17.94,29.44,48.26,1:08.46,1:17.35,59.47,2:06.73,4:47.63,578
14.37,17.95,29.45,48.28,1:08.49,1:17.40,59.51,2:06.80,4:47.80,577
,17.96,29.47,48.31,1:08.53,1:17.44,59.54,2:06.88,4:47.96,576
14.38,17.98,29.48,48.33,1:08.57,1:17.49,59.57,2:06.95,4:48.13,575
14.39,17.99,29.49,48.36,1:08.60,1:17.53,59.61,2:07.02,4:48.30,574
,18.00,29.51,48.38,1:08.64,1:17.58,59.64,2:07.10,4:48.47,573
14.40,18.01,29.52,48.41,1:08.67,1:17.63,59.67,2:07.17,4:48.63,572
14.41,18.02,29.54,48.43,1:08.71,1:17.67,59.71,2:07.25,4:48.80,571
,18.03,29.55,48.46,1:08.75,1:17.72,59.74,2:07.32,4:48.97,570
14.42,18.04,29.56,48.48,1:08.78,1:17.76,59.77,2:07.39,4:49.13,569
14.43,18.05,29.58,48.51,1:08.82,1:17.81,59.81,2:07.47,4:49.30,568
,18.06,29.59,48.53,1:08.85,1:17.86,59.84,2:07.54,4:49.47,567
14.44,18.07,29.61,48.56,1:08.89,1:17.90,59.87,2:07.62,4:49.64,566
14.45,18.08,29.62,48.58,1:08.93,1:17.95,59.91,2:07.69,4:49.81,565
,18.09,29.63,48.61,1:08.96,1:17.99,59.94,2:07.77,4:49.98,564
14.46,18.10,29.65,48.64,1:09.00,1:18.04,59.98,2:07.84,4:50.14,563
14.47,18.11,29.66,48.66,1:09.04,1:18.09,1:00.01,2:07.92,4:50.31,562
,18.12,29.68,48.69,1:09.07,1:18.13,1:00.04,2:07.99,4:50.48,561
14.48,18.13,29.69,48.71,1:09.11,1:18.18,1:00.08,2:08.07,4:50.65,560
14.49,18.14,29.70,48.74,1:09.15,1:18.22,1:00.11,2:08.14,4:50.82,559
,18.15,29.72,48.76,1:09.18,1:18.27,1:00.15,2:08.22,4:50.99,558
14.50,18.16,29.73,48.79,1:09.22,1:18.32,1:00.18,2:08.29,4:51.16,557
14.51,18.18,29.75,48.81,1:09.26,1:18.36,1:00.21,2:08.37,4:51.33,556
14.52,18.19,29.76,48.84,1:09.29,1:18.41,1:00.25,2:08.44,4:51.50,555
,18.20,29.78,48.86,1:09.33,1:18.46,1:00.28,2:08.52,4:51.67,554
14.53,18.21,29.79,48.89,1:09.37,1:18.50,1:00.32,2:08.59,4:51.84,553
14.54,18.22,29.80,48.91,1:09.40,1:18.55,1:00.35,2:08.67,4:52.01,552
,18.23,29.82,48.94,1:09.44,1:18.60,1:00.38,2:08.74,4:52.18,551
14.55,18.24,29.83,48.96,1:09.48,1:18.64,1:00.42,2:08.82,4:52.35,550
14.56,18.25,29.85,48.99,1:09.51,1:18.69,1:00.45,2:08.89,4:52.52,549
,18.26,29.86,49.02,1:09.55,1:18.74,1:00.49,2:08.97,4:52.69,548
14.57,18.27,29.88,49.04,1:09.59,1:18.78,1:00.52,2:09.05,4:52.86,547
14.58,18.28,29.89,49.07,1:09.62,1:18.83,1:00.55,2:09.12,4:53.03,546
,18.29,29.90,49.09,1:09.66,1:18.88,1:00.59,2:09.20,4:53.20,545
14.59,18.30,29.92,49.12,1:09.70,1:18.92,1:00.62,2:09.27,4:53.37,544
14.60,18.31,29.93,49.14,1:09.73,1:18.97,1:00.66,2:09.35,4:53.55,543
,18.33,29.95,49.17,1:09.77,1:19.02,1:00.69,2:09.43,4:53.72,542
14.61,18.34,29.96,49.19,1:09.81,1:19.06,1:00.73,2:09.50,4:53.89,541
14.62,18.35,29.98,49.22,1:09.85,1:19.11,1:00.76,2:09.58,4:54.06,540
,18.36,29.99,49.25,1:09.88,1:19.16,1:00.80,2:09.66,4:54.23,539
14.63,18.37,30.00,49.27,1:09.92,1:19.21,1:00.83,2:09.73,4:54.41,538
14.64,18.38,30.02,49.30,1:09.96,1:19.25,1:00.86,2:09.81,4:54.58,537
,18.39,30.03,49.32,1:10.00,1:19.30,1:00.90,2:09.88,4:54.75,536
14.65,18.40,30.05,49.35,1:10.03,1:19.35,1:00.93,2:09.96,4:54.92,535
14.66,18.41,30.06,49.38,1:10.07,1:19.40,1:00.97,2:10.04,4:55.10,534
,18.42,30.08,49.40,1:10.11,1:19.44,1:01.00,2:10.11,4:55.27,533
14.67,18.43,30.09,49.43,1:10.14,1:19.49,1:01.04,2:10.19,4:55.44,532
14.68,18.44,30.11,49.45,1:10.18,1:19.54,1:01.07,2:10.27,4:55.62,531
14.69,18.46,30.12,49.48,1:10.22,1:19.59,1:01.11,2:10.35,4:55.79,530
,18.47,30.13,49.50,1:10.26,1:19.63,1:01.14,2:10.42,4:55.97,529
14.70,18.48,30.15,49.53,1:10.29,1:19.68,1:01.18,2:10.50,4:56.14,528
14.71,18.49,30.16,49.56,1:10.33,1:19.73,1:01.21,2:10.58,4:56.31,527
,18.50,30.18,49.58,1:10.37,1:19.78,1:01.25,2:10.65,4:56.49,526
14.72,18.51,30.19,49.61,1:10.41,1:19.82,1:01.28,2:10.73,4:56.66,525
14.73,18.52,30.21,49.63,1:10.45,1:19.87,1:01.32,2:10.81,4:56.84,524
,18.53,30.22,49.66,1:10.48,1:19.92,1:01.35,2:10.89,4:57.01,523
14.74,18.54,30.24,49.69,1:10.52,1:19.97,1:01.39,2:10.96,4:57.19,522
14.75,18.55,30.25,49.71,1:10.56,1:20.02,1:01.42,2:11.04,4:57.36,521
,18.56,30.27,49.74,1:10.60,1:20.06,1:01.46,2:11.12,4:57.54,520
14.76,18.58,30.28,49.77,1:10.63,1:20.11,1:01.49,2:11.20,4:57.71,519
14.77,18.59,30.29,49.79,1:10.67,1:20.16,1:01.53,2:11.27,4:57.89,518
14.78,18.60,30.31,49.82,1:10.71,1:20.21,1:01.56,2:11.35,4:58.06,517
,18.61,30.32,49.84,1:10.75,1:20.26,1:01.60,2:11.43,4:58.24,516
14.79,18.62,30.34,49.87,1:10.79,1:20.30,1:01.63,2:11.51,4:58.42,515
14.80,18.63,30.35,49.90,1:10.82,1:20.35,1:01.67,2:11.59,4:58.59,514
,18.64,30.37,49.92,1:10.86,1:20.40,1:01.70,2:11.67,4:58.77,513
14.81,18.65,30.38,49.95,1:10.90,1:20.45,1:01.74,2:11.74,4:58.95,512
14.82,18.66,30.40,49.98,1:10.94,1:20.50,1:01.77,2:11.82,4:59.12,511
,18.68,30.41,50.00,1:10.98,1:20.55,1:01.81,2:11.90,4:59.30,510
14.83,18.69,30.43,50.03,1:11.02,1:20.59,1:01.85,2:11.98,4:59.48,509
14.84,18.70,30.44,50.06,1:11.05,1:20.64,1:01.88,2:12.06,4:59.66,508
14.85,18.71,30.46,50.08,1:11.09,1:20.69,1:01.92,2:12.14,4:59.83,507
,18.72,30.47,50.11,1:11.13,1:20.74,1:01.95,2:12.22,5:00.01,506
14.86,18.73,30.49,50.14,1:11.17,1:20.79,1:01.99,2:12.29,5:00.19,505
14.87,18.74,30.50,50.16,1:11.21,1:20.84,1:02.02,2:12.37,5:00.37,504
,18.75,30.52,50.19,1:11.25,1:20.89,1:02.06,2:12.45,5:00.54,503
14.88,18.76,30.53,50.22,1:11.28,1:20.93,1:02.09,2:12.53,5:00.72,502
14.89,18.78,30.55,50.24,1:11.32,1:20.98,1:02.13,2:12.61,5:00.90,501
14.90,18.79,30.56,50.27,1:11.36,1:21.03,1:02.17,2:12.69,5:01.08,500
,18.80,30.58,50.30,1:11.40,1:21.08,1:02.20,2:12.77,5:01.26,499
14.91,18.81,30.59,50.32,1:11.44,1:21.13,1:02.24,2:12.85,5:01.44,498
14.92,18.82,30.61,50.35,1:11.48,1:21.18,1:02.27,2:12.93,5:01.62,497
,18.83,30.62,50.38,1:11.52,1:21.23,1:02.31,2:13.01,5:01.80,496
14.93,18.84,30.64,50.40,1:11.56,1:21.28,1:02.35,2:13.09,5:01.98,495
14.94,18.85,30.65,50.43,1:11.59,1:21.33,1:02.38,2:13.17,5:02.16,494
14.95,18.87,30.67,50.46,1:11.63,1:21.38,1:02.42,2:13.25,5:02.34,493
,18.88,30.68,50.48,1:11.67,1:21.43,1:02.45,2:13.33,5:02.52,492
14.96,18.89,30.70,50.51,1:11.71,1:21.48,1:02.49,2:13.41,5:02.70,491
14.97,18.90,30.71,50.54,1:11.75,1:21.52,1:02.53,2:13.49,5:02.88,490
,18.91,30.73,50.56,1:11.79,1:21.57,1:02.56,2:13.57,5:03.06,489
14.98,18.92,30.74,50.59,1:11.83,1:21.62,1:02.60,2:13.65,5:03.24,488
14.99,18.93,30.76,50.62,1:11.87,1:21.67,1:02.64,2:13.73,5:03.42,487
15.00,18.94,30.77,50.65,1:11.91,1:21.72,1:02.67,2:13.81,5:03.60,486
,18.96,30.79,50.67,1:11.95,1:21.77,1:02.71,2:13.89,5:03.79,485
15.01,18.97,30.80,50.70,1:11.98,1:21.82,1:02.74,2:13.97,5:03.97,484
15.02,18.98,30.82,50.73,1:12.02,1:21.87,1:02.78,2:14.05,5:04.15,483
,18.99,30.83,50.75,1:12.06,1:21.92,1:02.82,2:14.13,5:04.33,482
15.03,19.00,30.85,50.78,1:12.10,1:21.97,1:02.85,2:14.21,5:04.51,481
15.04,19.01,30.86,50.81,1:12.14,1:22.02,1:02.89,2:14.29,5:04.70,480
15.05,19.02,30.88,50.84,1:12.18,1:22.07,1:02.93,2:14.37,5:04.88,479
,19.04,30.89,50.86,1:12.22,1:22.12,1:02.96,2:14.45,5:05.06,478
15.06,19.05,30.91,50.89,1:12.26,1:22.17,1:03.00,2:14.54,5:05.24,477
15.07,19.06,30.92,50.92,1:12.30,1:22.22,1:03.04,2:14.62,5:05.43,476
15.08,19.07,30.94,50.95,1:12.34,1:22.27,1:03.07,2:14.70,5:05.61,475
,19.08,30.95,50.97,1:12.38,1:22.32,1:03.11,2:14.78,5:05.79,474
15.09,19.09,30.97,51.00,1:12.42,1:22.37,1:03.15,2:14.86,5:05.98,473
15.10,19.10,30.99,51.03,1:12.46,1:22.42,1:03.18,2:14.94,5:06.16,472
,19.12,31.00,51.06,1:12.50,1:22.47,1:03.22,2:15.02,5:06.35,471
15.11,19.13,31.02,51.08,1:12.54,1:22.52,1:03.26,2:15.11,5:06.53,470
15.12,19.14,31.03,51.11,1:12.58,1:22.57,1:03.29,2:15.19,5:06.72,469
15.13,19.15,31.05,51.14,1:12.62,1:22.63,1:03.33,2:15.27,5:06.90,468
,19.16,31.06,51.17,1:12.66,1:22.68,1:03.37,2:15.35,5:07.09,467
15.14,19.17,31.08,51.19,1:12.70,1:22.73,1:03.41,2:15.43,5:07.27,466
15.15,19.19,31.09,51.22,1:12.74,1:22.78,1:03.44,2:15.52,5:07.46,465
15.16,19.20,31.11,51.25,1:12.78,1:22.83,1:03.48,2:15.60,5:07.64,464
,19.21,31.12,51.28,1:12.82,1:22.88,1:03.52,2:15.68,5:07.83,463
15.17,19.22,31.14,51.30,1:12.86,1:22.93,1:03.55,2:15.76,5:08.01,462
15.18,19.23,31.16,51.33,1:12.90,1:22.98,1:03.59,2:15.85,5:08.20,461
15.19,19.24,31.17,51.36,1:12.94,1:23.03,1:03.63,2:15.93,5:08.39,460
,19.26,31.19,51.39,1:12.98,1:23.08,1:03.67,2:16.01,5:08.57,459
15.20,19.27,31.20,51.42,1:13.02,1:23.13,1:03.70,2:16.09,5:08.76,458
15.21,19.28,31.22,51.44,1:13.06,1:23.19,1:03.74,2:16.18,5:08.95,457
15.22,19.29,31.23,51.47,1:13.10,1:23.24,1:03.78,2:16.26,5:09.13,456
,19.30,31.25,51.50,1:13.14,1:23.29,1:03.82,2:16.34,5:09.32,455
15.23,19.31,31.26,51.53,1:13.18,1:23.34,1:03.85,2:16.43,5:09.51,454
15.24,19.33,31.28,51.56,1:13.22,1:23.39,1:03.89,2:16.51,5:09.70,453
,19.34,31.30,51.58,1:13.26,1:23.44,1:03.93,2:16.59,5:09.89,452
15.25,19.35,31.31,51.61,1:13.30,1:23.49,1:03.97,2:16.68,5:10.07,451
15.26,19.36,31.33,51.64,1:13.34,1:23.55,1:04.00,2:16.76,5:10.26,450
15.27,19.37,31.34,51.67,1:13.38,1:23.60,1:04.04,2:16.84,5:10.45,449
,19.39,31.36,51.70,1:13.43,1:23.65,1:04.08,2:16.93,5:10.64,448
15.28,19.40,31.37,51.73,1:13.47,1:23.70,1:04.12,2:17.01,5:10.83,447
15.29,19.41,31.39,51.75,1:13.51,1:23.75,1:04.16,2:17.09,5:11.02,446
15.30,19.42,31.41,51.78,1:13.55,1:23.80,1:04.19,2:17.18,5:11.21,445
,19.43,31.42,51.81,1:13.59,1:23.86,1:04.23,2:17.26,5:11.40,444
15.31,19.44,31.44,51.84,1:13.63,1:23.91,1:04.27,2:17.35,5:11.59,443
15.32,19.46,31.45,51.87,1:13.67,1:23.96,1:04.31,2:17.43,5:11.78,442
15.33,19.47,31.47,51.90,1:13.71,1:24.01,1:04.35,2:17.52,5:11.97,441
15.34,19.48,31.49,51.92,1:13.75,1:24.06,1:04.38,2:17.60,5:12.16,440
,19.49,31.50,51.95,1:13.79,1:24.12,1:04.42,2:17.68,5:12.35,439
15.35,19.50,31.52,51.98,1:13.84,1:24.17,1:04.46,2:17.77,5:12.54,438
15.36,19.52,31.53,52.01,1:13.88,1:24.22,1:04.50,2:17.85,5:12.73,437
15.37,19.53,31.55,52.04,1:13.92,1:24.27,1:04.54,2:17.94,5:12.92,436
,19.54,31.57,52.07,1:13.96,1:24.33,1:04.58,2:18.02,5:13.12,435
15.38,19.55,31.58,52.10,1:14.00,1:24.38,1:04.61,2:18.11,5:13.31,434
15.39,19.56,31.60,52.12,1:14.04,1:24.43,1:04.65,2:18.19,5:13.50,433
15.40,19.58,31.61,52.15,1:14.08,1:24.48,1:04.69,2:18.28,5:13.69,432
,19.59,31.63,52.18,1:14.13,1:24.54,1:04.73,2:18.36,5:13.88,431
15.41,19.60,31.65,52.21,1:14.17,1:24.59,1:04.77,2:18.45,5:14.08,430
15.42,19.61,31.66,52.24,1:14.21,1:24.64,1:04.81,2:18.54,5:14.27,429
15.43,19.62,31.68,52.27,1:14.25,1:24.69,1:04.85,2:18.62,5:14.46,428
,19.64,31.69,52.30,1:14.29,1:24.75,1:04.88,2:18.71,5:14.66,427
15.44,19.65,31.71,52.33,1:14.33,1:24.80,1:04.92,2:18.79,5:14.85,426
15.45,19.66,31.73,52.35,1:14.38,1:24.85,1:04.96,2:18.88,5:15.04,425
15.46,19.67,31.74,52.38,1:14.42,1:24.91,1:05.00,2:18.97,5:15.24,424
,19.69,31.76,52.41,1:14.46,1:24.96,1:05.04,2:19.05,5:15.43,423
15.47,19.70,31.78,52.44,1:14.50,1:25.01,1:05.08,2:19.14,5:15.63,422
15.48,19.71,31.79,52.47,1:14.54,1:25.07,1:05.12,2:19.22,5:15.82,421
15.49,19.72,31.81,52.50,1:14.59,1:25.12,1:05.16,2:19.31,5:16.02,420
15.50,19.73,31.82,52.53,1:14.63,1:25.17,1:05.20,2:19.40,5:16.21,419
,19.75,31.84,52.56,1:14.67,1:25.23,1:05.24,2:19.48,5:16.41,418
15.51,19.76,31.86,52.59,1:14.71,1:25.28,1:05.27,2:19.57,5:16.60,417
15.52,19.77,31.87,52.62,1:14.76,1:25.33,1:05.31,2:19.66,5:16.80,416
15.53,19.78,31.89,52.65,1:14.80,1:25.39,1:05.35,2:19.74,5:17.00,415
,19.80,31.91,52.68,1:14.84,1:25.44,1:05.39,2:19.83,5:17.19,414
15.54,19.81,31.92,52.71,1:14.88,1:25.50,1:05.43,2:19.92,5:17.39,413
15.55,19.82,31.94,52.73,1:14.93,1:25.55,1:05.47,2:20.01,5:17.59,412
15.56,19.83,31.96,52.76,1:14.97,1:25.60,1:05.51,2:20.09,5:17.78,411
15.57,19.85,31.97,52.79,1:15.01,1:25.66,1:05.55,2:20.18,5:17.98,410
,19.86,31.99,52.82,1:15.05,1:25.71,1:05.59,2:20.27,5:18.18,409
15.58,19.87,32.00,52.85,1:15.10,1:25.77,1:05.63,2:20.36,5:18.38,408
15.59,19.88,32.02,52.88,1:15.14,1:25.82,1:05.67,2:20.44,5:18.58,407
15.60,19.89,32.04,52.91,1:15.18,1:25.87,1:05.71,2:20.53,5:18.77,406
15.61,19.91,32.05,52.94,1:15.22,1:25.93,1:05.75,2:20.62,5:18.97,405
,19.92,32.07,52.97,1:15.27,1:25.98,1:05.79,2:20.71,5:19.17,404
15.62,19.93,32.09,53.00,1:15.31,1:26.04,1:05.83,2:20.80,5:19.37,403
15.63,19.94,32.10,53.03,1:15.35,1:26.09,1:05.87,2:20.89,5:19.57,402
15.64,19.96,32.12,53.06,1:15.40,1:26.15,1:05.91,2:20.97,5:19.77,401
,19.97,32.14,53.09,1:15.44,1:26.20,1:05.95,2:21.06,5:19.97,400
15.65,19.98,32.15,53.12,1:15.48,1:26.26,1:05.99,2:21.15,5:20.17,399
15.66,20.00,32.17,53.15,1:15.53,1:26.31,1:06.03,2:21.24,5:20.37,398
15.67,20.01,32.19,53.18,1:15.57,1:26.37,1:06.07,2:21.33,5:20.57,397
15.68,20.02,32.20,53.21,1:15.61,1:26.42,1:06.11,2:21.42,5:20.77,396
,20.03,32.22,53.24,1:15.66,1:26.48,1:06.15,2:21.51,5:20.97,395
15.69,20.05,32.24,53.27,1:15.70,1:26.53,1:06.19,2:21.60,5:21.17,394
15.70,20.06,32.26,53.30,1:15.74,1:26.59,1:06.23,2:21.69,5:21.38,393
15.71,20.07,32.27,53.33,1:15.79,1:26.64,1:06.27,2:21.78,5:21.58,392
15.72,20.08,32.29,53.36,1:15.83,1:26.70,1:06.31,2:21.86,5:21.78,391
,20.10,32.31,53.39,1:15.87,1:26.75,1:06.35,2:21.95,5:21.98,390
15.73,20.11,32.32,53.42,1:15.92,1:26.81,1:06.39,2:22.04,5:22.19,389
15.74,20.12,32.34,53.45,1:15.96,1:26.86,1:06.43,2:22.13,5:22.39,388
15.75,20.13,32.36,53.48,1:16.01,1:26.92,1:06.47,2:22.22,5:22.59,387
15.76,20.15,32.37,53.51,1:16.05,1:26.97,1:06.51,2:22.31,5:22.79,386
15.77,20.16,32.39,53.54,1:16.09,1:27.03,1:06.56,2:22.41,5:23.00,385
,20.17,32.41,53.57,1:16.14,1:27.09,1:06.60,2:22.50,5:23.20,384
15.78,20.19,32.42,53.60,1:16.18,1:27.14,1:06.64,2:22.59,5:23.41,383
15.79,20.20,32.44,53.63,1:16.23,1:27.20,1:06.68,2:22.68,5:23.61,382
15.80,20.21,32.46,53.67,1:16.27,1:27.25,1:06.72,2:22.77,5:23.82,381
15.81,20.22,32.48,53.70,1:16.32,1:27.31,1:06.76,2:22.86,5:24.02,380
,20.24,32.49,53.73,1:16.36,1:27.37,1:06.80,2:22.95,5:24.23,379
15.82,20.25,32.51,53.76,1:16.40,1:27.42,1:06.84,2:23.04,5:24.43,378
15.83,20.26,32.53,53.79,1:16.45,1:27.48,1:06.88,2:23.13,5:24.64,377
15.84,20.28,32.54,53.82,1:16.49,1:27.54,1:06.93,2:23.22,5:24.84,376
15.85,20.29,32.56,53.85,1:16.54,1:27.59,1:06.97,2:23.31,5:25.05,375
,20.30,32.58,53.88,1:16.58,1:27.65,1:07.01,2:23.41,5:25.26,374
15.86,20.31,32.60,53.91,1:16.63,1:27.71,1:07.05,2:23.50,5:25.46,373
15.87,20.33,32.61,53.94,1:16.67,1:27.76,1:07.09,2:23.59,5:25.67,372
15.88,20.34,32.63,53.97,1:16.72,1:27.82,1:07.13,2:23.68,5:25.88,371
15.89,20.35,32.65,54.00,1:16.76,1:27.88,1:07.17,2:23.77,5:26.09,370
15.90,20.37,32.67,54.04,1:16.81,1:27.93,1:07.22,2:23.87,5:26.30,369
,20.38,32.68,54.07,1:16.85,1:27.99,1:07.26,2:23.96,5:26.50,368
15.91,20.39,32.70,54.10,1:16.90,1:28.05,1:07.30,2:24.05,5:26.71,367
15.92,20.41,32.72,54.13,1:16.94,1:28.10,1:07.34,2:24.14,5:26.92,366
15.93,20.42,32.74,54.16,1:16.99,1:28.16,1:07.38,2:24.24,5:27.13,365
15.94,20.43,32.75,54.19,1:17.03,1:28.22,1:07.42,2:24.33,5:27.34,364
15.95,20.44,32.77,54.22,1:17.08,1:28.28,1:07.47,2:24.42,5:27.55,363
,20.46,32.79,54.25,1:17.12,1:28.33,1:07.51,2:24.52,5:27.76,362
15.96,20.47,32.81,54.29,1:17.17,1:28.39,1:07.55,2:24.61,5:27.97,361
15.97,20.48,32.82,54.32,1:17.21,1:28.45,1:07.59,2:24.70,5:28.18,360
15.98,20.50,32.84,54.35,1:17.26,1:28.51,1:07.64,2:24.80,5:28.39,359
15.99,20.51,32.86,54.38,1:17.30,1:28.56,1:07.68,2:24.89,5:28.60,358
16.00,20.52,32.88,54.41,1:17.35,1:28.62,1:07.72,2:24.98,5:28.82,357
,20.54,32.89,54.44,1:17.40,1:28.68,1:07.76,2:25.08,5:29.03,356
16.01,20.55,32.91,54.48,1:17.44,1:28.74,1:07.81,2:25.17,5:29.24,355
16.02,20.56,32.93,54.51,1:17.49,1:28.80,1:07.85,2:25.27,5:29.45,354
16.03,20.58,32.95,54.54,1:17.53,1:28.85,1:07.89,2:25.36,5:29.66,353
16.04,20.59,32.96,54.57,1:17.58,1:28.91,1:07.93,2:25.45,5:29.88,352
16.05,20.60,32.98,54.60,1:17.63,1:28.97,1:07.98,2:25.55,5:30.09,351
16.06,20.62,33.00,54.63,1:17.67,1:29.03,1:08.02,2:25.64,5:30.30,350
,20.63,33.02,54.67,1:17.72,1:29.09,1:08.06,2:25.74,5:30.52,349
16.07,20.64,33.04,54.70,1:17.76,1:29.15,1:08.10,2:25.83,5:30.73,348
16.08,20.66,33.05,54.73,1:17.81,1:29.21,1:08.15,2:25.93,5:30.95,347
16.09,20.67,33.07,54.76,1:17.86,1:29.26,1:08.19,2:26.02,5:31.16,346
16.10,20.68,33.09,54.79,1:17.90,1:29.32,1:08.23,2:26.12,5:31.38,345
16.11,20.70,33.11,54.83,1:17.95,1:29.38,1:08.28,2:26.21,5:31.59,344
,20.71,33.13,54.86,1:18.00,1:29.44,1:08.32,2:26.31,5:31.81,343
16.12,20.73,33.14,54.89,1:18.04,1:29.50,1:08.36,2:26.41,5:32.03,342
16.13,20.74,33.16,54.92,1:18.09,1:29.56,1:08.41,2:26.50,5:32.24,341
16.14,20.75,33.18,54.96,1:18.14,1:29.62,1:08.45,2:26.60,5:32.46,340
16.15,20.77,33.20,54.99,1:18.18,1:29.68,1:08.49,2:26.69,5:32.68,339
16.16,20.78,33.22,55.02,1:18.23,1:29.74,1:08.54,2:26.79,5:32.89,338
16.17,20.79,33.23,55.05,1:18.28,1:29.80,1:08.58,2:26.89,5:33.11,337
16.18,20.81,33.25,55.09,1:18.33,1:29.86,1:08.62,2:26.98,5:33.33,336
,20.82,33.27,55.12,1:18.37,1:29.92,1:08.67,2:27.08,5:33.55,335
16.19,20.83,33.29,55.15,1:18.42,1:29.98,1:08.71,2:27.18,5:33.77,334
16.20,20.85,33.31,55.18,1:18.47,1:30.04,1:08.76,2:27.27,5:33.99,333
16.21,20.86,33.33,55.22,1:18.51,1:30.10,1:08.80,2:27.37,5:34.20,332
16.22,20.88,33.34,55.25,1:18.56,1:30.16,1:08.84,2:27.47,5:34.42,331
16.23,20.89,33.36,55.28,1:18.61,1:30.22,1:08.89,2:27.57,5:34.64,330
16.24,20.90,33.38,55.32,1:18.66,1:30.28,1:08.93,2:27.66,5:34.86,329
,20.92,33.40,55.35,1:18.70,1:30.34,1:08.98,2:27.76,5:35.09,328
16.25,20.93,33.42,55.38,1:18.75,1:30.40,1:09.02,2:27.86,5:35.31,327
16.26,20.94,33.44,55.41,1:18.80,1:30.46,1:09.06,2:27.96,5:35.53,326
16.27,20.96,33.46,55.45,1:18.85,1:30.52,1:09.11,2:28.06,5:35.75,325
16.28,20.97,33.47,55.48,1:18.90,1:30.58,1:09.15,2:28.16,5:35.97,324
16.29,20.99,33.49,55.51,1:18.94,1:30.64,1:09.20,2:28.25,5:36.19,323
16.30,21.00,33.51,55.55,1:18.99,1:30.70,1:09.24,2:28.35,5:36.42,322
16.31,21.01,33.53,55.58,1:19.04,1:30.76,1:09.29,2:28.45,5:36.64,321
16.32,21.03,33.55,55.61,1:19.09,1:30.83,1:09.33,2:28.55,5:36.86,320
,21.04,33.57,55.65,1:19.14,1:30.89,1:09.38,2:28.65,5:37.09,319
16.33,21.06,33.59,55.68,1:19.19,1:30.95,1:09.42,2:28.75,5:37.31,318
16.34,21.07,33.60,55.71,1:19.23,1:31.01,1:09.47,2:28.85,5:37.54,317
16.35,21.08,33.62,55.75,1:19.28,1:31.07,1:09.51,2:28.95,5:37.76,316
16.36,21.10,33.64,55.78,1:19.33,1:31.13,1:09.56,2:29.05,5:37.99,315
16.37,21.11,33.66,55.82,1:19.38,1:31.19,1:09.60,2:29.15,5:38.21,314
16.38,21.13,33.68,55.85,1:19.43,1:31.26,1:09.65,2:29.25,5:38.44,313
16.39,21.14,33.70,55.88,1:19.48,1:31.32,1:09.69,2:29.35,5:38.66,312
16.40,21.16,33.72,55.92,1:19.53,1:31.38,1:09.74,2:29.45,5:38.89,311
,21.17,33.74,55.95,1:19.58,1:31.44,1:09.78,2:29.55,5:39.12,310
16.41,21.18,33.76,55.98,1:19.62,1:31.50,1:09.83,2:29.65,5:39.35,309
16.42,21.20,33.77,56.02,1:19.67,1:31.57,1:09.87,2:29.75,5:39.57,308
16.43,21.21,33.79,56.05,1:19.72,1:31.63,1:09.92,2:29.85,5:39.80,307
16.44,21.23,33.81,56.09,1:19.77,1:31.69,1:09.97,2:29.95,5:40.03,306
16.45,21.24,33.83,56.12,1:19.82,1:31.75,1:10.01,2:30.06,5:40.26,305
16.46,21.26,33.85,56.16,1:19.87,1:31.82,1:10.06,2:30.16,5:40.49,304
16.47,21.27,33.87,56.19,1:19.92,1:31.88,1:10.10,2:30.26,5:40.72,303
16.48,21.28,33.89,56.22,1:19.97,1:31.94,1:10.15,2:30.36,5:40.95,302
16.49,21.30,33.91,56.26,1:20.02,1:32.01,1:10.20,2:30.46,5:41.18,301
16.50,21.31,33.93,56.29,1:20.07,1:32.07,1:10.24,2:30.57,5:41.41,300
,21.33,33.95,56.33,1:20.12,1:32.13,1:10.29,2:30.67,5:41.64,299
16.51,21.34,33.97,56.36,1:20.17,1:32.20,1:10.33,2:30.77,5:41.87,298
16.52,21.36,33.99,56.40,1:20.22,1:32.26,1:10.38,2:30.87,5:42.10,297
16.53,21.37,34.00,56.43,1:20.27,1:32.32,1:10.43,2:30.98,5:42.34,296
16.54,21.39,34.02,56.47,1:20.32,1:32.39,1:10.47,2:31.08,5:42.57,295
16.55,21.40,34.04,56.50,1:20.37,1:32.45,1:10.52,2:31.18,5:42.80,294
16.56,21.41,34.06,56.54,1:20.42,1:32.51,1:10.57,2:31.29,5:43.04,293
16.57,21.43,34.08,56.57,1:20.47,1:32.58,1:10.61,2:31.39,5:43.27,292
16.58,21.44,34.10,56.61,1:20.52,1:32.64,1:10.66,2:31.49,5:43.50,291
16.59,21.46,34.12,56.64,1:20.57,1:32.71,1:10.71,2:31.60,5:43.74,290
16.60,21.47,34.14,56.68,1:20.62,1:32.77,1:10.76,2:31.70,5:43.97,289
16.61,21.49,34.16,56.71,1:20.67,1:32.84,1:10.80,2:31.81,5:44.21,288
16.62,21.50,34.18,56.75,1:20.73,1:32.90,1:10.85,2:31.91,5:44.44,287
16.63,21.52,34.20,56.78,1:20.78,1:32.96,1:10.90,2:32.02,5:44.68,286
,21.53,34.22,56.82,1:20.83,1:33.03,1:10.94,2:32.12,5:44.92,285
16.64,21.55,34.24,56.85,1:20.88,1:33.09,1:10.99,2:32.23,5:45.16,284
16.65,21.56,34.26,56.89,1:20.93,1:33.16,1:11.04,2:32.33,5:45.39,283
16.66,21.58,34.28,56.92,1:20.98,1:33.22,1:11.09,2:32.44,5:45.63,282
16.67,21.59,34.30,56.96,1:21.03,1:33.29,1:11.14,2:32.54,5:45.87,281
16.68,21.61,34.32,56.99,1:21.08,1:33.35,1:11.18,2:32.65,5:46.11,280
16.69,21.62,34.34,57.03,1:21.14,1:33.42,1:11.23,2:32.75,5:46.35,279
16.70,21.64,34.36,57.07,1:21.19,1:33.49,1:11.28,2:32.86,5:46.59,278
16.71,21.65,34.38,57.10,1:21.24,1:33.55,1:11.33,2:32.97,5:46.83,277
16.72,21.67,34.40,57.14,1:21.29,1:33.62,1:11.38,2:33.07,5:47.07,276
16.73,21.68,34.42,57.17,1:21.34,1:33.68,1:11.42,2:33.18,5:47.31,275
16.74,21.70,34.44,57.21,1:21.40,1:33.75,1:11.47,2:33.29,5:47.55,274
16.75,21.71,34.46,57.25,1:21.45,1:33.82,1:11.52,2:33.39,5:47.79,273
16.76,21.73,34.48,57.28,1:21.50,1:33.88,1:11.57,2:33.50,5:48.03,272
16.77,21.74,34.50,57.32,1:21.55,1:33.95,1:11.62,2:33.61,5:48.28,271
16.78,21.76,34.52,57.36,1:21.61,1:34.02,1:11.67,2:33.72,5:48.52,270
16.79,21.77,34.54,57.39,1:21.66,1:34.08,1:11.72,2:33.83,5:48.76,269
16.80,21.79,34.56,57.43,1:21.71,1:34.15,1:11.76,2:33.93,5:49.01,268
16.81,21.80,34.58,57.46,1:21.76,1:34.22,1:11.81,2:34.04,5:49.25,267
16.82,21.82,34.60,57.50,1:21.82,1:34.28,1:11.86,2:34.15,5:49.50,266
16.83,21.84,34.62,57.54,1:21.87,1:34.35,1:11.91,2:34.26,5:49.74,265
16.84,21.85,34.64,57.57,1:21.92,1:34.42,1:11.96,2:34.37,5:49.99,264
16.85,21.87,34.66,57.61,1:21.98,1:34.48,1:12.01,2:34.48,5:50.24,263
16.86,21.88,34.68,57.65,1:22.03,1:34.55,1:12.06,2:34.59,5:50.48,262
16.87,21.90,34.71,57.69,1:22.08,1:34.62,1:12.11,2:34.70,5:50.73,261
16.88,21.91,34.73,57.72,1:22.14,1:34.69,1:12.16,2:34.81,5:50.98,260
16.89,21.93,34.75,57.76,1:22.19,1:34.76,1:12.21,2:34.92,5:51.23,259
16.90,21.94,34.77,57.80,1:22.24,1:34.82,1:12.26,2:35.03,5:51.48,258
16.91,21.96,34.79,57.83,1:22.30,1:34.89,1:12.31,2:35.14,5:51.72,257
,21.97,34.81,57.87,1:22.35,1:34.96,1:12.36,2:35.25,5:51.97,256
16.92,21.99,34.83,57.91,1:22.41,1:35.03,1:12.41,2:35.36,5:52.22,255
16.93,22.01,34.85,57.95,1:22.46,1:35.10,1:12.46,2:35.47,5:52.48,254
16.94,22.02,34.87,57.98,1:22.51,1:35.17,1:12.51,2:35.58,5:52.73,253
16.95,22.04,34.89,58.02,1:22.57,1:35.24,1:12.56,2:35.69,5:52.98,252
16.96,22.05,34.91,58.06,1:22.62,1:35.30,1:12.61,2:35.81,5:53.23,251
16.97,22.07,34.94,58.10,1:22.68,1:35.37,1:12.66,2:35.92,5:53.48,250
16.98,22.09,34.96,58.13,1:22.73,1:35.44,1:12.71,2:36.03,5:53.74,249
17.00,22.10,34.98,58.17,1:22.79,1:35.51,1:12.76,2:36.14,5:53.99,248
17.01,22.12,35.00,58.21,1:22.84,1:35.58,1:12.81,2:36.26,5:54.25,247
17.02,22.13,35.02,58.25,1:22.90,1:35.65,1:12.86,2:36.37,5:54.50,246
17.03,22.15,35.04,58.29,1:22.95,1:35.72,1:12.91,2:36.48,5:54.76,245
17.04,22.17,35.06,58.32,1:23.01,1:35.79,1:12.97,2:36.59,5:55.01,244
17.05,22.18,35.08,58.36,1:23.06,1:35.86,1:13.02,2:36.71,5:55.27,243
17.06,22.20,35.11,58.40,1:23.12,1:35.93,1:13.07,2:36.82,5:55.52,242
17.07,22.21,35.13,58.44,1:23.17,1:36.00,1:13.12,2:36.94,5:55.78,241
17.08,22.23,35.15,58.48,1:23.23,1:36.07,1:13.17,2:37.05,5:56.04,240
17.09,22.25,35.17,58.52,1:23.28,1:36.14,1:13.22,2:37.17,5:56.30,239
17.10,22.26,35.19,58.56,1:23.34,1:36.21,1:13.28,2:37.28,5:56.56,238
17.11,22.28,35.21,58.59,1:23.40,1:36.29,1:13.33,2:37.40,5:56.82,237
17.12,22.29,35.24,58.63,1:23.45,1:36.36,1:13.38,2:37.51,5:57.08,236
17.13,22.31,35.26,58.67,1:23.51,1:36.43,1:13.43,2:37.63,5:57.34,235
17.14,22.33,35.28,58.71,1:23.57,1:36.50,1:13.48,2:37.74,5:57.60,234
17.15,22.34,35.30,58.75,1:23.62,1:36.57,1:13.54,2:37.86,5:57.86,233
17.16,22.36,35.32,58.79,1:23.68,1:36.64,1:13.59,2:37.97,5:58.12,232
17.17,22.38,35.34,58.83,1:23.74,1:36.72,1:13.64,2:38.09,5:58.39,231
17.18,22.39,35.37,58.87,1:23.79,1:36.79,1:13.69,2:38.21,5:58.65,230
17.19,22.41,35.39,58.91,1:23.85,1:36.86,1:13.75,2:38.32,5:58.91,229
17.20,22.43,35.41,58.95,1:23.91,1:36.93,1:13.80,2:38.44,5:59.18,228
17.21,22.44,35.43,58.99,1:23.96,1:37.00,1:13.85,2:38.56,5:59.44,227
17.22,22.46,35.45,59.03,1:24.02,1:37.08,1:13.91,2:38.68,5:59.71,226
17.23,22.48,35.48,59.07,1:24.08,1:37.15,1:13.96,2:38.80,5:59.98,225
17.24,22.49,35.50,59.11,1:24.14,1:37.22,1:14.01,2:38.91,6:00.24,224
17.25,22.51,35.52,59.15,1:24.19,1:37.30,1:14.07,2:39.03,6:00.51,223
17.26,22.53,35.54,59.19,1:24.25,1:37.37,1:14.12,2:39.15,6:00.78,222
17.28,22.54,35.57,59.23,1:24.31,1:37.44,1:14.17,2:39.27,6:01.05,221
17.29,22.56,35.59,59.27,1:24.37,1:37.52,1:14.23,2:39.39,6:01.32,220
17.30,22.58,35.61,59.31,1:24.43,1:37.59,1:14.28,2:39.51,6:01.59,219
17.31,22.59,35.63,59.35,1:24.49,1:37.67,1:14.34,2:39.63,6:01.86,218
17.32,22.61,35.66,59.39,1:24.54,1:37.74,1:14.39,2:39.75,6:02.13,217
17.33,22.63,35.68,59.43,1:24.60,1:37.81,1:14.45,2:39.87,6:02.40,216
17.34,22.65,35.70,59.47,1:24.66,1:37.89,1:14.50,2:39.99,6:02.67,215
17.35,22.66,35.73,59.51,1:24.72,1:37.96,1:14.56,2:40.11,6:02.95,214
17.36,22.68,35.75,59.55,1:24.78,1:38.04,1:14.61,2:40.23,6:03.22,213
17.37,22.70,35.77,59.59,1:24.84,1:38.11,1:14.67,2:40.36,6:03.49,212
17.38,22.71,35.79,59.63,1:24.90,1:38.19,1:14.72,2:40.48,6:03.77,211
17.39,22.73,35.82,59.67,1:24.96,1:38.26,1:14.78,2:40.60,6:04.05,210
17.40,22.75,35.84,59.72,1:25.02,1:38.34,1:14.83,2:40.72,6:04.32,209
17.42,22.77,35.86,59.76,1:25.08,1:38.42,1:14.89,2:40.84,6:04.60,208
17.43,22.78,35.89,59.80,1:25.14,1:38.49,1:14.94,2:40.97,6:04.88,207
17.44,22.80,35.91,59.84,1:25.20,1:38.57,1:15.00,2:41.09,6:05.16,206
17.45,22.82,35.93,59.88,1:25.26,1:38.64,1:15.05,2:41.21,6:05.43,205
17.46,22.84,35.96,59.92,1:25.32,1:38.72,1:15.11,2:41.34,6:05.71,204
17.47,22.85,35.98,59.97,1:25.38,1:38.80,1:15.17,2:41.46,6:05.99,203
17.48,22.87,36.00,1:00.01,1:25.44,1:38.87,1:15.22,2:41.59,6:06.28,202
17.49,22.89,36.03,1:00.05,1:25.50,1:38.95,1:15.28,2:41.71,6:06.56,201
17.50,22.91,36.05,1:00.09,1:25.56,1:39.03,1:15.33,2:41.84,6:06.84,200
17.52,22.92,36.07,1:00.13,1:25.62,1:39.11,1:15.39,2:41.96,6:07.12,199
17.53,22.94,36.10,1:00.18,1:25.68,1:39.18,1:15.45,2:42.09,6:07.41,198
17.54,22.96,36.12,1:00.22,1:25.75,1:39.26,1:15.51,2:42.22,6:07.69,197
17.55,22.98,36.15,1:00.26,1:25.81,1:39.34,1:15.56,2:42.34,6:07.98,196
17.56,23.00,36.17,1:00.30,1:25.87,1:39.42,1:15.62,2:42.47,6:08.26,195
17.57,23.01,36.19,1:00.35,1:25.93,1:39.50,1:15.68,2:42.60,6:08.55,194
17.58,23.03,36.22,1:00.39,1:25.99,1:39.58,1:15.74,2:42.72,6:08.84,193
17.60,23.05,36.24,1:00.43,1:26.05,1:39.65,1:15.79,2:42.85,6:09.13,192
17.61,23.07,36.27,1:00.48,1:26.12,1:39.73,1:15.85,2:42.98,6:09.42,191
17.62,23.09,36.29,1:00.52,1:26.18,1:39.81,1:15.91,2:43.11,6:09.70,190
17.63,23.10,36.31,1:00.56,1:26.24,1:39.89,1:15.97,2:43.24,6:10.00,189
17.64,23.12,36.34,1:00.61,1:26.31,1:39.97,1:16.03,2:43.37,6:10.29,188
17.65,23.14,36.36,1:00.65,1:26.37,1:40.05,1:16.08,2:43.50,6:10.58,187
17.66,23.16,36.39,1:00.69,1:26.43,1:40.13,1:16.14,2:43.63,6:10.87,186
17.68,23.18,36.41,1:00.74,1:26.50,1:40.21,1:16.20,2:43.76,6:11.17,185
17.69,23.20,36.44,1:00.78,1:26.56,1:40.29,1:16.26,2:43.89,6:11.46,184
17.70,23.21,36.46,1:00.83,1:26.62,1:40.37,1:16.32,2:44.02,6:11.76,183
17.71,23.23,36.49,1:00.87,1:26.69,1:40.45,1:16.38,2:44.15,6:12.05,182
17.72,23.25,36.51,1:00.91,1:26.75,1:40.54,1:16.44,2:44.28,6:12.35,181
17.74,23.27,36.53,1:00.96,1:26.81,1:40.62,1:16.50,2:44.41,6:12.65,180
17.75,23.29,36.56,1:01.00,1:26.88,1:40.70,1:16.56,2:44.54,6:12.95,179
17.76,23.31,36.58,1:01.05,1:26.94,1:40.78,1:16.62,2:44.68,6:13.24,178
17.77,23.33,36.61,1:01.09,1:27.01,1:40.86,1:16.68,2:44.81,6:13.54,177
17.78,23.35,36.63,1:01.14,1:27.07,1:40.95,1:16.74,2:44.94,6:13.85,176
17.79,23.36,36.66,1:01.18,1:27.14,1:41.03,1:16.80,2:45.08,6:14.15,175
17.81,23.38,36.69,1:01.23,1:27.20,1:41.11,1:16.86,2:45.21,6:14.45,174
17.82,23.40,36.71,1:01.27,1:27.27,1:41.19,1:16.92,2:45.35,6:14.75,173
17.83,23.42,36.74,1:01.32,1:27.34,1:41.28,1:16.98,2:45.48,6:15.06,172
17.84,23.44,36.76,1:01.37,1:27.40,1:41.36,1:17.04,2:45.62,6:15.36,171
17.86,23.46,36.79,1:01.41,1:27.47,1:41.45,1:17.10,2:45.75,6:15.67,170
17.87,23.48,36.81,1:01.46,1:27.53,1:41.53,1:17.16,2:45.89,6:15.98,169
17.88,23.50,36.84,1:01.50,1:27.60,1:41.61,1:17.23,2:46.03,6:16.29,168
17.89,23.52,36.86,1:01.55,1:27.67,1:41.70,1:17.29,2:46.16,6:16.60,167
17.90,23.54,36.89,1:01.60,1:27.73,1:41.78,1:17.35,2:46.30,6:16.91,166
17.92,23.56,36.92,1:01.64,1:27.80,1:41.87,1:17.41,2:46.44,6:17.22,165
17.93,23.58,36.94,1:01.69,1:27.87,1:41.95,1:17.48,2:46.58,6:17.53,164
17.94,23.60,36.97,1:01.74,1:27.94,1:42.04,1:17.54,2:46.71,6:17.84,163
17.95,23.62,36.99,1:01.78,1:28.00,1:42.13,1:17.60,2:46.85,6:18.16,162
17.97,23.63,37.02,1:01.83,1:28.07,1:42.21,1:17.66,2:46.99,6:18.47,161
17.98,23.65,37.05,1:01.88,1:28.14,1:42.30,1:17.73,2:47.13,6:18.79,160
17.99,23.67,37.07,1:01.92,1:28.21,1:42.38,1:17.79,2:47.27,6:19.10,159
18.00,23.69,37.10,1:01.97,1:28.28,1:42.47,1:17.85,2:47.41,6:19.42,158
18.02,23.71,37.13,1:02.02,1:28.35,1:42.56,1:17.92,2:47.56,6:19.74,157
18.03,23.73,37.15,1:02.07,1:28.42,1:42.65,1:17.98,2:47.70,6:20.06,156
18.04,23.75,37.18,1:02.11,1:28.48,1:42.73,1:18.05,2:47.84,6:20.38,155
18.05,23.77,37.21,1:02.16,1:28.55,1:42.82,1:18.11,2:47.98,6:20.70,154
18.07,23.79,37.23,1:02.21,1:28.62,1:42.91,1:18.18,2:48.13,6:21.02,153
18.08,23.82,37.26,1:02.26,1:28.69,1:43.00,1:18.24,2:48.27,6:21.35,152
18.09,23.84,37.29,1:02.31,1:28.76,1:43.09,1:18.31,2:48.41,6:21.67,151
18.11,23.86,37.32,1:02.36,1:28.83,1:43.18,1:18.37,2:48.56,6:22.00,150
18.12,23.88,37.34,1:02.41,1:28.91,1:43.27,1:18.44,2:48.70,6:22.33,149
18.13,23.90,37.37,1:02.45,1:28.98,1:43.36,1:18.50,2:48.85,6:22.66,148
18.15,23.92,37.40,1:02.50,1:29.05,1:43.45,1:18.57,2:48.99,6:22.98,147
18.16,23.94,37.43,1:02.55,1:29.12,1:43.54,1:18.63,2:49.14,6:23.32,146
18.17,23.96,37.45,1:02.60,1:29.19,1:43.63,1:18.70,2:49.29,6:23.65,145
18.18,23.98,37.48,1:02.65,1:29.26,1:43.72,1:18.77,2:49.44,6:23.98,144
18.20,24.00,37.51,1:02.70,1:29.33,1:43.81,1:18.83,2:49.58,6:24.31,143
18.21,24.02,37.54,1:02.75,1:29.41,1:43.90,1:18.90,2:49.73,6:24.65,142
18.22,24.04,37.56,1:02.80,1:29.48,1:43.99,1:18.97,2:49.88,6:24.99,141
18.24,24.06,37.59,1:02.85,1:29.55,1:44.09,1:19.04,2:50.03,6:25.32,140
18.25,24.09,37.62,1:02.90,1:29.63,1:44.18,1:19.10,2:50.18,6:25.66,139
18.27,24.11,37.65,1:02.95,1:29.70,1:44.27,1:19.17,2:50.33,6:26.00,138
18.28,24.13,37.68,1:03.01,1:29.77,1:44.37,1:19.24,2:50.48,6:26.34,137
18.29,24.15,37.71,1:03.06,1:29.85,1:44.46,1:19.31,2:50.63,6:26.68,136
18.31,24.17,37.74,1:03.11,1:29.92,1:44.55,1:19.38,2:50.79,6:27.03,135
18.32,24.19,37.76,1:03.16,1:30.00,1:44.65,1:19.45,2:50.94,6:27.37,134
18.33,24.21,37.79,1:03.21,1:30.07,1:44.74,1:19.52,2:51.09,6:27.72,133
18.35,24.24,37.82,1:03.26,1:30.14,1:44.84,1:19.59,2:51.25,6:28.07,132
18.36,24.26,37.85,1:03.31,1:30.22,1:44.93,1:19.66,2:51.40,6:28.42,131
18.37,24.28,37.88,1:03.37,1:30.30,1:45.03,1:19.73,2:51.56,6:28.77,130
18.39,24.30,37.91,1:03.42,1:30.37,1:45.13,1:19.80,2:51.71,6:29.12,129
18.40,24.32,37.94,1:03.47,1:30.45,1:45.22,1:19.87,2:51.87,6:29.47,128
18.42,24.35,37.97,1:03.53,1:30.52,1:45.32,1:19.94,2:52.03,6:29.83,127
18.43,24.37,38.00,1:03.58,1:30.60,1:45.42,1:20.01,2:52.18,6:30.18,126
18.45,24.39,38.03,1:03.63,1:30.68,1:45.51,1:20.08,2:52.34,6:30.54,125
18.46,24.41,38.06,1:03.69,1:30.76,1:45.61,1:20.15,2:52.50,6:30.90,124
18.47,24.44,38.09,1:03.74,1:30.83,1:45.71,1:20.22,2:52.66,6:31.26,123
18.49,24.46,38.12,1:03.79,1:30.91,1:45.81,1:20.30,2:52.82,6:31.62,122
18.50,24.48,38.15,1:03.85,1:30.99,1:45.91,1:20.37,2:52.98,6:31.98,121
18.52,24.50,38.18,1:03.90,1:31.07,1:46.01,1:20.44,2:53.14,6:32.35,120
18.53,24.53,38.21,1:03.96,1:31.15,1:46.11,1:20.52,2:53.31,6:32.71,119
18.55,24.55,38.24,1:04.01,1:31.23,1:46.21,1:20.59,2:53.47,6:33.08,118
18.56,24.57,38.27,1:04.07,1:31.31,1:46.31,1:20.66,2:53.63,6:33.45,117
18.58,24.60,38.30,1:04.12,1:31.39,1:46.41,1:20.74,2:53.80,6:33.82,116
18.59,24.62,38.33,1:04.18,1:31.47,1:46.51,1:20.81,2:53.96,6:34.19,115
18.61,24.64,38.36,1:04.23,1:31.55,1:46.62,1:20.89,2:54.13,6:34.56,114
18.62,24.67,38.40,1:04.29,1:31.63,1:46.72,1:20.96,2:54.29,6:34.94,113
18.63,24.69,38.43,1:04.35,1:31.71,1:46.82,1:21.04,2:54.46,6:35.32,112
18.65,24.71,38.46,1:04.40,1:31.79,1:46.93,1:21.11,2:54.63,6:35.70,111
18.67,24.74,38.49,1:04.46,1:31.87,1:47.03,1:21.19,2:54.80,6:36.08,110
18.68,24.76,38.52,1:04.52,1:31.96,1:47.13,1:21.27,2:54.97,6:36.46,109
18.70,24.79,38.55,1:04.57,1:32.04,1:47.24,1:21.34,2:55.14,6:36.84,108
18.71,24.81,38.59,1:04.63,1:32.12,1:47.34,1:21.42,2:55.31,6:37.23,107
18.73,24.83,38.62,1:04.69,1:32.21,1:47.45,1:21.50,2:55.48,6:37.62,106
18.74,24.86,38.65,1:04.75,1:32.29,1:47.56,1:21.58,2:55.65,6:38.01,105
18.76,24.88,38.68,1:04.81,1:32.38,1:47.66,1:21.65,2:55.83,6:38.40,104
18.77,24.91,38.72,1:04.86,1:32.46,1:47.77,1:21.73,2:56.00,6:38.79,103
18.79,24.93,38.75,1:04.92,1:32.55,1:47.88,1:21.81,2:56.18,6:39.19,102
18.80,24.96,38.78,1:04.98,1:32.63,1:47.99,1:21.89,2:56.35,6:39.58,101
18.82,24.98,38.82,1:05.04,1:32.72,1:48.10,1:21.97,2:56.53,6:39.98,100
18.84,25.01,38.85,1:05.10,1:32.80,1:48.21,1:22.05,2:56.71,6:40.38,99
18.85,25.03,38.88,1:05.16,1:32.89,1:48.32,1:22.13,2:56.89,6:40.79,98
18.87,25.06,38.92,1:05.22,1:32.98,1:48.43,1:22.21,2:57.06,6:41.19,97
18.88,25.08,38.95,1:05.28,1:33.07,1:48.54,1:22.30,2:57.25,6:41.60,96
18.90,25.11,38.99,1:05.35,1:33.16,1:48.65,1:22.38,2:57.43,6:42.01,95
18.92,25.14,39.02,1:05.41,1:33.24,1:48.77,1:22.46,2:57.61,6:42.42,94
18.93,25.16,39.05,1:05.47,1:33.33,1:48.88,1:22.54,2:57.79,6:42.83,93
18.95,25.19,39.09,1:05.53,1:33.42,1:48.99,1:22.63,2:57.98,6:43.25,92
18.97,25.21,39.12,1:05.59,1:33.51,1:49.11,1:22.71,2:58.16,6:43.67,91
18.98,25.24,39.16,1:05.66,1:33.60,1:49.22,1:22.79,2:58.35,6:44.09,90
19.00,25.27,39.19,1:05.72,1:33.70,1:49.34,1:22.88,2:58.54,6:44.51,89
19.02,25.29,39.23,1:05.78,1:33.79,1:49.45,1:22.96,2:58.72,6:44.94,88
19.03,25.32,39.27,1:05.85,1:33.88,1:49.57,1:23.05,2:58.91,6:45.36,87
19.05,25.35,39.30,1:05.91,1:33.97,1:49.69,1:23.14,2:59.10,6:45.79,86
19.07,25.37,39.34,1:05.98,1:34.07,1:49.81,1:23.22,2:59.30,6:46.23,85
19.09,25.40,39.37,1:06.04,1:34.16,1:49.93,1:23.31,2:59.49,6:46.66,84
19.10,25.43,39.41,1:06.11,1:34.25,1:50.05,1:23.40,2:59.68,6:47.10,83
19.12,25.46,39.45,1:06.17,1:34.35,1:50.17,1:23.49,2:59.88,6:47.54,82
19.14,25.48,39.48,1:06.24,1:34.45,1:50.29,1:23.57,3:00.08,6:47.98,81
19.16,25.51,39.52,1:06.30,1:34.54,1:50.41,1:23.66,3:00.27,6:48.43,80
19.17,25.54,39.56,1:06.37,1:34.64,1:50.53,1:23.75,3:00.47,6:48.88,79
19.19,25.57,39.60,1:06.44,1:34.74,1:50.66,1:23.84,3:00.67,6:49.33,78
19.21,25.60,39.63,1:06.51,1:34.83,1:50.78,1:23.93,3:00.87,6:49.78,77
19.23,25.63,39.67,1:06.58,1:34.93,1:50.91,1:24.03,3:01.08,6:50.24,76
19.25,25.65,39.71,1:06.64,1:35.03,1:51.03,1:24.12,3:01.28,6:50.70,75
19.26,25.68,39.75,1:06.71,1:35.13,1:51.16,1:24.21,3:01.49,6:51.17,74
19.28,25.71,39.79,1:06.78,1:35.23,1:51.29,1:24.30,3:01.69,6:51.63,73
19.30,25.74,39.83,1:06.85,1:35.33,1:51.42,1:24.40,3:01.90,6:52.10,72
19.32,25.77,39.87,1:06.92,1:35.44,1:51.54,1:24.49,3:02.11,6:52.58,71
19.34,25.80,39.91,1:07.00,1:35.54,1:51.67,1:24.59,3:02.32,6:53.05,70
19.36,25.83,39.95,1:07.07,1:35.64,1:51.81,1:24.69,3:02.53,6:53.53,69
19.38,25.86,39.99,1:07.14,1:35.75,1:51.94,1:24.78,3:02.75,6:54.01,68
19.40,25.89,40.03,1:07.21,1:35.85,1:52.07,1:24.88,3:02.96,6:54.50,67
19.42,25.92,40.07,1:07.28,1:35.96,1:52.21,1:24.98,3:03.18,6:54.99,66
19.44,25.95,40.11,1:07.36,1:36.07,1:52.34,1:25.08,3:03.40,6:55.49,65
19.45,25.98,40.15,1:07.43,1:36.17,1:52.48,1:25.18,3:03.62,6:55.98,64
19.47,26.02,40.19,1:07.51,1:36.28,1:52.62,1:25.28,3:03.84,6:56.49,63
19.50,26.05,40.24,1:07.58,1:36.39,1:52.75,1:25.38,3:04.07,6:56.99,62
19.52,26.08,40.28,1:07.66,1:36.50,1:52.89,1:25.48,3:04.29,6:57.50,61
19.54,26.11,40.32,1:07.74,1:36.61,1:53.03,1:25.58,3:04.52,6:58.02,60
19.56,26.14,40.37,1:07.81,1:36.72,1:53.18,1:25.69,3:04.75,6:58.54,59
19.58,26.18,40.41,1:07.89,1:36.84,1:53.32,1:25.79,3:04.98,6:59.06,58
19.60,26.21,40.45,1:07.97,1:36.95,1:53.46,1:25.90,3:05.22,6:59.59,57
19.62,26.24,40.50,1:08.05,1:37.07,1:53.61,1:26.00,3:05.45,7:00.12,56
19.64,26.28,40.54,1:08.13,1:37.18,1:53.76,1:26.11,3:05.69,7:00.66,55
19.66,26.31,40.59,1:08.21,1:37.30,1:53.90,1:26.22,3:05.93,7:01.20,54
19.68,26.35,40.63,1:08.29,1:37.42,1:54.05,1:26.33,3:06.18,7:01.74,53
19.71,26.38,40.68,1:08.38,1:37.54,1:54.21,1:26.44,3:06.42,7:02.30,52
19.73,26.42,40.73,1:08.46,1:37.66,1:54.36,1:26.55,3:06.67,7:02.85,51
19.75,26.45,40.77,1:08.54,1:37.78,1:54.51,1:26.66,3:06.92,7:03.42,50
19.77,26.49,40.82,1:08.63,1:37.90,1:54.67,1:26.78,3:07.17,7:03.99,49
19.80,26.52,40.87,1:08.71,1:38.02,1:54.82,1:26.89,3:07.42,7:04.56,48
19.82,26.56,40.92,1:08.80,1:38.15,1:54.98,1:27.01,3:07.68,7:05.14,47
19.84,26.60,40.97,1:08.89,1:38.28,1:55.14,1:27.13,3:07.94,7:05.73,46
19.87,26.63,41.01,1:08.98,1:38.40,1:55.31,1:27.25,3:08.20,7:06.32,45
19.89,26.67,41.06,1:09.07,1:38.53,1:55.47,1:27.37,3:08.47,7:06.92,44
19.91,26.71,41.12,1:09.16,1:38.67,1:55.64,1:27.49,3:08.74,7:07.53,43
19.94,26.75,41.17,1:09.25,1:38.80,1:55.80,1:27.61,3:09.01,7:08.14,42
19.96,26.79,41.22,1:09.34,1:38.93,1:55.97,1:27.74,3:09.29,7:08.76,41
19.99,26.82,41.27,1:09.44,1:39.07,1:56.15,1:27.86,3:09.56,7:09.39,40
20.01,26.86,41.32,1:09.53,1:39.21,1:56.32,1:27.99,3:09.85,7:10.03,39
20.04,26.91,41.38,1:09.63,1:39.34,1:56.50,1:28.12,3:10.13,7:10.67,38
20.06,26.95,41.43,1:09.72,1:39.49,1:56.68,1:28.25,3:10.42,7:11.33,37
20.09,26.99,41.49,1:09.82,1:39.63,1:56.86,1:28.38,3:10.72,7:11.99,36
20.12,27.03,41.54,1:09.92,1:39.77,1:57.04,1:28.52,3:11.01,7:12.66,35
20.14,27.07,41.60,1:10.03,1:39.92,1:57.23,1:28.65,3:11.31,7:13.34,34
20.17,27.12,41.66,1:10.13,1:40.07,1:57.42,1:28.79,3:11.62,7:14.03,33
20.20,27.16,41.72,1:10.23,1:40.22,1:57.61,1:28.93,3:11.93,7:14.73,32
20.23,27.20,41.78,1:10.34,1:40.38,1:57.80,1:29.07,3:12.25,7:15.45,31
20.26,27.25,41.84,1:10.45,1:40.53,1:58.00,1:29.22,3:12.57,7:16.17,30
20.29,27.30,41.90,1:10.56,1:40.69,1:58.20,1:29.37,3:12.90,7:16.91,29
20.31,27.34,41.96,1:10.67,1:40.85,1:58.41,1:29.52,3:13.23,7:17.66,28
20.35,27.39,42.02,1:10.78,1:41.02,1:58.62,1:29.67,3:13.57,7:18.42,27
20.38,27.44,42.09,1:10.90,1:41.19,1:58.83,1:29.82,3:13.91,7:19.20,26
20.41,27.49,42.16,1:11.02,1:41.36,1:59.05,1:29.98,3:14.26,7:19.99,25
20.44,27.54,42.22,1:11.14,1:41.53,1:59.27,1:30.15,3:14.62,7:20.80,24
20.47,27.59,42.29,1:11.26,1:41.71,1:59.49,1:30.31,3:14.99,7:21.62,23
20.51,27.64,42.36,1:11.39,1:41.89,1:59.72,1:30.48,3:15.36,7:22.47,22
20.54,27.70,42.43,1:11.52,1:42.08,1:59.96,1:30.65,3:15.74,7:23.33,21
20.58,27.75,42.51,1:11.65,1:42.27,2:00.20,1:30.83,3:16.13,7:24.21,20
20.61,27.81,42.58,1:11.79,1:42.46,2:00.45,1:31.01,3:16.54,7:25.12,19
20.65,27.87,42.66,1:11.92,1:42.66,2:00.71,1:31.20,3:16.95,7:26.05,18
20.69,27.93,42.74,1:12.07,1:42.87,2:00.97,1:31.39,3:17.37,7:27.00,17
20.72,27.99,42.82,1:12.21,1:43.08,2:01.24,1:31.59,3:17.81,7:27.99,16
20.77,28.05,42.91,1:12.37,1:43.30,2:01.51,1:31.79,3:18.26,7:29.01,15
20.81,28.12,43.00,1:12.52,1:43.53,2:01.80,1:32.00,3:18.72,7:30.06,14
20.85,28.19,43.09,1:12.69,1:43.77,2:02.10,1:32.22,3:19.21,7:31.15,13
20.90,28.26,43.18,1:12.85,1:44.01,2:02.41,1:32.44,3:19.71,7:32.28,12
20.94,28.33,43.28,1:13.03,1:44.26,2:02.73,1:32.68,3:20.23,7:33.46,11
20.99,28.41,43.38,1:13.22,1:44.53,2:03.07,1:32.93,3:20.78,7:34.69,10
21.04,28.49,43.49,1:13.41,1:44.81,2:03.43,1:33.19,3:21.36,7:35.99,9
21.10,28.58,43.61,1:13.61,1:45.11,2:03.80,1:33.46,3:21.96,7:37.36,8
21.15,28.67,43.73,1:13.83,1:45.42,2:04.20,1:33.76,3:22.61,7:38.83,7
21.22,28.77,43.86,1:14.07,1:45.76,2:04.63,1:34.07,3:23.31,7:40.40,6
21.29,28.87,44.00,1:14.32,1:46.13,2:05.10,1:34.41,3:24.06,7:42.10,5
21.36,28.99,44.16,1:14.60,1:46.54,2:05.62,1:34.79,3:24.90,7:43.99,4
21.45,29.13,44.34,1:14.92,1:47.00,2:06.20,1:35.22,3:25.85,7:46.14,3
21.55,29.29,44.55,1:15.30,1:47.55,2:06.90,1:35.73,3:26.98,7:48.68,2
21.68,29.49,44.83,1:15.80,1:48.27,2:07.81,1:36.39,3:28.45,7:51.99,1
