2000m SC,3000m,3000m SC,2 Miles,5000m,10000m,Points
5:22.22,7:37.43,8:01.31,8:10.66,13:03.68,27:20.35,1400
5:22.42,7:37.70,8:01.67,8:10.95,13:04.15,27:21.37,1399
5:22.62,7:37.96,8:02.04,8:11.23,13:04.63,27:22.39,1398
5:22.82,7:38.23,8:02.41,8:11.52,13:05.10,27:23.42,1397
5:23.02,7:38.49,8:02.78,8:11.81,13:05.57,27:24.44,1396
5:23.22,7:38.76,8:03.14,8:12.10,13:06.04,27:25.46,1395
5:23.42,7:39.03,8:03.51,8:12.39,13:06.51,27:26.48,1394
5:23.62,7:39.29,8:03.88,8:12.68,13:06.98,27:27.51,1393
5:23.82,7:39.56,8:04.25,8:12.96,13:07.45,27:28.53,1392
5:24.02,7:39.82,8:04.62,8:13.25,13:07.92,27:29.56,1391
5:24.22,7:40.09,8:04.99,8:13.54,13:08.39,27:30.58,1390
5:24.42,7:40.36,8:05.36,8:13.83,13:08.87,27:31.61,1389
5:24.62,7:40.62,8:05.72,8:14.12,13:09.34,27:32.63,1388
5:24.82,7:40.89,8:06.09,8:14.41,13:09.81,27:33.66,1387
5:25.02,7:41.16,8:06.46,8:14.70,13:10.28,27:34.68,1386
5:25.22,7:41.42,8:06.83,8:14.99,13:10.76,27:35.71,1385
5:25.42,7:41.69,8:07.20,8:15.28,13:11.23,27:36.74,1384
5:25.62,7:41.96,8:07.57,8:15.57,13:11.70,27:37.77,1383
5:25.82,7:42.22,8:07.94,8:15.85,13:12.17,27:38.79,1382
5:26.02,7:42.49,8:08.31,8:16.14,13:12.65,27:39.82,1381
5:26.22,7:42.76,8:08.68,8:16.43,13:13.12,27:40.85,1380
5:26.42,7:43.02,8:09.05,8:16.72,13:13.59,27:41.88,1379
5:26.62,7:43.29,8:09.42,8:17.01,13:14.07,27:42.91,1378
5:26.82,7:43.56,8:09.79,8:17.30,13:14.54,27:43.94,1377
5:27.02,7:43.83,8:10.16,8:17.59,13:15.02,27:44.97,1376
5:27.22,7:44.09,8:10.53,8:17.88,13:15.49,27:46.00,1375
5:27.43,7:44.36,8:10.90,8:18.17,13:15.96,27:47.03,1374
5:27.63,7:44.63,8:11.27,8:18.47,13:16.44,27:48.06,1373
5:27.83,7:44.90,8:11.64,8:18.76,13:16.91,27:49.09,1372
5:28.03,7:45.16,8:12.02,8:19.05,13:17.39,27:50.12,1371
5:28.23,7:45.43,8:12.39,8:19.34,13:17.86,27:51.15,1370
5:28.43,7:45.70,8:12.76,8:19.63,13:18.34,27:52.19,1369
5:28.63,7:45.97,8:13.13,8:19.92,13:18.82,27:53.22,1368
5:28.83,7:46.24,8:13.50,8:20.21,13:19.29,27:54.25,1367
5:29.04,7:46.51,8:13.87,8:20.50,13:19.77,27:55.29,1366
5:29.24,7:46.77,8:14.25,8:20.79,13:20.24,27:56.32,1365
5:29.44,7:47.04,8:14.62,8:21.08,13:20.72,27:57.36,1364
5:29.64,7:47.31,8:14.99,8:21.38,13:21.20,27:58.39,1363
5:29.84,7:47.58,8:15.36,8:21.67,13:21.67,27:59.43,1362
5:30.05,7:47.85,8:15.74,8:21.96,13:22.15,28:00.46,1361
5:30.25,7:48.12,8:16.11,8:22.25,13:22.63,28:01.50,1360
5:30.45,7:48.39,8:16.48,8:22.54,13:23.10,28:02.53,1359
5:30.65,7:48.66,8:16.85,8:22.84,13:23.58,28:03.57,1358
5:30.85,7:48.93,8:17.23,8:23.13,13:24.06,28:04.61,1357
5:31.06,7:49.20,8:17.60,8:23.42,13:24.53,28:05.65,1356
5:31.26,7:49.46,8:17.97,8:23.71,13:25.01,28:06.68,1355
5:31.46,7:49.73,8:18.35,8:24.00,13:25.49,28:07.72,1354
5:31.66,7:50.00,8:18.72,8:24.30,13:25.97,28:08.76,1353
5:31.87,7:50.27,8:19.09,8:24.59,13:26.45,28:09.80,1352
5:32.07,7:50.54,8:19.47,8:24.88,13:26.93,28:10.84,1351
5:32.27,7:50.81,8:19.84,8:25.18,13:27.40,28:11.88,1350
5:32.48,7:51.08,8:20.22,8:25.47,13:27.88,28:12.92,1349
5:32.68,7:51.35,8:20.59,8:25.76,13:28.36,28:13.96,1348
5:32.88,7:51.62,8:20.97,8:26.06,13:28.84,28:15.00,1347
5:33.08,7:51.89,8:21.34,8:26.35,13:29.32,28:16.04,1346
5:33.29,7:52.17,8:21.71,8:26.64,13:29.80,28:17.08,1345
5:33.49,7:52.44,8:22.09,8:26.94,13:30.28,28:18.13,1344
5:33.69,7:52.71,8:22.46,8:27.23,13:30.76,28:19.17,1343
5:33.90,7:52.98,8:22.84,8:27.52,13:31.24,28:20.21,1342
5:34.10,7:53.25,8:23.22,8:27.82,13:31.72,28:21.26,1341
5:34.30,7:53.52,8:23.59,8:28.11,13:32.20,28:22.30,1340
5:34.51,7:53.79,8:23.97,8:28.41,13:32.68,28:23.34,1339
5:34.71,7:54.06,8:24.34,8:28.70,13:33.16,28:24.39,1338
5:34.92,7:54.33,8:24.72,8:28.99,13:33.64,28:25.43,1337
5:35.12,7:54.60,8:25.09,8:29.29,13:34.12,28:26.48,1336
5:35.32,7:54.88,8:25.47,8:29.58,13:34.60,28:27.52,1335
5:35.53,7:55.15,8:25.85,8:29.88,13:35.09,28:28.57,1334
5:35.73,7:55.42,8:26.22,8:30.17,13:35.57,28:29.62,1333
5:35.94,7:55.69,8:26.60,8:30.47,13:36.05,28:30.66,1332
5:36.14,7:55.96,8:26.98,8:30.76,13:36.53,28:31.71,1331
5:36.34,7:56.24,8:27.35,8:31.06,13:37.01,28:32.76,1330
5:36.55,7:56.51,8:27.73,8:31.35,13:37.50,28:33.81,1329
5:36.75,7:56.78,8:28.11,8:31.65,13:37.98,28:34.85,1328
5:36.96,7:57.05,8:28.48,8:31.94,13:38.46,28:35.90,1327
5:37.16,7:57.32,8:28.86,8:32.24,13:38.94,28:36.95,1326
5:37.37,7:57.60,8:29.24,8:32.54,13:39.43,28:38.00,1325
5:37.57,7:57.87,8:29.62,8:32.83,13:39.91,28:39.05,1324
5:37.78,7:58.14,8:30.00,8:33.13,13:40.39,28:40.10,1323
5:37.98,7:58.42,8:30.37,8:33.42,13:40.88,28:41.15,1322
5:38.19,7:58.69,8:30.75,8:33.72,13:41.36,28:42.20,1321
5:38.39,7:58.96,8:31.13,8:34.02,13:41.85,28:43.26,1320
5:38.60,7:59.23,8:31.51,8:34.31,13:42.33,28:44.31,1319
5:38.80,7:59.51,8:31.89,8:34.61,13:42.82,28:45.36,1318
5:39.01,7:59.78,8:32.27,8:34.91,13:43.30,28:46.41,1317
5:39.21,8:00.05,8:32.64,8:35.20,13:43.78,28:47.47,1316
5:39.42,8:00.33,8:33.02,8:35.50,13:44.27,28:48.52,1315
5:39.62,8:00.60,8:33.40,8:35.80,13:44.75,28:49.57,1314
5:39.83,8:00.88,8:33.78,8:36.09,13:45.24,28:50.63,1313
5:40.04,8:01.15,8:34.16,8:36.39,13:45.73,28:51.68,1312
5:40.24,8:01.42,8:34.54,8:36.69,13:46.21,28:52.74,1311
5:40.45,8:01.70,8:34.92,8:36.98,13:46.70,28:53.79,1310
5:40.65,8:01.97,8:35.30,8:37.28,13:47.18,28:54.85,1309
5:40.86,8:02.25,8:35.68,8:37.58,13:47.67,28:55.91,1308
5:41.07,8:02.52,8:36.06,8:37.88,13:48.16,28:56.96,1307
5:41.27,8:02.80,8:36.44,8:38.18,13:48.64,28:58.02,1306
5:41.48,8:03.07,8:36.82,8:38.47,13:49.13,28:59.08,1305
5:41.68,8:03.34,8:37.20,8:38.77,13:49.62,29:00.14,1304
5:41.89,8:03.62,8:37.58,8:39.07,13:50.10,29:01.19,1303
5:42.10,8:03.89,8:37.96,8:39.37,13:50.59,29:02.25,1302
5:42.30,8:04.17,8:38.34,8:39.67,13:51.08,29:03.31,1301
5:42.51,8:04.44,8:38.73,8:39.96,13:51.57,29:04.37,1300
5:42.72,8:04.72,8:39.11,8:40.26,13:52.05,29:05.43,1299
5:42.92,8:05.00,8:39.49,8:40.56,13:52.54,29:06.49,1298
5:43.13,8:05.27,8:39.87,8:40.86,13:53.03,29:07.55,1297
5:43.34,8:05.55,8:40.25,8:41.16,13:53.52,29:08.61,1296
5:43.55,8:05.82,8:40.63,8:41.46,13:54.01,29:09.68,1295
5:43.75,8:06.10,8:41.02,8:41.76,13:54.50,29:10.74,1294
5:43.96,8:06.37,8:41.40,8:42.06,13:54.99,29:11.80,1293
5:44.17,8:06.65,8:41.78,8:42.36,13:55.48,29:12.86,1292
5:44.37,8:06.93,8:42.16,8:42.66,13:55.96,29:13.93,1291
5:44.58,8:07.20,8:42.55,8:42.96,13:56.45,29:14.99,1290
5:44.79,8:07.48,8:42.93,8:43.26,13:56.94,29:16.06,1289
5:45.00,8:07.75,8:43.31,8:43.56,13:57.43,29:17.12,1288
5:45.21,8:08.03,8:43.69,8:43.86,13:57.92,29:18.18,1287
5:45.41,8:08.31,8:44.08,8:44.16,13:58.41,29:19.25,1286
5:45.62,8:08.58,8:44.46,8:44.46,13:58.91,29:20.32,1285
5:45.83,8:08.86,8:44.84,8:44.76,13:59.40,29:21.38,1284
5:46.04,8:09.14,8:45.23,8:45.06,13:59.89,29:22.45,1283
5:46.25,8:09.42,8:45.61,8:45.36,14:00.38,29:23.52,1282
5:46.45,8:09.69,8:46.00,8:45.66,14:00.87,29:24.58,1281
5:46.66,8:09.97,8:46.38,8:45.96,14:01.36,29:25.65,1280
5:46.87,8:10.25,8:46.76,8:46.26,14:01.85,29:26.72,1279
5:47.08,8:10.52,8:47.15,8:46.56,14:02.35,29:27.79,1278
5:47.29,8:10.80,8:47.53,8:46.86,14:02.84,29:28.86,1277
5:47.50,8:11.08,8:47.92,8:47.16,14:03.33,29:29.93,1276
5:47.70,8:11.36,8:48.30,8:47.47,14:03.82,29:31.00,1275
5:47.91,8:11.64,8:48.69,8:47.77,14:04.31,29:32.07,1274
5:48.12,8:11.91,8:49.07,8:48.07,14:04.81,29:33.14,1273
5:48.33,8:12.19,8:49.46,8:48.37,14:05.30,29:34.21,1272
5:48.54,8:12.47,8:49.84,8:48.67,14:05.79,29:35.28,1271
5:48.75,8:12.75,8:50.23,8:48.97,14:06.29,29:36.35,1270
5:48.96,8:13.03,8:50.62,8:49.28,14:06.78,29:37.43,1269
5:49.17,8:13.31,8:51.00,8:49.58,14:07.28,29:38.50,1268
5:49.38,8:13.58,8:51.39,8:49.88,14:07.77,29:39.57,1267
5:49.59,8:13.86,8:51.77,8:50.18,14:08.26,29:40.65,1266
5:49.80,8:14.14,8:52.16,8:50.49,14:08.76,29:41.72,1265
5:50.01,8:14.42,8:52.55,8:50.79,14:09.25,29:42.79,1264
5:50.22,8:14.70,8:52.93,8:51.09,14:09.75,29:43.87,1263
5:50.42,8:14.98,8:53.32,8:51.40,14:10.24,29:44.95,1262
5:50.63,8:15.26,8:53.71,8:51.70,14:10.74,29:46.02,1261
5:50.84,8:15.54,8:54.09,8:52.00,14:11.23,29:47.10,1260
5:51.05,8:15.82,8:54.48,8:52.30,14:11.73,29:48.17,1259
5:51.26,8:16.10,8:54.87,8:52.61,14:12.22,29:49.25,1258
5:51.48,8:16.38,8:55.26,8:52.91,14:12.72,29:50.33,1257
5:51.69,8:16.66,8:55.65,8:53.22,14:13.22,29:51.41,1256
5:51.90,8:16.94,8:56.03,8:53.52,14:13.71,29:52.49,1255
5:52.11,8:17.22,8:56.42,8:53.82,14:14.21,29:53.56,1254
5:52.32,8:17.50,8:56.81,8:54.13,14:14.71,29:54.64,1253
5:52.53,8:17.78,8:57.20,8:54.43,14:15.20,29:55.72,1252
5:52.74,8:18.06,8:57.59,8:54.74,14:15.70,29:56.80,1251
5:52.95,8:18.34,8:57.98,8:55.04,14:16.20,29:57.88,1250
5:53.16,8:18.62,8:58.36,8:55.34,14:16.70,29:58.97,1249
5:53.37,8:18.90,8:58.75,8:55.65,14:17.19,30:00.05,1248
5:53.58,8:19.18,8:59.14,8:55.95,14:17.69,30:01.13,1247
5:53.79,8:19.46,8:59.53,8:56.26,14:18.19,30:02.21,1246
5:54.00,8:19.74,8:59.92,8:56.56,14:18.69,30:03.29,1245
5:54.22,8:20.03,9:00.31,8:56.87,14:19.19,30:04.38,1244
5:54.43,8:20.31,9:00.70,8:57.17,14:19.69,30:05.46,1243
5:54.64,8:20.59,9:01.09,8:57.48,14:20.19,30:06.55,1242
5:54.85,8:20.87,9:01.48,8:57.79,14:20.68,30:07.63,1241
5:55.06,8:21.15,9:01.87,8:58.09,14:21.18,30:08.71,1240
5:55.27,8:21.43,9:02.26,8:58.40,14:21.68,30:09.80,1239
5:55.48,8:21.72,9:02.65,8:58.70,14:22.18,30:10.89,1238
5:55.70,8:22.00,9:03.04,8:59.01,14:22.68,30:11.97,1237
5:55.91,8:22.28,9:03.43,8:59.32,14:23.18,30:13.06,1236
5:56.12,8:22.56,9:03.82,8:59.62,14:23.68,30:14.15,1235
5:56.33,8:22.85,9:04.22,8:59.93,14:24.18,30:15.23,1234
5:56.54,8:23.13,9:04.61,9:00.23,14:24.69,30:16.32,1233
5:56.76,8:23.41,9:05.00,9:00.54,14:25.19,30:17.41,1232
5:56.97,8:23.69,9:05.39,9:00.85,14:25.69,30:18.50,1231
5:57.18,8:23.98,9:05.78,9:01.15,14:26.19,30:19.59,1230
5:57.39,8:24.26,9:06.17,9:01.46,14:26.69,30:20.68,1229
5:57.61,8:24.54,9:06.57,9:01.77,14:27.19,30:21.77,1228
5:57.82,8:24.83,9:06.96,9:02.08,14:27.69,30:22.86,1227
5:58.03,8:25.11,9:07.35,9:02.38,14:28.20,30:23.95,1226
5:58.25,8:25.39,9:07.74,9:02.69,14:28.70,30:25.04,1225
5:58.46,8:25.68,9:08.14,9:03.00,14:29.20,30:26.13,1224
5:58.67,8:25.96,9:08.53,9:03.31,14:29.70,30:27.23,1223
5:58.89,8:26.24,9:08.92,9:03.61,14:30.21,30:28.32,1222
5:59.10,8:26.53,9:09.32,9:03.92,14:30.71,30:29.41,1221
5:59.31,8:26.81,9:09.71,9:04.23,14:31.21,30:30.51,1220
5:59.53,8:27.10,9:10.10,9:04.54,14:31.72,30:31.60,1219
5:59.74,8:27.38,9:10.50,9:04.85,14:32.22,30:32.70,1218
5:59.95,8:27.66,9:10.89,9:05.16,14:32.73,30:33.79,1217
6:00.17,8:27.95,9:11.29,9:05.46,14:33.23,30:34.89,1216
6:00.38,8:28.23,9:11.68,9:05.77,14:33.74,30:35.98,1215
6:00.59,8:28.52,9:12.07,9:06.08,14:34.24,30:37.08,1214
6:00.81,8:28.80,9:12.47,9:06.39,14:34.74,30:38.18,1213
6:01.02,8:29.09,9:12.86,9:06.70,14:35.25,30:39.27,1212
6:01.24,8:29.37,9:13.26,9:07.01,14:35.76,30:40.37,1211
6:01.45,8:29.66,9:13.65,9:07.32,14:36.26,30:41.47,1210
6:01.66,8:29.94,9:14.05,9:07.63,14:36.77,30:42.57,1209
6:01.88,8:30.23,9:14.44,9:07.94,14:37.27,30:43.67,1208
6:02.09,8:30.51,9:14.84,9:08.25,14:37.78,30:44.77,1207
6:02.31,8:30.80,9:15.24,9:08.56,14:38.29,30:45.87,1206
6:02.52,8:31.09,9:15.63,9:08.87,14:38.79,30:46.97,1205
6:02.74,8:31.37,9:16.03,9:09.18,14:39.30,30:48.07,1204
6:02.95,8:31.66,9:16.42,9:09.49,14:39.81,30:49.17,1203
6:03.17,8:31.94,9:16.82,9:09.80,14:40.31,30:50.27,1202
6:03.38,8:32.23,9:17.22,9:10.11,14:40.82,30:51.38,1201
6:03.60,8:32.52,9:17.61,9:10.42,14:41.33,30:52.48,1200
6:03.81,8:32.80,9:18.01,9:10.73,14:41.84,30:53.58,1199
6:04.03,8:33.09,9:18.41,9:11.04,14:42.34,30:54.69,1198
6:04.24,8:33.38,9:18.81,9:11.35,14:42.85,30:55.79,1197
6:04.46,8:33.66,9:19.20,9:11.67,14:43.36,30:56.89,1196
6:04.67,8:33.95,9:19.60,9:11.98,14:43.87,30:58.00,1195
6:04.89,8:34.24,9:20.00,9:12.29,14:44.38,30:59.11,1194
6:05.11,8:34.52,9:20.40,9:12.60,14:44.89,31:00.21,1193
6:05.32,8:34.81,9:20.79,9:12.91,14:45.40,31:01.32,1192
6:05.54,8:35.10,9:21.19,9:13.22,14:45.91,31:02.42,1191
6:05.75,8:35.39,9:21.59,9:13.54,14:46.42,31:03.53,1190
6:05.97,8:35.67,9:21.99,9:13.85,14:46.93,31:04.64,1189
6:06.19,8:35.96,9:22.39,9:14.16,14:47.44,31:05.75,1188
6:06.40,8:36.25,9:22.79,9:14.47,14:47.95,31:06.86,1187
6:06.62,8:36.54,9:23.19,9:14.78,14:48.46,31:07.97,1186
6:06.83,8:36.83,9:23.59,9:15.10,14:48.97,31:09.08,1185
6:07.05,8:37.11,9:23.98,9:15.41,14:49.48,31:10.19,1184
6:07.27,8:37.40,9:24.38,9:15.72,14:49.99,31:11.30,1183
6:07.48,8:37.69,9:24.78,9:16.04,14:50.50,31:12.41,1182
6:07.70,8:37.98,9:25.18,9:16.35,14:51.01,31:13.52,1181
6:07.92,8:38.27,9:25.58,9:16.66,14:51.53,31:14.63,1180
6:08.14,8:38.56,9:25.98,9:16.98,14:52.04,31:15.75,1179
6:08.35,8:38.85,9:26.38,9:17.29,14:52.55,31:16.86,1178
6:08.57,8:39.14,9:26.79,9:17.60,14:53.06,31:17.97,1177
6:08.79,8:39.43,9:27.19,9:17.92,14:53.58,31:19.09,1176
6:09.00,8:39.72,9:27.59,9:18.23,14:54.09,31:20.20,1175
6:09.22,8:40.00,9:27.99,9:18.55,14:54.60,31:21.32,1174
6:09.44,8:40.29,9:28.39,9:18.86,14:55.12,31:22.43,1173
6:09.66,8:40.58,9:28.79,9:19.17,14:55.63,31:23.55,1172
6:09.88,8:40.87,9:29.19,9:19.49,14:56.14,31:24.66,1171
6:10.09,8:41.16,9:29.59,9:19.80,14:56.66,31:25.78,1170
6:10.31,8:41.45,9:30.00,9:20.12,14:57.17,31:26.90,1169
6:10.53,8:41.74,9:30.40,9:20.43,14:57.69,31:28.02,1168
6:10.75,8:42.03,9:30.80,9:20.75,14:58.20,31:29.14,1167
6:10.97,8:42.33,9:31.20,9:21.06,14:58.72,31:30.25,1166
6:11.18,8:42.62,9:31.61,9:21.38,14:59.23,31:31.37,1165
6:11.40,8:42.91,9:32.01,9:21.69,14:59.75,31:32.49,1164
6:11.62,8:43.20,9:32.41,9:22.01,15:00.26,31:33.61,1163
6:11.84,8:43.49,9:32.81,9:22.33,15:00.78,31:34.73,1162
6:12.06,8:43.78,9:33.22,9:22.64,15:01.30,31:35.86,1161
6:12.28,8:44.07,9:33.62,9:22.96,15:01.81,31:36.98,1160
6:12.50,8:44.36,9:34.03,9:23.27,15:02.33,31:38.10,1159
6:12.71,8:44.65,9:34.43,9:23.59,15:02.84,31:39.22,1158
6:12.93,8:44.95,9:34.83,9:23.91,15:03.36,31:40.35,1157
6:13.15,8:45.24,9:35.24,9:24.22,15:03.88,31:41.47,1156
6:13.37,8:45.53,9:35.64,9:24.54,15:04.40,31:42.59,1155
6:13.59,8:45.82,9:36.05,9:24.86,15:04.91,31:43.72,1154
6:13.81,8:46.11,9:36.45,9:25.17,15:05.43,31:44.84,1153
6:14.03,8:46.41,9:36.86,9:25.49,15:05.95,31:45.97,1152
6:14.25,8:46.70,9:37.26,9:25.81,15:06.47,31:47.09,1151
6:14.47,8:46.99,9:37.67,9:26.13,15:06.99,31:48.22,1150
6:14.69,8:47.28,9:38.07,9:26.44,15:07.51,31:49.35,1149
6:14.91,8:47.58,9:38.48,9:26.76,15:08.03,31:50.48,1148
6:15.13,8:47.87,9:38.88,9:27.08,15:08.54,31:51.60,1147
6:15.35,8:48.16,9:39.29,9:27.40,15:09.06,31:52.73,1146
6:15.57,8:48.46,9:39.70,9:27.71,15:09.58,31:53.86,1145
6:15.79,8:48.75,9:40.10,9:28.03,15:10.10,31:54.99,1144
6:16.01,8:49.04,9:40.51,9:28.35,15:10.62,31:56.12,1143
6:16.23,8:49.34,9:40.91,9:28.67,15:11.14,31:57.25,1142
6:16.45,8:49.63,9:41.32,9:28.99,15:11.66,31:58.38,1141
6:16.67,8:49.92,9:41.73,9:29.31,15:12.19,31:59.51,1140
6:16.89,8:50.22,9:42.14,9:29.63,15:12.71,32:00.65,1139
6:17.11,8:50.51,9:42.54,9:29.94,15:13.23,32:01.78,1138
6:17.34,8:50.81,9:42.95,9:30.26,15:13.75,32:02.91,1137
6:17.56,8:51.10,9:43.36,9:30.58,15:14.27,32:04.05,1136
6:17.78,8:51.39,9:43.77,9:30.90,15:14.79,32:05.18,1135
6:18.00,8:51.69,9:44.17,9:31.22,15:15.32,32:06.31,1134
6:18.22,8:51.98,9:44.58,9:31.54,15:15.84,32:07.45,1133
6:18.44,8:52.28,9:44.99,9:31.86,15:16.36,32:08.58,1132
6:18.66,8:52.57,9:45.40,9:32.18,15:16.88,32:09.72,1131
6:18.89,8:52.87,9:45.81,9:32.50,15:17.41,32:10.86,1130
6:19.11,8:53.16,9:46.22,9:32.82,15:17.93,32:11.99,1129
6:19.33,8:53.46,9:46.63,9:33.14,15:18.45,32:13.13,1128
6:19.55,8:53.76,9:47.04,9:33.46,15:18.98,32:14.27,1127
6:19.77,8:54.05,9:47.45,9:33.78,15:19.50,32:15.41,1126
6:19.99,8:54.35,9:47.86,9:34.11,15:20.03,32:16.55,1125
6:20.22,8:54.64,9:48.27,9:34.43,15:20.55,32:17.69,1124
6:20.44,8:54.94,9:48.68,9:34.75,15:21.08,32:18.83,1123
6:20.66,8:55.23,9:49.09,9:35.07,15:21.60,32:19.97,1122
6:20.88,8:55.53,9:49.50,9:35.39,15:22.13,32:21.11,1121
6:21.11,8:55.83,9:49.91,9:35.71,15:22.65,32:22.25,1120
6:21.33,8:56.12,9:50.32,9:36.03,15:23.18,32:23.39,1119
6:21.55,8:56.42,9:50.73,9:36.36,15:23.70,32:24.54,1118
6:21.78,8:56.72,9:51.14,9:36.68,15:24.23,32:25.68,1117
6:22.00,8:57.01,9:51.55,9:37.00,15:24.76,32:26.82,1116
6:22.22,8:57.31,9:51.96,9:37.32,15:25.28,32:27.97,1115
6:22.45,8:57.61,9:52.38,9:37.64,15:25.81,32:29.11,1114
6:22.67,8:57.91,9:52.79,9:37.97,15:26.34,32:30.26,1113
6:22.89,8:58.20,9:53.20,9:38.29,15:26.86,32:31.40,1112
6:23.12,8:58.50,9:53.61,9:38.61,15:27.39,32:32.55,1111
6:23.34,8:58.80,9:54.02,9:38.94,15:27.92,32:33.69,1110
6:23.56,8:59.10,9:54.44,9:39.26,15:28.45,32:34.84,1109
6:23.79,8:59.40,9:54.85,9:39.58,15:28.98,32:35.99,1108
6:24.01,8:59.69,9:55.26,9:39.91,15:29.50,32:37.14,1107
6:24.24,8:59.99,9:55.68,9:40.23,15:30.03,32:38.29,1106
6:24.46,9:00.29,9:56.09,9:40.55,15:30.56,32:39.44,1105
6:24.68,9:00.59,9:56.50,9:40.88,15:31.09,32:40.59,1104
6:24.91,9:00.89,9:56.92,9:41.20,15:31.62,32:41.74,1103
6:25.13,9:01.19,9:57.33,9:41.53,15:32.15,32:42.89,1102
6:25.36,9:01.49,9:57.75,9:41.85,15:32.68,32:44.04,1101
6:25.58,9:01.78,9:58.16,9:42.17,15:33.21,32:45.19,1100
6:25.81,9:02.08,9:58.57,9:42.50,15:33.74,32:46.34,1099
6:26.03,9:02.38,9:58.99,9:42.82,15:34.27,32:47.50,1098
6:26.26,9:02.68,9:59.40,9:43.15,15:34.80,32:48.65,1097
6:26.48,9:02.98,9:59.82,9:43.47,15:35.33,32:49.80,1096
6:26.71,9:03.28,10:00.23,9:43.80,15:35.87,32:50.96,1095
6:26.93,9:03.58,10:00.65,9:44.13,15:36.40,32:52.11,1094
6:27.16,9:03.88,10:01.07,9:44.45,15:36.93,32:53.27,1093
6:27.38,9:04.18,10:01.48,9:44.78,15:37.46,32:54.42,1092
6:27.61,9:04.48,10:01.90,9:45.10,15:37.99,32:55.58,1091
6:27.83,9:04.78,10:02.31,9:45.43,15:38.53,32:56.74,1090
6:28.06,9:05.08,10:02.73,9:45.75,15:39.06,32:57.90,1089
6:28.29,9:05.38,10:03.15,9:46.08,15:39.59,32:59.05,1088
6:28.51,9:05.69,10:03.56,9:46.41,15:40.13,33:00.21,1087
6:28.74,9:05.99,10:03.98,9:46.73,15:40.66,33:01.37,1086
6:28.96,9:06.29,10:04.40,9:47.06,15:41.19,33:02.53,1085
6:29.19,9:06.59,10:04.82,9:47.39,15:41.73,33:03.69,1084
6:29.42,9:06.89,10:05.23,9:47.71,15:42.26,33:04.85,1083
6:29.64,9:07.19,10:05.65,9:48.04,15:42.80,33:06.02,1082
6:29.87,9:07.49,10:06.07,9:48.37,15:43.33,33:07.18,1081
6:30.10,9:07.80,10:06.49,9:48.70,15:43.87,33:08.34,1080
6:30.32,9:08.10,10:06.91,9:49.02,15:44.40,33:09.50,1079
6:30.55,9:08.40,10:07.32,9:49.35,15:44.94,33:10.67,1078
6:30.78,9:08.70,10:07.74,9:49.68,15:45.47,33:11.83,1077
6:31.01,9:09.00,10:08.16,9:50.01,15:46.01,33:13.00,1076
6:31.23,9:09.31,10:08.58,9:50.34,15:46.55,33:14.16,1075
6:31.46,9:09.61,10:09.00,9:50.66,15:47.08,33:15.33,1074
6:31.69,9:09.91,10:09.42,9:50.99,15:47.62,33:16.49,1073
6:31.91,9:10.22,10:09.84,9:51.32,15:48.16,33:17.66,1072
6:32.14,9:10.52,10:10.26,9:51.65,15:48.69,33:18.83,1071
6:32.37,9:10.82,10:10.68,9:51.98,15:49.23,33:19.99,1070
6:32.60,9:11.13,10:11.10,9:52.31,15:49.77,33:21.16,1069
6:32.83,9:11.43,10:11.52,9:52.64,15:50.31,33:22.33,1068
6:33.05,9:11.73,10:11.94,9:52.97,15:50.85,33:23.50,1067
6:33.28,9:12.04,10:12.36,9:53.30,15:51.38,33:24.67,1066
6:33.51,9:12.34,10:12.78,9:53.63,15:51.92,33:25.84,1065
6:33.74,9:12.64,10:13.20,9:53.96,15:52.46,33:27.01,1064
6:33.97,9:12.95,10:13.63,9:54.29,15:53.00,33:28.19,1063
6:34.20,9:13.25,10:14.05,9:54.62,15:53.54,33:29.36,1062
6:34.43,9:13.56,10:14.47,9:54.95,15:54.08,33:30.53,1061
6:34.65,9:13.86,10:14.89,9:55.28,15:54.62,33:31.70,1060
6:34.88,9:14.17,10:15.31,9:55.61,15:55.16,33:32.88,1059
6:35.11,9:14.47,10:15.74,9:55.94,15:55.70,33:34.05,1058
6:35.34,9:14.78,10:16.16,9:56.27,15:56.24,33:35.23,1057
6:35.57,9:15.08,10:16.58,9:56.60,15:56.78,33:36.40,1056
6:35.80,9:15.39,10:17.01,9:56.93,15:57.33,33:37.58,1055
6:36.03,9:15.69,10:17.43,9:57.27,15:57.87,33:38.76,1054
6:36.26,9:16.00,10:17.85,9:57.60,15:58.41,33:39.93,1053
6:36.49,9:16.31,10:18.28,9:57.93,15:58.95,33:41.11,1052
6:36.72,9:16.61,10:18.70,9:58.26,15:59.49,33:42.29,1051
6:36.95,9:16.92,10:19.12,9:58.59,16:00.04,33:43.47,1050
6:37.18,9:17.22,10:19.55,9:58.93,16:00.58,33:44.65,1049
6:37.41,9:17.53,10:19.97,9:59.26,16:01.12,33:45.83,1048
6:37.64,9:17.84,10:20.40,9:59.59,16:01.67,33:47.01,1047
6:37.87,9:18.14,10:20.82,9:59.92,16:02.21,33:48.19,1046
6:38.10,9:18.45,10:21.25,10:00.26,16:02.75,33:49.37,1045
6:38.33,9:18.76,10:21.67,10:00.59,16:03.30,33:50.56,1044
6:38.56,9:19.06,10:22.10,10:00.92,16:03.84,33:51.74,1043
6:38.79,9:19.37,10:22.52,10:01.26,16:04.39,33:52.92,1042
6:39.02,9:19.68,10:22.95,10:01.59,16:04.93,33:54.11,1041
6:39.25,9:19.99,10:23.38,10:01.92,16:05.48,33:55.29,1040
6:39.49,9:20.29,10:23.80,10:02.26,16:06.02,33:56.48,1039
6:39.72,9:20.60,10:24.23,10:02.59,16:06.57,33:57.66,1038
6:39.95,9:20.91,10:24.66,10:02.93,16:07.12,33:58.85,1037
6:40.18,9:21.22,10:25.08,10:03.26,16:07.66,34:00.04,1036
6:40.41,9:21.53,10:25.51,10:03.60,16:08.21,34:01.22,1035
6:40.64,9:21.84,10:25.94,10:03.93,16:08.76,34:02.41,1034
6:40.88,9:22.14,10:26.37,10:04.26,16:09.30,34:03.60,1033
6:41.11,9:22.45,10:26.79,10:04.60,16:09.85,34:04.79,1032
6:41.34,9:22.76,10:27.22,10:04.93,16:10.40,34:05.98,1031
6:41.57,9:23.07,10:27.65,10:05.27,16:10.95,34:07.17,1030
6:41.80,9:23.38,10:28.08,10:05.61,16:11.49,34:08.36,1029
6:42.04,9:23.69,10:28.51,10:05.94,16:12.04,34:09.55,1028
6:42.27,9:24.00,10:28.94,10:06.28,16:12.59,34:10.74,1027
6:42.50,9:24.31,10:29.36,10:06.61,16:13.14,34:11.94,1026
6:42.73,9:24.62,10:29.79,10:06.95,16:13.69,34:13.13,1025
6:42.97,9:24.93,10:30.22,10:07.29,16:14.24,34:14.32,1024
6:43.20,9:25.24,10:30.65,10:07.62,16:14.79,34:15.52,1023
6:43.43,9:25.55,10:31.08,10:07.96,16:15.34,34:16.71,1022
6:43.67,9:25.86,10:31.51,10:08.30,16:15.89,34:17.91,1021
6:43.90,9:26.17,10:31.94,10:08.63,16:16.44,34:19.11,1020
6:44.13,9:26.48,10:32.37,10:08.97,16:16.99,34:20.30,1019
6:44.37,9:26.79,10:32.80,10:09.31,16:17.54,34:21.50,1018
6:44.60,9:27.10,10:33.24,10:09.65,16:18.09,34:22.70,1017
6:44.83,9:27.41,10:33.67,10:09.98,16:18.65,34:23.90,1016
6:45.07,9:27.73,10:34.10,10:10.32,16:19.20,34:25.09,1015
6:45.30,9:28.04,10:34.53,10:10.66,16:19.75,34:26.29,1014
6:45.54,9:28.35,10:34.96,10:11.00,16:20.30,34:27.50,1013
6:45.77,9:28.66,10:35.39,10:11.34,16:20.85,34:28.70,1012
6:46.00,9:28.97,10:35.83,10:11.67,16:21.41,34:29.90,1011
6:46.24,9:29.29,10:36.26,10:12.01,16:21.96,34:31.10,1010
6:46.47,9:29.60,10:36.69,10:12.35,16:22.51,34:32.30,1009
6:46.71,9:29.91,10:37.12,10:12.69,16:23.07,34:33.51,1008
6:46.94,9:30.22,10:37.56,10:13.03,16:23.62,34:34.71,1007
6:47.18,9:30.54,10:37.99,10:13.37,16:24.18,34:35.91,1006
6:47.41,9:30.85,10:38.42,10:13.71,16:24.73,34:37.12,1005
6:47.65,9:31.16,10:38.86,10:14.05,16:25.29,34:38.32,1004
6:47.88,9:31.47,10:39.29,10:14.39,16:25.84,34:39.53,1003
6:48.12,9:31.79,10:39.73,10:14.73,16:26.40,34:40.74,1002
6:48.35,9:32.10,10:40.16,10:15.07,16:26.95,34:41.95,1001
6:48.59,9:32.42,10:40.59,10:15.41,16:27.51,34:43.15,1000
6:48.83,9:32.73,10:41.03,10:15.75,16:28.07,34:44.36,999
6:49.06,9:33.04,10:41.46,10:16.09,16:28.62,34:45.57,998
6:49.30,9:33.36,10:41.90,10:16.43,16:29.18,34:46.78,997
6:49.53,9:33.67,10:42.33,10:16.77,16:29.74,34:47.99,996
6:49.77,9:33.99,10:42.77,10:17.11,16:30.29,34:49.20,995
6:50.01,9:34.30,10:43.21,10:17.45,16:30.85,34:50.42,994
6:50.24,9:34.62,10:43.64,10:17.80,16:31.41,34:51.63,993
6:50.48,9:34.93,10:44.08,10:18.14,16:31.97,34:52.84,992
6:50.72,9:35.25,10:44.52,10:18.48,16:32.53,34:54.05,991
6:50.95,9:35.56,10:44.95,10:18.82,16:33.09,34:55.27,990
6:51.19,9:35.88,10:45.39,10:19.16,16:33.65,34:56.48,989
6:51.43,9:36.19,10:45.83,10:19.51,16:34.20,34:57.70,988
6:51.66,9:36.51,10:46.26,10:19.85,16:34.76,34:58.91,987
6:51.90,9:36.82,10:46.70,10:20.19,16:35.32,35:00.13,986
6:52.14,9:37.14,10:47.14,10:20.53,16:35.88,35:01.35,985
6:52.38,9:37.46,10:47.58,10:20.88,16:36.45,35:02.57,984
6:52.61,9:37.77,10:48.02,10:21.22,16:37.01,35:03.78,983
6:52.85,9:38.09,10:48.45,10:21.56,16:37.57,35:05.00,982
6:53.09,9:38.41,10:48.89,10:21.91,16:38.13,35:06.22,981
6:53.33,9:38.72,10:49.33,10:22.25,16:38.69,35:07.44,980
6:53.57,9:39.04,10:49.77,10:22.60,16:39.25,35:08.67,979
6:53.80,9:39.36,10:50.21,10:22.94,16:39.81,35:09.89,978
6:54.04,9:39.67,10:50.65,10:23.28,16:40.38,35:11.11,977
6:54.28,9:39.99,10:51.09,10:23.63,16:40.94,35:12.33,976
6:54.52,9:40.31,10:51.53,10:23.97,16:41.50,35:13.56,975
6:54.76,9:40.63,10:51.97,10:24.32,16:42.07,35:14.78,974
6:55.00,9:40.95,10:52.41,10:24.66,16:42.63,35:16.00,973
6:55.24,9:41.26,10:52.85,10:25.01,16:43.19,35:17.23,972
6:55.48,9:41.58,10:53.29,10:25.35,16:43.76,35:18.46,971
6:55.72,9:41.90,10:53.73,10:25.70,16:44.32,35:19.68,970
6:55.95,9:42.22,10:54.18,10:26.05,16:44.89,35:20.91,969
6:56.19,9:42.54,10:54.62,10:26.39,16:45.45,35:22.14,968
6:56.43,9:42.86,10:55.06,10:26.74,16:46.02,35:23.37,967
6:56.67,9:43.18,10:55.50,10:27.08,16:46.59,35:24.60,966
6:56.91,9:43.50,10:55.94,10:27.43,16:47.15,35:25.83,965
6:57.15,9:43.82,10:56.39,10:27.78,16:47.72,35:27.06,964
6:57.39,9:44.14,10:56.83,10:28.12,16:48.28,35:28.29,963
6:57.63,9:44.46,10:57.27,10:28.47,16:48.85,35:29.52,962
6:57.87,9:44.78,10:57.72,10:28.82,16:49.42,35:30.75,961
6:58.11,9:45.10,10:58.16,10:29.16,16:49.99,35:31.98,960
6:58.36,9:45.42,10:58.60,10:29.51,16:50.55,35:33.22,959
6:58.60,9:45.74,10:59.05,10:29.86,16:51.12,35:34.45,958
6:58.84,9:46.06,10:59.49,10:30.21,16:51.69,35:35.69,957
6:59.08,9:46.38,10:59.94,10:30.56,16:52.26,35:36.92,956
6:59.32,9:46.70,11:00.38,10:30.90,16:52.83,35:38.16,955
6:59.56,9:47.02,11:00.83,10:31.25,16:53.40,35:39.40,954
6:59.80,9:47.34,11:01.27,10:31.60,16:53.97,35:40.63,953
7:00.04,9:47.66,11:01.72,10:31.95,16:54.54,35:41.87,952
7:00.28,9:47.98,11:02.16,10:32.30,16:55.11,35:43.11,951
7:00.53,9:48.31,11:02.61,10:32.65,16:55.68,35:44.35,950
7:00.77,9:48.63,11:03.05,10:33.00,16:56.25,35:45.59,949
7:01.01,9:48.95,11:03.50,10:33.35,16:56.82,35:46.83,948
7:01.25,9:49.27,11:03.95,10:33.70,16:57.39,35:48.07,947
7:01.50,9:49.60,11:04.39,10:34.05,16:57.96,35:49.31,946
7:01.74,9:49.92,11:04.84,10:34.40,16:58.54,35:50.56,945
7:01.98,9:50.24,11:05.29,10:34.75,16:59.11,35:51.80,944
7:02.22,9:50.56,11:05.74,10:35.10,16:59.68,35:53.04,943
7:02.47,9:50.89,11:06.18,10:35.45,17:00.25,35:54.29,942
7:02.71,9:51.21,11:06.63,10:35.80,17:00.83,35:55.53,941
7:02.95,9:51.53,11:07.08,10:36.15,17:01.40,35:56.78,940
7:03.19,9:51.86,11:07.53,10:36.50,17:01.97,35:58.03,939
7:03.44,9:52.18,11:07.98,10:36.85,17:02.55,35:59.27,938
7:03.68,9:52.51,11:08.43,10:37.20,17:03.12,36:00.52,937
7:03.92,9:52.83,11:08.87,10:37.56,17:03.70,36:01.77,936
7:04.17,9:53.15,11:09.32,10:37.91,17:04.27,36:03.02,935
7:04.41,9:53.48,11:09.77,10:38.26,17:04.85,36:04.27,934
7:04.66,9:53.80,11:10.22,10:38.61,17:05.42,36:05.52,933
7:04.90,9:54.13,11:10.67,10:38.97,17:06.00,36:06.77,932
7:05.14,9:54.45,11:11.12,10:39.32,17:06.58,36:08.02,931
7:05.39,9:54.78,11:11.58,10:39.67,17:07.15,36:09.28,930
7:05.63,9:55.10,11:12.03,10:40.02,17:07.73,36:10.53,929
7:05.88,9:55.43,11:12.48,10:40.38,17:08.31,36:11.79,928
7:06.12,9:55.76,11:12.93,10:40.73,17:08.88,36:13.04,927
7:06.37,9:56.08,11:13.38,10:41.09,17:09.46,36:14.30,926
7:06.61,9:56.41,11:13.83,10:41.44,17:10.04,36:15.55,925
7:06.86,9:56.73,11:14.28,10:41.79,17:10.62,36:16.81,924
7:07.10,9:57.06,11:14.74,10:42.15,17:11.20,36:18.07,923
7:07.35,9:57.39,11:15.19,10:42.50,17:11.78,36:19.32,922
7:07.59,9:57.71,11:15.64,10:42.86,17:12.36,36:20.58,921
7:07.84,9:58.04,11:16.09,10:43.21,17:12.94,36:21.84,920
7:08.09,9:58.37,11:16.55,10:43.57,17:13.52,36:23.10,919
7:08.33,9:58.70,11:17.00,10:43.92,17:14.10,36:24.36,918
7:08.58,9:59.02,11:17.46,10:44.28,17:14.68,36:25.63,917
7:08.82,9:59.35,11:17.91,10:44.63,17:15.26,36:26.89,916
7:09.07,9:59.68,11:18.36,10:44.99,17:15.84,36:28.15,915
7:09.32,10:00.01,11:18.82,10:45.34,17:16.42,36:29.41,914
7:09.56,10:00.34,11:19.27,10:45.70,17:17.00,36:30.68,913
7:09.81,10:00.66,11:19.73,10:46.06,17:17.59,36:31.94,912
7:10.06,10:00.99,11:20.18,10:46.41,17:18.17,36:33.21,911
7:10.30,10:01.32,11:20.64,10:46.77,17:18.75,36:34.48,910
7:10.55,10:01.65,11:21.10,10:47.13,17:19.33,36:35.74,909
7:10.80,10:01.98,11:21.55,10:47.48,17:19.92,36:37.01,908
7:11.05,10:02.31,11:22.01,10:47.84,17:20.50,36:38.28,907
7:11.29,10:02.64,11:22.46,10:48.20,17:21.09,36:39.55,906
7:11.54,10:02.97,11:22.92,10:48.56,17:21.67,36:40.82,905
7:11.79,10:03.30,11:23.38,10:48.92,17:22.26,36:42.09,904
7:12.04,10:03.63,11:23.84,10:49.27,17:22.84,36:43.36,903
7:12.28,10:03.96,11:24.29,10:49.63,17:23.43,36:44.63,902
7:12.53,10:04.29,11:24.75,10:49.99,17:24.01,36:45.90,901
7:12.78,10:04.62,11:25.21,10:50.35,17:24.60,36:47.18,900
7:13.03,10:04.95,11:25.67,10:50.71,17:25.19,36:48.45,899
7:13.28,10:05.28,11:26.13,10:51.07,17:25.77,36:49.73,898
7:13.53,10:05.61,11:26.58,10:51.43,17:26.36,36:51.00,897
7:13.78,10:05.95,11:27.04,10:51.79,17:26.95,36:52.28,896
7:14.03,10:06.28,11:27.50,10:52.15,17:27.53,36:53.56,895
7:14.27,10:06.61,11:27.96,10:52.51,17:28.12,36:54.83,894
7:14.52,10:06.94,11:28.42,10:52.87,17:28.71,36:56.11,893
7:14.77,10:07.27,11:28.88,10:53.23,17:29.30,36:57.39,892
7:15.02,10:07.61,11:29.34,10:53.59,17:29.89,36:58.67,891
7:15.27,10:07.94,11:29.80,10:53.95,17:30.48,36:59.95,890
7:15.52,10:08.27,11:30.26,10:54.31,17:31.07,37:01.23,889
7:15.77,10:08.60,11:30.73,10:54.67,17:31.66,37:02.51,888
7:16.02,10:08.94,11:31.19,10:55.03,17:32.25,37:03.80,887
7:16.27,10:09.27,11:31.65,10:55.39,17:32.84,37:05.08,886
7:16.52,10:09.60,11:32.11,10:55.75,17:33.43,37:06.37,885
7:16.77,10:09.94,11:32.57,10:56.12,17:34.02,37:07.65,884
7:17.03,10:10.27,11:33.04,10:56.48,17:34.61,37:08.94,883
7:17.28,10:10.60,11:33.50,10:56.84,17:35.21,37:10.22,882
7:17.53,10:10.94,11:33.96,10:57.20,17:35.80,37:11.51,881
7:17.78,10:11.27,11:34.42,10:57.57,17:36.39,37:12.80,880
7:18.03,10:11.61,11:34.89,10:57.93,17:36.98,37:14.09,879
7:18.28,10:11.94,11:35.35,10:58.29,17:37.58,37:15.37,878
7:18.53,10:12.28,11:35.82,10:58.66,17:38.17,37:16.66,877
7:18.78,10:12.61,11:36.28,10:59.02,17:38.77,37:17.96,876
7:19.04,10:12.95,11:36.74,10:59.38,17:39.36,37:19.25,875
7:19.29,10:13.28,11:37.21,10:59.75,17:39.96,37:20.54,874
7:19.54,10:13.62,11:37.67,11:00.11,17:40.55,37:21.83,873
7:19.79,10:13.96,11:38.14,11:00.48,17:41.15,37:23.13,872
7:20.05,10:14.29,11:38.61,11:00.84,17:41.74,37:24.42,871
7:20.30,10:14.63,11:39.07,11:01.21,17:42.34,37:25.72,870
7:20.55,10:14.96,11:39.54,11:01.57,17:42.93,37:27.01,869
7:20.80,10:15.30,11:40.00,11:01.94,17:43.53,37:28.31,868
7:21.06,10:15.64,11:40.47,11:02.30,17:44.13,37:29.61,867
7:21.31,10:15.98,11:40.94,11:02.67,17:44.73,37:30.90,866
7:21.56,10:16.31,11:41.41,11:03.03,17:45.32,37:32.20,865
7:21.82,10:16.65,11:41.87,11:03.40,17:45.92,37:33.50,864
7:22.07,10:16.99,11:42.34,11:03.77,17:46.52,37:34.80,863
7:22.32,10:17.33,11:42.81,11:04.13,17:47.12,37:36.10,862
7:22.58,10:17.66,11:43.28,11:04.50,17:47.72,37:37.41,861
7:22.83,10:18.00,11:43.75,11:04.87,17:48.32,37:38.71,860
7:23.09,10:18.34,11:44.21,11:05.23,17:48.92,37:40.01,859
7:23.34,10:18.68,11:44.68,11:05.60,17:49.52,37:41.32,858
7:23.60,10:19.02,11:45.15,11:05.97,17:50.12,37:42.62,857
7:23.85,10:19.36,11:45.62,11:06.34,17:50.72,37:43.93,856
7:24.11,10:19.70,11:46.09,11:06.70,17:51.32,37:45.23,855
7:24.36,10:20.04,11:46.56,11:07.07,17:51.92,37:46.54,854
7:24.62,10:20.38,11:47.03,11:07.44,17:52.53,37:47.85,853
7:24.87,10:20.72,11:47.50,11:07.81,17:53.13,37:49.16,852
7:25.13,10:21.06,11:47.98,11:08.18,17:53.73,37:50.47,851
7:25.38,10:21.40,11:48.45,11:08.55,17:54.33,37:51.78,850
7:25.64,10:21.74,11:48.92,11:08.92,17:54.94,37:53.09,849
7:25.89,10:22.08,11:49.39,11:09.29,17:55.54,37:54.40,848
7:26.15,10:22.42,11:49.86,11:09.66,17:56.15,37:55.71,847
7:26.41,10:22.76,11:50.34,11:10.03,17:56.75,37:57.03,846
7:26.66,10:23.10,11:50.81,11:10.40,17:57.36,37:58.34,845
7:26.92,10:23.44,11:51.28,11:10.77,17:57.96,37:59.66,844
7:27.17,10:23.78,11:51.75,11:11.14,17:58.57,38:00.97,843
7:27.43,10:24.12,11:52.23,11:11.51,17:59.17,38:02.29,842
7:27.69,10:24.47,11:52.70,11:11.88,17:59.78,38:03.61,841
7:27.95,10:24.81,11:53.18,11:12.25,18:00.39,38:04.92,840
7:28.20,10:25.15,11:53.65,11:12.62,18:00.99,38:06.24,839
7:28.46,10:25.49,11:54.13,11:13.00,18:01.60,38:07.56,838
7:28.72,10:25.84,11:54.60,11:13.37,18:02.21,38:08.88,837
7:28.98,10:26.18,11:55.08,11:13.74,18:02.82,38:10.20,836
7:29.23,10:26.52,11:55.55,11:14.11,18:03.42,38:11.53,835
7:29.49,10:26.87,11:56.03,11:14.48,18:04.03,38:12.85,834
7:29.75,10:27.21,11:56.50,11:14.86,18:04.64,38:14.17,833
7:30.01,10:27.55,11:56.98,11:15.23,18:05.25,38:15.50,832
7:30.27,10:27.90,11:57.46,11:15.60,18:05.86,38:16.82,831
7:30.53,10:28.24,11:57.93,11:15.98,18:06.47,38:18.15,830
7:30.78,10:28.59,11:58.41,11:16.35,18:07.08,38:19.47,829
7:31.04,10:28.93,11:58.89,11:16.73,18:07.69,38:20.80,828
7:31.30,10:29.28,11:59.37,11:17.10,18:08.31,38:22.13,827
7:31.56,10:29.62,11:59.84,11:17.47,18:08.92,38:23.46,826
7:31.82,10:29.97,12:00.32,11:17.85,18:09.53,38:24.79,825
7:32.08,10:30.31,12:00.80,11:18.22,18:10.14,38:26.12,824
7:32.34,10:30.66,12:01.28,11:18.60,18:10.76,38:27.45,823
7:32.60,10:31.01,12:01.76,11:18.97,18:11.37,38:28.78,822
7:32.86,10:31.35,12:02.24,11:19.35,18:11.98,38:30.12,821
7:33.12,10:31.70,12:02.72,11:19.73,18:12.60,38:31.45,820
7:33.38,10:32.04,12:03.20,11:20.10,18:13.21,38:32.79,819
7:33.64,10:32.39,12:03.68,11:20.48,18:13.83,38:34.12,818
7:33.90,10:32.74,12:04.16,11:20.85,18:14.44,38:35.46,817
7:34.16,10:33.09,12:04.64,11:21.23,18:15.06,38:36.80,816
7:34.42,10:33.43,12:05.12,11:21.61,18:15.67,38:38.13,815
7:34.68,10:33.78,12:05.60,11:21.99,18:16.29,38:39.47,814
7:34.95,10:34.13,12:06.09,11:22.36,18:16.91,38:40.81,813
7:35.21,10:34.48,12:06.57,11:22.74,18:17.52,38:42.15,812
7:35.47,10:34.83,12:07.05,11:23.12,18:18.14,38:43.50,811
7:35.73,10:35.17,12:07.53,11:23.50,18:18.76,38:44.84,810
7:35.99,10:35.52,12:08.02,11:23.88,18:19.38,38:46.18,809
7:36.26,10:35.87,12:08.50,11:24.25,18:19.99,38:47.52,808
7:36.52,10:36.22,12:08.98,11:24.63,18:20.61,38:48.87,807
7:36.78,10:36.57,12:09.47,11:25.01,18:21.23,38:50.22,806
7:37.04,10:36.92,12:09.95,11:25.39,18:21.85,38:51.56,805
7:37.31,10:37.27,12:10.44,11:25.77,18:22.47,38:52.91,804
7:37.57,10:37.62,12:10.92,11:26.15,18:23.09,38:54.26,803
7:37.83,10:37.97,12:11.41,11:26.53,18:23.71,38:55.61,802
7:38.09,10:38.32,12:11.89,11:26.91,18:24.34,38:56.96,801
7:38.36,10:38.67,12:12.38,11:27.29,18:24.96,38:58.31,800
7:38.62,10:39.02,12:12.87,11:27.67,18:25.58,38:59.66,799
7:38.89,10:39.37,12:13.35,11:28.05,18:26.20,39:01.01,798
7:39.15,10:39.72,12:13.84,11:28.43,18:26.83,39:02.36,797
7:39.41,10:40.08,12:14.33,11:28.82,18:27.45,39:03.72,796
7:39.68,10:40.43,12:14.81,11:29.20,18:28.07,39:05.07,795
7:39.94,10:40.78,12:15.30,11:29.58,18:28.70,39:06.43,794
7:40.21,10:41.13,12:15.79,11:29.96,18:29.32,39:07.78,793
7:40.47,10:41.48,12:16.28,11:30.34,18:29.95,39:09.14,792
7:40.74,10:41.84,12:16.77,11:30.73,18:30.57,39:10.50,791
7:41.00,10:42.19,12:17.25,11:31.11,18:31.20,39:11.86,790
7:41.27,10:42.54,12:17.74,11:31.49,18:31.82,39:13.22,789
7:41.53,10:42.90,12:18.23,11:31.88,18:32.45,39:14.58,788
7:41.80,10:43.25,12:18.72,11:32.26,18:33.08,39:15.94,787
7:42.06,10:43.60,12:19.21,11:32.64,18:33.70,39:17.30,786
7:42.33,10:43.96,12:19.70,11:33.03,18:34.33,39:18.67,785
7:42.60,10:44.31,12:20.19,11:33.41,18:34.96,39:20.03,784
7:42.86,10:44.67,12:20.69,11:33.80,18:35.59,39:21.40,783
7:43.13,10:45.02,12:21.18,11:34.18,18:36.22,39:22.76,782
7:43.40,10:45.38,12:21.67,11:34.57,18:36.84,39:24.13,781
7:43.66,10:45.73,12:22.16,11:34.95,18:37.47,39:25.50,780
7:43.93,10:46.09,12:22.65,11:35.34,18:38.10,39:26.87,779
7:44.20,10:46.44,12:23.15,11:35.72,18:38.73,39:28.24,778
7:44.46,10:46.80,12:23.64,11:36.11,18:39.37,39:29.61,777
7:44.73,10:47.15,12:24.13,11:36.50,18:40.00,39:30.98,776
7:45.00,10:47.51,12:24.63,11:36.88,18:40.63,39:32.35,775
7:45.27,10:47.87,12:25.12,11:37.27,18:41.26,39:33.72,774
7:45.53,10:48.22,12:25.61,11:37.66,18:41.89,39:35.10,773
7:45.80,10:48.58,12:26.11,11:38.04,18:42.53,39:36.47,772
7:46.07,10:48.94,12:26.60,11:38.43,18:43.16,39:37.85,771
7:46.34,10:49.30,12:27.10,11:38.82,18:43.79,39:39.23,770
7:46.61,10:49.65,12:27.59,11:39.21,18:44.43,39:40.60,769
7:46.88,10:50.01,12:28.09,11:39.60,18:45.06,39:41.98,768
7:47.15,10:50.37,12:28.59,11:39.98,18:45.70,39:43.36,767
7:47.42,10:50.73,12:29.08,11:40.37,18:46.33,39:44.74,766
7:47.68,10:51.09,12:29.58,11:40.76,18:46.97,39:46.12,765
7:47.95,10:51.45,12:30.08,11:41.15,18:47.60,39:47.50,764
7:48.22,10:51.81,12:30.57,11:41.54,18:48.24,39:48.89,763
7:48.49,10:52.16,12:31.07,11:41.93,18:48.88,39:50.27,762
7:48.76,10:52.52,12:31.57,11:42.32,18:49.51,39:51.66,761
7:49.03,10:52.88,12:32.07,11:42.71,18:50.15,39:53.04,760
7:49.30,10:53.24,12:32.57,11:43.10,18:50.79,39:54.43,759
7:49.58,10:53.60,12:33.07,11:43.49,18:51.43,39:55.82,758
7:49.85,10:53.96,12:33.57,11:43.88,18:52.07,39:57.20,757
7:50.12,10:54.33,12:34.07,11:44.28,18:52.71,39:58.59,756
7:50.39,10:54.69,12:34.57,11:44.67,18:53.35,39:59.98,755
7:50.66,10:55.05,12:35.07,11:45.06,18:53.99,40:01.38,754
7:50.93,10:55.41,12:35.57,11:45.45,18:54.63,40:02.77,753
7:51.20,10:55.77,12:36.07,11:45.84,18:55.27,40:04.16,752
7:51.47,10:56.13,12:36.57,11:46.24,18:55.91,40:05.55,751
7:51.75,10:56.50,12:37.07,11:46.63,18:56.55,40:06.95,750
7:52.02,10:56.86,12:37.57,11:47.02,18:57.20,40:08.34,749
7:52.29,10:57.22,12:38.08,11:47.42,18:57.84,40:09.74,748
7:52.56,10:57.58,12:38.58,11:47.81,18:58.48,40:11.14,747
7:52.84,10:57.95,12:39.08,11:48.20,18:59.13,40:12.54,746
7:53.11,10:58.31,12:39.59,11:48.60,18:59.77,40:13.94,745
7:53.38,10:58.67,12:40.09,11:48.99,19:00.42,40:15.34,744
7:53.66,10:59.04,12:40.59,11:49.39,19:01.06,40:16.74,743
7:53.93,10:59.40,12:41.10,11:49.78,19:01.71,40:18.14,742
7:54.20,10:59.77,12:41.60,11:50.18,19:02.35,40:19.55,741
7:54.48,11:00.13,12:42.11,11:50.57,19:03.00,40:20.95,740
7:54.75,11:00.50,12:42.61,11:50.97,19:03.65,40:22.35,739
7:55.03,11:00.86,12:43.12,11:51.37,19:04.29,40:23.76,738
7:55.30,11:01.23,12:43.63,11:51.76,19:04.94,40:25.17,737
7:55.57,11:01.59,12:44.13,11:52.16,19:05.59,40:26.58,736
7:55.85,11:01.96,12:44.64,11:52.56,19:06.24,40:27.99,735
7:56.12,11:02.32,12:45.15,11:52.95,19:06.89,40:29.40,734
7:56.40,11:02.69,12:45.65,11:53.35,19:07.54,40:30.81,733
7:56.68,11:03.06,12:46.16,11:53.75,19:08.19,40:32.22,732
7:56.95,11:03.42,12:46.67,11:54.15,19:08.84,40:33.63,731
7:57.23,11:03.79,12:47.18,11:54.55,19:09.49,40:35.04,730
7:57.50,11:04.16,12:47.69,11:54.94,19:10.14,40:36.46,729
7:57.78,11:04.53,12:48.20,11:55.34,19:10.79,40:37.88,728
7:58.06,11:04.89,12:48.71,11:55.74,19:11.44,40:39.29,727
7:58.33,11:05.26,12:49.22,11:56.14,19:12.09,40:40.71,726
7:58.61,11:05.63,12:49.73,11:56.54,19:12.75,40:42.13,725
7:58.89,11:06.00,12:50.24,11:56.94,19:13.40,40:43.55,724
7:59.16,11:06.37,12:50.75,11:57.34,19:14.06,40:44.97,723
7:59.44,11:06.74,12:51.26,11:57.74,19:14.71,40:46.39,722
7:59.72,11:07.11,12:51.77,11:58.14,19:15.36,40:47.81,721
8:00.00,11:07.48,12:52.28,11:58.54,19:16.02,40:49.24,720
8:00.27,11:07.85,12:52.80,11:58.94,19:16.68,40:50.66,719
8:00.55,11:08.22,12:53.31,11:59.35,19:17.33,40:52.09,718
8:00.83,11:08.59,12:53.82,11:59.75,19:17.99,40:53.51,717
8:01.11,11:08.96,12:54.34,12:00.15,19:18.65,40:54.94,716
8:01.39,11:09.33,12:54.85,12:00.55,19:19.30,40:56.37,715
8:01.67,11:09.70,12:55.36,12:00.96,19:19.96,40:57.80,714
8:01.94,11:10.07,12:55.88,12:01.36,19:20.62,40:59.23,713
8:02.22,11:10.44,12:56.39,12:01.76,19:21.28,41:00.66,712
8:02.50,11:10.81,12:56.91,12:02.17,19:21.94,41:02.09,711
8:02.78,11:11.19,12:57.42,12:02.57,19:22.60,41:03.53,710
8:03.06,11:11.56,12:57.94,12:02.97,19:23.26,41:04.96,709
8:03.34,11:11.93,12:58.46,12:03.38,19:23.92,41:06.40,708
8:03.62,11:12.31,12:58.97,12:03.78,19:24.58,41:07.84,707
8:03.90,11:12.68,12:59.49,12:04.19,19:25.24,41:09.27,706
8:04.18,11:13.05,13:00.01,12:04.59,19:25.90,41:10.71,705
8:04.46,11:13.43,13:00.53,12:05.00,19:26.57,41:12.15,704
8:04.75,11:13.80,13:01.04,12:05.40,19:27.23,41:13.59,703
8:05.03,11:14.17,13:01.56,12:05.81,19:27.89,41:15.03,702
8:05.31,11:14.55,13:02.08,12:06.22,19:28.56,41:16.48,701
8:05.59,11:14.92,13:02.60,12:06.62,19:29.22,41:17.92,700
8:05.87,11:15.30,13:03.12,12:07.03,19:29.89,41:19.37,699
8:06.15,11:15.68,13:03.64,12:07.44,19:30.55,41:20.81,698
8:06.44,11:16.05,13:04.16,12:07.85,19:31.22,41:22.26,697
8:06.72,11:16.43,13:04.68,12:08.25,19:31.89,41:23.71,696
8:07.00,11:16.80,13:05.20,12:08.66,19:32.55,41:25.16,695
8:07.28,11:17.18,13:05.73,12:09.07,19:33.22,41:26.61,694
8:07.57,11:17.56,13:06.25,12:09.48,19:33.89,41:28.06,693
8:07.85,11:17.93,13:06.77,12:09.89,19:34.56,41:29.51,692
8:08.13,11:18.31,13:07.29,12:10.30,19:35.23,41:30.96,691
8:08.42,11:18.69,13:07.82,12:10.71,19:35.90,41:32.42,690
8:08.70,11:19.07,13:08.34,12:11.12,19:36.57,41:33.87,689
8:08.98,11:19.44,13:08.86,12:11.53,19:37.24,41:35.33,688
8:09.27,11:19.82,13:09.39,12:11.94,19:37.91,41:36.78,687
8:09.55,11:20.20,13:09.91,12:12.35,19:38.58,41:38.24,686
8:09.84,11:20.58,13:10.44,12:12.76,19:39.25,41:39.70,685
8:10.12,11:20.96,13:10.96,12:13.17,19:39.92,41:41.16,684
8:10.41,11:21.34,13:11.49,12:13.58,19:40.59,41:42.63,683
8:10.69,11:21.72,13:12.02,12:14.00,19:41.27,41:44.09,682
8:10.98,11:22.10,13:12.54,12:14.41,19:41.94,41:45.55,681
8:11.26,11:22.48,13:13.07,12:14.82,19:42.62,41:47.02,680
8:11.55,11:22.86,13:13.60,12:15.23,19:43.29,41:48.48,679
8:11.84,11:23.24,13:14.12,12:15.65,19:43.97,41:49.95,678
8:12.12,11:23.62,13:14.65,12:16.06,19:44.64,41:51.42,677
8:12.41,11:24.00,13:15.18,12:16.48,19:45.32,41:52.89,676
8:12.70,11:24.39,13:15.71,12:16.89,19:45.99,41:54.36,675
8:12.98,11:24.77,13:16.24,12:17.30,19:46.67,41:55.83,674
8:13.27,11:25.15,13:16.77,12:17.72,19:47.35,41:57.30,673
8:13.56,11:25.53,13:17.30,12:18.13,19:48.03,41:58.77,672
8:13.85,11:25.92,13:17.83,12:18.55,19:48.71,42:00.25,671
8:14.13,11:26.30,13:18.36,12:18.97,19:49.39,42:01.73,670
8:14.42,11:26.68,13:18.89,12:19.38,19:50.07,42:03.20,669
8:14.71,11:27.07,13:19.42,12:19.80,19:50.75,42:04.68,668
8:15.00,11:27.45,13:19.95,12:20.21,19:51.43,42:06.16,667
8:15.29,11:27.83,13:20.49,12:20.63,19:52.11,42:07.64,666
8:15.58,11:28.22,13:21.02,12:21.05,19:52.79,42:09.12,665
8:15.87,11:28.60,13:21.55,12:21.47,19:53.47,42:10.60,664
8:16.15,11:28.99,13:22.09,12:21.88,19:54.16,42:12.09,663
8:16.44,11:29.38,13:22.62,12:22.30,19:54.84,42:13.57,662
8:16.73,11:29.76,13:23.16,12:22.72,19:55.52,42:15.06,661
8:17.02,11:30.15,13:23.69,12:23.14,19:56.21,42:16.54,660
8:17.31,11:30.53,13:24.23,12:23.56,19:56.89,42:18.03,659
8:17.60,11:30.92,13:24.76,12:23.98,19:57.58,42:19.52,658
8:17.90,11:31.31,13:25.30,12:24.40,19:58.26,42:21.01,657
8:18.19,11:31.69,13:25.83,12:24.82,19:58.95,42:22.50,656
8:18.48,11:32.08,13:26.37,12:25.24,19:59.64,42:24.00,655
8:18.77,11:32.47,13:26.91,12:25.66,20:00.33,42:25.49,654
8:19.06,11:32.86,13:27.45,12:26.08,20:01.01,42:26.98,653
8:19.35,11:33.25,13:27.98,12:26.50,20:01.70,42:28.48,652
8:19.64,11:33.64,13:28.52,12:26.92,20:02.39,42:29.98,651
8:19.94,11:34.02,13:29.06,12:27.35,20:03.08,42:31.48,650
8:20.23,11:34.41,13:29.60,12:27.77,20:03.77,42:32.97,649
8:20.52,11:34.80,13:30.14,12:28.19,20:04.46,42:34.48,648
8:20.81,11:35.19,13:30.68,12:28.61,20:05.15,42:35.98,647
8:21.11,11:35.58,13:31.22,12:29.04,20:05.84,42:37.48,646
8:21.40,11:35.97,13:31.76,12:29.46,20:06.54,42:38.98,645
8:21.69,11:36.37,13:32.30,12:29.89,20:07.23,42:40.49,644
8:21.99,11:36.76,13:32.85,12:30.31,20:07.92,42:42.00,643
8:22.28,11:37.15,13:33.39,12:30.74,20:08.62,42:43.50,642
8:22.58,11:37.54,13:33.93,12:31.16,20:09.31,42:45.01,641
8:22.87,11:37.93,13:34.47,12:31.59,20:10.01,42:46.52,640
8:23.17,11:38.32,13:35.02,12:32.01,20:10.70,42:48.03,639
8:23.46,11:38.72,13:35.56,12:32.44,20:11.40,42:49.55,638
8:23.76,11:39.11,13:36.11,12:32.86,20:12.10,42:51.06,637
8:24.05,11:39.50,13:36.65,12:33.29,20:12.79,42:52.57,636
8:24.35,11:39.90,13:37.20,12:33.72,20:13.49,42:54.09,635
8:24.64,11:40.29,13:37.74,12:34.14,20:14.19,42:55.61,634
8:24.94,11:40.68,13:38.29,12:34.57,20:14.89,42:57.12,633
8:25.24,11:41.08,13:38.83,12:35.00,20:15.59,42:58.64,632
8:25.53,11:41.47,13:39.38,12:35.43,20:16.29,43:00.16,631
8:25.83,11:41.87,13:39.93,12:35.86,20:16.99,43:01.69,630
8:26.13,11:42.26,13:40.48,12:36.29,20:17.69,43:03.21,629
8:26.42,11:42.66,13:41.03,12:36.72,20:18.39,43:04.73,628
8:26.72,11:43.06,13:41.57,12:37.15,20:19.09,43:06.26,627
8:27.02,11:43.45,13:42.12,12:37.58,20:19.79,43:07.79,626
8:27.32,11:43.85,13:42.67,12:38.01,20:20.50,43:09.31,625
8:27.62,11:44.25,13:43.22,12:38.44,20:21.20,43:10.84,624
8:27.91,11:44.64,13:43.77,12:38.87,20:21.91,43:12.37,623
8:28.21,11:45.04,13:44.32,12:39.30,20:22.61,43:13.91,622
8:28.51,11:45.44,13:44.88,12:39.73,20:23.32,43:15.44,621
8:28.81,11:45.84,13:45.43,12:40.16,20:24.02,43:16.97,620
8:29.11,11:46.24,13:45.98,12:40.60,20:24.73,43:18.51,619
8:29.41,11:46.64,13:46.53,12:41.03,20:25.44,43:20.04,618
8:29.71,11:47.04,13:47.09,12:41.46,20:26.14,43:21.58,617
8:30.01,11:47.44,13:47.64,12:41.90,20:26.85,43:23.12,616
8:30.31,11:47.84,13:48.19,12:42.33,20:27.56,43:24.66,615
8:30.61,11:48.24,13:48.75,12:42.76,20:28.27,43:26.20,614
8:30.91,11:48.64,13:49.30,12:43.20,20:28.98,43:27.75,613
8:31.21,11:49.04,13:49.86,12:43.63,20:29.69,43:29.29,612
8:31.51,11:49.44,13:50.41,12:44.07,20:30.40,43:30.84,611
8:31.82,11:49.84,13:50.97,12:44.51,20:31.12,43:32.38,610
8:32.12,11:50.24,13:51.53,12:44.94,20:31.83,43:33.93,609
8:32.42,11:50.64,13:52.09,12:45.38,20:32.54,43:35.48,608
8:32.72,11:51.05,13:52.64,12:45.81,20:33.26,43:37.03,607
8:33.03,11:51.45,13:53.20,12:46.25,20:33.97,43:38.58,606
8:33.33,11:51.85,13:53.76,12:46.69,20:34.68,43:40.13,605
8:33.63,11:52.26,13:54.32,12:47.13,20:35.40,43:41.69,604
8:33.93,11:52.66,13:54.88,12:47.57,20:36.12,43:43.24,603
8:34.24,11:53.06,13:55.44,12:48.00,20:36.83,43:44.80,602
8:34.54,11:53.47,13:56.00,12:48.44,20:37.55,43:46.36,601
8:34.85,11:53.87,13:56.56,12:48.88,20:38.27,43:47.92,600
8:35.15,11:54.28,13:57.12,12:49.32,20:38.99,43:49.48,599
8:35.46,11:54.68,13:57.68,12:49.76,20:39.70,43:51.04,598
8:35.76,11:55.09,13:58.25,12:50.20,20:40.42,43:52.60,597
8:36.07,11:55.50,13:58.81,12:50.64,20:41.14,43:54.17,596
8:36.37,11:55.90,13:59.37,12:51.08,20:41.87,43:55.73,595
8:36.68,11:56.31,13:59.94,12:51.53,20:42.59,43:57.30,594
8:36.98,11:56.72,14:00.50,12:51.97,20:43.31,43:58.87,593
8:37.29,11:57.13,14:01.06,12:52.41,20:44.03,44:00.44,592
8:37.60,11:57.53,14:01.63,12:52.85,20:44.75,44:02.01,591
8:37.90,11:57.94,14:02.20,12:53.30,20:45.48,44:03.58,590
8:38.21,11:58.35,14:02.76,12:53.74,20:46.20,44:05.16,589
8:38.52,11:58.76,14:03.33,12:54.18,20:46.93,44:06.73,588
8:38.82,11:59.17,14:03.90,12:54.63,20:47.65,44:08.31,587
8:39.13,11:59.58,14:04.46,12:55.07,20:48.38,44:09.89,586
8:39.44,11:59.99,14:05.03,12:55.52,20:49.11,44:11.47,585
8:39.75,12:00.40,14:05.60,12:55.96,20:49.83,44:13.05,584
8:40.06,12:00.81,14:06.17,12:56.41,20:50.56,44:14.63,583
8:40.37,12:01.22,14:06.74,12:56.85,20:51.29,44:16.21,582
8:40.67,12:01.63,14:07.31,12:57.30,20:52.02,44:17.80,581
8:40.98,12:02.04,14:07.88,12:57.75,20:52.75,44:19.38,580
8:41.29,12:02.46,14:08.45,12:58.19,20:53.48,44:20.97,579
8:41.60,12:02.87,14:09.02,12:58.64,20:54.21,44:22.56,578
8:41.91,12:03.28,14:09.59,12:59.09,20:54.95,44:24.15,577
8:42.22,12:03.70,14:10.17,12:59.54,20:55.68,44:25.74,576
8:42.53,12:04.11,14:10.74,12:59.99,20:56.41,44:27.33,575
8:42.85,12:04.52,14:11.31,13:00.44,20:57.15,44:28.93,574
8:43.16,12:04.94,14:11.89,13:00.89,20:57.88,44:30.52,573
8:43.47,12:05.35,14:12.46,13:01.34,20:58.61,44:32.12,572
8:43.78,12:05.77,14:13.04,13:01.79,20:59.35,44:33.72,571
8:44.09,12:06.18,14:13.61,13:02.24,21:00.09,44:35.32,570
8:44.40,12:06.60,14:14.19,13:02.69,21:00.82,44:36.92,569
8:44.72,12:07.01,14:14.76,13:03.14,21:01.56,44:38.52,568
8:45.03,12:07.43,14:15.34,13:03.59,21:02.30,44:40.13,567
8:45.34,12:07.85,14:15.92,13:04.04,21:03.04,44:41.73,566
8:45.66,12:08.27,14:16.50,13:04.50,21:03.78,44:43.34,565
8:45.97,12:08.68,14:17.08,13:04.95,21:04.52,44:44.95,564
8:46.28,12:09.10,14:17.65,13:05.40,21:05.26,44:46.56,563
8:46.60,12:09.52,14:18.23,13:05.86,21:06.00,44:48.17,562
8:46.91,12:09.94,14:18.81,13:06.31,21:06.74,44:49.78,561
8:47.23,12:10.36,14:19.39,13:06.77,21:07.49,44:51.40,560
8:47.54,12:10.78,14:19.98,13:07.22,21:08.23,44:53.01,559
8:47.86,12:11.20,14:20.56,13:07.68,21:08.98,44:54.63,558
8:48.17,12:11.62,14:21.14,13:08.13,21:09.72,44:56.25,557
8:48.49,12:12.04,14:21.72,13:08.59,21:10.47,44:57.87,556
8:48.81,12:12.46,14:22.31,13:09.05,21:11.21,44:59.49,555
8:49.12,12:12.88,14:22.89,13:09.50,21:11.96,45:01.11,554
8:49.44,12:13.30,14:23.47,13:09.96,21:12.71,45:02.74,553
8:49.76,12:13.72,14:24.06,13:10.42,21:13.46,45:04.36,552
8:50.07,12:14.15,14:24.64,13:10.88,21:14.20,45:05.99,551
8:50.39,12:14.57,14:25.23,13:11.34,21:14.95,45:07.62,550
8:50.71,12:14.99,14:25.82,13:11.80,21:15.70,45:09.25,549
8:51.03,12:15.42,14:26.40,13:12.25,21:16.46,45:10.88,548
8:51.35,12:15.84,14:26.99,13:12.71,21:17.21,45:12.51,547
8:51.67,12:16.27,14:27.58,13:13.18,21:17.96,45:14.15,546
8:51.98,12:16.69,14:28.17,13:13.64,21:18.71,45:15.78,545
8:52.30,12:17.12,14:28.76,13:14.10,21:19.47,45:17.42,544
8:52.62,12:17.54,14:29.35,13:14.56,21:20.22,45:19.06,543
8:52.94,12:17.97,14:29.94,13:15.02,21:20.98,45:20.70,542
8:53.26,12:18.39,14:30.53,13:15.48,21:21.73,45:22.34,541
8:53.58,12:18.82,14:31.12,13:15.95,21:22.49,45:23.99,540
8:53.91,12:19.25,14:31.71,13:16.41,21:23.25,45:25.63,539
8:54.23,12:19.68,14:32.30,13:16.87,21:24.00,45:27.28,538
8:54.55,12:20.10,14:32.90,13:17.34,21:24.76,45:28.93,537
8:54.87,12:20.53,14:33.49,13:17.80,21:25.52,45:30.58,536
8:55.19,12:20.96,14:34.08,13:18.27,21:26.28,45:32.23,535
8:55.51,12:21.39,14:34.68,13:18.73,21:27.04,45:33.88,534
8:55.84,12:21.82,14:35.27,13:19.20,21:27.80,45:35.54,533
8:56.16,12:22.25,14:35.87,13:19.67,21:28.57,45:37.19,532
8:56.48,12:22.68,14:36.46,13:20.13,21:29.33,45:38.85,531
8:56.81,12:23.11,14:37.06,13:20.60,21:30.09,45:40.51,530
8:57.13,12:23.54,14:37.66,13:21.07,21:30.86,45:42.17,529
8:57.46,12:23.97,14:38.26,13:21.54,21:31.62,45:43.83,528
8:57.78,12:24.41,14:38.86,13:22.01,21:32.39,45:45.49,527
8:58.10,12:24.84,14:39.45,13:22.48,21:33.16,45:47.16,526
8:58.43,12:25.27,14:40.05,13:22.95,21:33.92,45:48.83,525
8:58.76,12:25.70,14:40.65,13:23.42,21:34.69,45:50.50,524
8:59.08,12:26.14,14:41.26,13:23.89,21:35.46,45:52.17,523
8:59.41,12:26.57,14:41.86,13:24.36,21:36.23,45:53.84,522
8:59.73,12:27.01,14:42.46,13:24.83,21:37.00,45:55.51,521
9:00.06,12:27.44,14:43.06,13:25.30,21:37.77,45:57.19,520
9:00.39,12:27.88,14:43.66,13:25.77,21:38.54,45:58.86,519
9:00.71,12:28.31,14:44.27,13:26.25,21:39.31,46:00.54,518
9:01.04,12:28.75,14:44.87,13:26.72,21:40.09,46:02.22,517
9:01.37,12:29.19,14:45.48,13:27.19,21:40.86,46:03.90,516
9:01.70,12:29.62,14:46.08,13:27.67,21:41.64,46:05.59,515
9:02.03,12:30.06,14:46.69,13:28.14,21:42.41,46:07.27,514
9:02.36,12:30.50,14:47.30,13:28.62,21:43.19,46:08.96,513
9:02.69,12:30.94,14:47.90,13:29.09,21:43.97,46:10.64,512
9:03.01,12:31.37,14:48.51,13:29.57,21:44.74,46:12.33,511
9:03.34,12:31.81,14:49.12,13:30.04,21:45.52,46:14.03,510
9:03.68,12:32.25,14:49.73,13:30.52,21:46.30,46:15.72,509
9:04.01,12:32.69,14:50.34,13:31.00,21:47.08,46:17.41,508
9:04.34,12:33.13,14:50.95,13:31.48,21:47.86,46:19.11,507
9:04.67,12:33.57,14:51.56,13:31.96,21:48.64,46:20.81,506
9:05.00,12:34.02,14:52.17,13:32.43,21:49.43,46:22.51,505
9:05.33,12:34.46,14:52.78,13:32.91,21:50.21,46:24.21,504
9:05.66,12:34.90,14:53.39,13:33.39,21:50.99,46:25.91,503
9:06.00,12:35.34,14:54.01,13:33.87,21:51.78,46:27.62,502
9:06.33,12:35.79,14:54.62,13:34.35,21:52.56,46:29.32,501
9:06.66,12:36.23,14:55.24,13:34.84,21:53.35,46:31.03,500
9:07.00,12:36.67,14:55.85,13:35.32,21:54.14,46:32.74,499
9:07.33,12:37.12,14:56.47,13:35.80,21:54.92,46:34.45,498
9:07.66,12:37.56,14:57.08,13:36.28,21:55.71,46:36.16,497
9:08.00,12:38.01,14:57.70,13:36.77,21:56.50,46:37.88,496
9:08.33,12:38.45,14:58.32,13:37.25,21:57.29,46:39.60,495
9:08.67,12:38.90,14:58.94,13:37.73,21:58.08,46:41.31,494
9:09.00,12:39.35,14:59.55,13:38.22,21:58.87,46:43.04,493
9:09.34,12:39.79,15:00.17,13:38.70,21:59.67,46:44.76,492
9:09.68,12:40.24,15:00.79,13:39.19,22:00.46,46:46.48,491
9:10.01,12:40.69,15:01.41,13:39.67,22:01.26,46:48.21,490
9:10.35,12:41.14,15:02.04,13:40.16,22:02.05,46:49.93,489
9:10.69,12:41.59,15:02.66,13:40.65,22:02.85,46:51.66,488
9:11.02,12:42.04,15:03.28,13:41.14,22:03.64,46:53.39,487
9:11.36,12:42.49,15:03.90,13:41.62,22:04.44,46:55.13,486
9:11.70,12:42.94,15:04.53,13:42.11,22:05.24,46:56.86,485
9:12.04,12:43.39,15:05.15,13:42.60,22:06.04,46:58.60,484
9:12.38,12:43.84,15:05.78,13:43.09,22:06.84,47:00.33,483
9:12.72,12:44.29,15:06.40,13:43.58,22:07.64,47:02.07,482
9:13.06,12:44.74,15:07.03,13:44.07,22:08.44,47:03.81,481
9:13.40,12:45.20,15:07.66,13:44.56,22:09.24,47:05.56,480
9:13.74,12:45.65,15:08.28,13:45.05,22:10.05,47:07.30,479
9:14.08,12:46.10,15:08.91,13:45.55,22:10.85,47:09.05,478
9:14.42,12:46.56,15:09.54,13:46.04,22:11.65,47:10.80,477
9:14.76,12:47.01,15:10.17,13:46.53,22:12.46,47:12.55,476
9:15.10,12:47.47,15:10.80,13:47.03,22:13.27,47:14.30,475
9:15.44,12:47.92,15:11.43,13:47.52,22:14.07,47:16.06,474
9:15.79,12:48.38,15:12.06,13:48.02,22:14.88,47:17.81,473
9:16.13,12:48.83,15:12.70,13:48.51,22:15.69,47:19.57,472
9:16.47,12:49.29,15:13.33,13:49.01,22:16.50,47:21.33,471
9:16.82,12:49.75,15:13.96,13:49.50,22:17.31,47:23.09,470
9:17.16,12:50.21,15:14.60,13:50.00,22:18.13,47:24.86,469
9:17.50,12:50.66,15:15.23,13:50.50,22:18.94,47:26.62,468
9:17.85,12:51.12,15:15.87,13:50.99,22:19.75,47:28.39,467
9:18.19,12:51.58,15:16.51,13:51.49,22:20.57,47:30.16,466
9:18.54,12:52.04,15:17.14,13:51.99,22:21.38,47:31.93,465
9:18.89,12:52.50,15:17.78,13:52.49,22:22.20,47:33.70,464
9:19.23,12:52.96,15:18.42,13:52.99,22:23.01,47:35.48,463
9:19.58,12:53.43,15:19.06,13:53.49,22:23.83,47:37.25,462
9:19.93,12:53.89,15:19.70,13:53.99,22:24.65,47:39.03,461
9:20.27,12:54.35,15:20.34,13:54.50,22:25.47,47:40.81,460
9:20.62,12:54.81,15:20.98,13:55.00,22:26.29,47:42.60,459
9:20.97,12:55.28,15:21.62,13:55.50,22:27.11,47:44.38,458
9:21.32,12:55.74,15:22.26,13:56.00,22:27.94,47:46.17,457
9:21.67,12:56.20,15:22.91,13:56.51,22:28.76,47:47.96,456
9:22.02,12:56.67,15:23.55,13:57.01,22:29.58,47:49.75,455
9:22.36,12:57.14,15:24.20,13:57.52,22:30.41,47:51.54,454
9:22.71,12:57.60,15:24.84,13:58.02,22:31.23,47:53.33,453
9:23.07,12:58.07,15:25.49,13:58.53,22:32.06,47:55.13,452
9:23.42,12:58.53,15:26.14,13:59.04,22:32.89,47:56.93,451
9:23.77,12:59.00,15:26.78,13:59.54,22:33.72,47:58.73,450
9:24.12,12:59.47,15:27.43,14:00.05,22:34.55,48:00.53,449
9:24.47,12:59.94,15:28.08,14:00.56,22:35.38,48:02.34,448
9:24.82,13:00.41,15:28.73,14:01.07,22:36.21,48:04.14,447
9:25.18,13:00.88,15:29.38,14:01.58,22:37.04,48:05.95,446
9:25.53,13:01.35,15:30.03,14:02.09,22:37.87,48:07.76,445
9:25.88,13:01.82,15:30.68,14:02.60,22:38.71,48:09.57,444
9:26.24,13:02.29,15:31.34,14:03.11,22:39.54,48:11.39,443
9:26.59,13:02.76,15:31.99,14:03.62,22:40.38,48:13.20,442
9:26.95,13:03.23,15:32.64,14:04.13,22:41.22,48:15.02,441
9:27.30,13:03.71,15:33.30,14:04.65,22:42.06,48:16.84,440
9:27.66,13:04.18,15:33.96,14:05.16,22:42.89,48:18.67,439
9:28.01,13:04.65,15:34.61,14:05.67,22:43.73,48:20.49,438
9:28.37,13:05.13,15:35.27,14:06.19,22:44.58,48:22.32,437
9:28.73,13:05.60,15:35.93,14:06.70,22:45.42,48:24.15,436
9:29.08,13:06.08,15:36.59,14:07.22,22:46.26,48:25.98,435
9:29.44,13:06.55,15:37.25,14:07.74,22:47.10,48:27.81,434
9:29.80,13:07.03,15:37.91,14:08.25,22:47.95,48:29.65,433
9:30.16,13:07.51,15:38.57,14:08.77,22:48.79,48:31.48,432
9:30.52,13:07.99,15:39.23,14:09.29,22:49.64,48:33.32,431
9:30.87,13:08.46,15:39.89,14:09.81,22:50.49,48:35.17,430
9:31.23,13:08.94,15:40.55,14:10.33,22:51.34,48:37.01,429
9:31.59,13:09.42,15:41.22,14:10.85,22:52.19,48:38.86,428
9:31.95,13:09.90,15:41.88,14:11.37,22:53.04,48:40.70,427
9:32.32,13:10.38,15:42.55,14:11.89,22:53.89,48:42.55,426
9:32.68,13:10.86,15:43.21,14:12.41,22:54.74,48:44.41,425
9:33.04,13:11.34,15:43.88,14:12.93,22:55.60,48:46.26,424
9:33.40,13:11.83,15:44.55,14:13.46,22:56.45,48:48.12,423
9:33.76,13:12.31,15:45.22,14:13.98,22:57.31,48:49.98,422
9:34.13,13:12.79,15:45.89,14:14.50,22:58.16,48:51.84,421
9:34.49,13:13.28,15:46.56,14:15.03,22:59.02,48:53.70,420
9:34.85,13:13.76,15:47.23,14:15.56,22:59.88,48:55.57,419
9:35.22,13:14.25,15:47.90,14:16.08,23:00.74,48:57.44,418
9:35.58,13:14.73,15:48.57,14:16.61,23:01.60,48:59.31,417
9:35.95,13:15.22,15:49.25,14:17.14,23:02.46,49:01.18,416
9:36.31,13:15.71,15:49.92,14:17.66,23:03.33,49:03.05,415
9:36.68,13:16.19,15:50.60,14:18.19,23:04.19,49:04.93,414
9:37.05,13:16.68,15:51.27,14:18.72,23:05.06,49:06.81,413
9:37.41,13:17.17,15:51.95,14:19.25,23:05.92,49:08.69,412
9:37.78,13:17.66,15:52.63,14:19.78,23:06.79,49:10.58,411
9:38.15,13:18.15,15:53.31,14:20.31,23:07.66,49:12.46,410
9:38.52,13:18.64,15:53.99,14:20.85,23:08.53,49:14.35,409
9:38.89,13:19.13,15:54.67,14:21.38,23:09.40,49:16.24,408
9:39.26,13:19.62,15:55.35,14:21.91,23:10.27,49:18.13,407
9:39.62,13:20.11,15:56.03,14:22.45,23:11.14,49:20.03,406
9:40.00,13:20.61,15:56.71,14:22.98,23:12.01,49:21.93,405
9:40.37,13:21.10,15:57.40,14:23.52,23:12.89,49:23.83,404
9:40.74,13:21.59,15:58.08,14:24.05,23:13.76,49:25.73,403
9:41.11,13:22.09,15:58.76,14:24.59,23:14.64,49:27.63,402
9:41.48,13:22.58,15:59.45,14:25.13,23:15.52,49:29.54,401
9:41.85,13:23.08,16:00.14,14:25.66,23:16.40,49:31.45,400
9:42.23,13:23.58,16:00.83,14:26.20,23:17.28,49:33.36,399
9:42.60,13:24.07,16:01.51,14:26.74,23:18.16,49:35.28,398
9:42.97,13:24.57,16:02.20,14:27.28,23:19.04,49:37.19,397
9:43.35,13:25.07,16:02.89,14:27.82,23:19.92,49:39.11,396
9:43.72,13:25.57,16:03.59,14:28.36,23:20.81,49:41.03,395
9:44.10,13:26.07,16:04.28,14:28.91,23:21.69,49:42.96,394
9:44.47,13:26.57,16:04.97,14:29.45,23:22.58,49:44.88,393
9:44.85,13:27.07,16:05.66,14:29.99,23:23.47,49:46.81,392
9:45.23,13:27.57,16:06.36,14:30.54,23:24.36,49:48.74,391
9:45.60,13:28.07,16:07.05,14:31.08,23:25.25,49:50.68,390
9:45.98,13:28.57,16:07.75,14:31.63,23:26.14,49:52.61,389
9:46.36,13:29.08,16:08.45,14:32.17,23:27.03,49:54.55,388
9:46.74,13:29.58,16:09.15,14:32.72,23:27.93,49:56.49,387
9:47.12,13:30.09,16:09.85,14:33.27,23:28.82,49:58.44,386
9:47.50,13:30.59,16:10.55,14:33.82,23:29.72,50:00.38,385
9:47.88,13:31.10,16:11.25,14:34.36,23:30.61,50:02.33,384
9:48.26,13:31.61,16:11.95,14:34.91,23:31.51,50:04.28,383
9:48.64,13:32.11,16:12.65,14:35.47,23:32.41,50:06.24,382
9:49.02,13:32.62,16:13.36,14:36.02,23:33.31,50:08.19,381
9:49.40,13:33.13,16:14.06,14:36.57,23:34.21,50:10.15,380
9:49.78,13:33.64,16:14.77,14:37.12,23:35.12,50:12.12,379
9:50.17,13:34.15,16:15.47,14:37.67,23:36.02,50:14.08,378
9:50.55,13:34.66,16:16.18,14:38.23,23:36.93,50:16.05,377
9:50.94,13:35.17,16:16.89,14:38.78,23:37.83,50:18.02,376
9:51.32,13:35.68,16:17.60,14:39.34,23:38.74,50:19.99,375
9:51.71,13:36.20,16:18.31,14:39.89,23:39.65,50:21.96,374
9:52.09,13:36.71,16:19.02,14:40.45,23:40.56,50:23.94,373
9:52.48,13:37.22,16:19.73,14:41.01,23:41.47,50:25.92,372
9:52.86,13:37.74,16:20.44,14:41.57,23:42.38,50:27.90,371
9:53.25,13:38.25,16:21.16,14:42.13,23:43.30,50:29.89,370
9:53.64,13:38.77,16:21.87,14:42.69,23:44.21,50:31.88,369
9:54.03,13:39.29,16:22.59,14:43.25,23:45.13,50:33.87,368
9:54.42,13:39.80,16:23.31,14:43.81,23:46.05,50:35.86,367
9:54.81,13:40.32,16:24.03,14:44.37,23:46.96,50:37.86,366
9:55.19,13:40.84,16:24.74,14:44.94,23:47.88,50:39.85,365
9:55.59,13:41.36,16:25.46,14:45.50,23:48.81,50:41.86,364
9:55.98,13:41.88,16:26.19,14:46.06,23:49.73,50:43.86,363
9:56.37,13:42.40,16:26.91,14:46.63,23:50.65,50:45.87,362
9:56.76,13:42.92,16:27.63,14:47.20,23:51.58,50:47.88,361
9:57.15,13:43.45,16:28.35,14:47.76,23:52.50,50:49.89,360
9:57.55,13:43.97,16:29.08,14:48.33,23:53.43,50:51.91,359
9:57.94,13:44.49,16:29.81,14:48.90,23:54.36,50:53.92,358
9:58.33,13:45.02,16:30.53,14:49.47,23:55.29,50:55.95,357
9:58.73,13:45.55,16:31.26,14:50.04,23:56.22,50:57.97,356
9:59.12,13:46.07,16:31.99,14:50.61,23:57.16,51:00.00,355
9:59.52,13:46.60,16:32.72,14:51.18,23:58.09,51:02.03,354
9:59.92,13:47.13,16:33.45,14:51.75,23:59.03,51:04.06,353
10:00.31,13:47.65,16:34.18,14:52.33,23:59.96,51:06.09,352
10:00.71,13:48.18,16:34.92,14:52.90,24:00.90,51:08.13,351
10:01.11,13:48.71,16:35.65,14:53.48,24:01.84,51:10.17,350
10:01.51,13:49.24,16:36.39,14:54.05,24:02.78,51:12.22,349
10:01.91,13:49.78,16:37.12,14:54.63,24:03.72,51:14.26,348
10:02.31,13:50.31,16:37.86,14:55.21,24:04.67,51:16.31,347
10:02.71,13:50.84,16:38.60,14:55.79,24:05.61,51:18.37,346
10:03.11,13:51.38,16:39.34,14:56.36,24:06.56,51:20.42,345
10:03.51,13:51.91,16:40.08,14:56.94,24:07.51,51:22.48,344
10:03.91,13:52.45,16:40.82,14:57.53,24:08.45,51:24.54,343
10:04.31,13:52.98,16:41.56,14:58.11,24:09.41,51:26.61,342
10:04.72,13:53.52,16:42.31,14:58.69,24:10.36,51:28.68,341
10:05.12,13:54.06,16:43.05,14:59.27,24:11.31,51:30.75,340
10:05.53,13:54.60,16:43.80,14:59.86,24:12.26,51:32.82,339
10:05.93,13:55.13,16:44.54,15:00.44,24:13.22,51:34.90,338
10:06.34,13:55.67,16:45.29,15:01.03,24:14.18,51:36.98,337
10:06.74,13:56.22,16:46.04,15:01.62,24:15.14,51:39.06,336
10:07.15,13:56.76,16:46.79,15:02.20,24:16.10,51:41.15,335
10:07.56,13:57.30,16:47.54,15:02.79,24:17.06,51:43.24,334
10:07.97,13:57.84,16:48.30,15:03.38,24:18.02,51:45.33,333
10:08.37,13:58.39,16:49.05,15:03.97,24:18.99,51:47.42,332
10:08.78,13:58.93,16:49.81,15:04.56,24:19.95,51:49.52,331
10:09.19,13:59.48,16:50.56,15:05.16,24:20.92,51:51.63,330
10:09.60,14:00.02,16:51.32,15:05.75,24:21.89,51:53.73,329
10:10.02,14:00.57,16:52.08,15:06.34,24:22.86,51:55.84,328
10:10.43,14:01.12,16:52.84,15:06.94,24:23.83,51:57.95,327
10:10.84,14:01.67,16:53.60,15:07.53,24:24.81,52:00.07,326
10:11.25,14:02.22,16:54.36,15:08.13,24:25.78,52:02.18,325
10:11.67,14:02.77,16:55.12,15:08.73,24:26.76,52:04.30,324
10:12.08,14:03.32,16:55.89,15:09.33,24:27.74,52:06.43,323
10:12.50,14:03.87,16:56.65,15:09.93,24:28.71,52:08.56,322
10:12.91,14:04.43,16:57.42,15:10.53,24:29.70,52:10.69,321
10:13.33,14:04.98,16:58.19,15:11.13,24:30.68,52:12.82,320
10:13.75,14:05.54,16:58.96,15:11.73,24:31.66,52:14.96,319
10:14.16,14:06.09,16:59.73,15:12.33,24:32.65,52:17.10,318
10:14.58,14:06.65,17:00.50,15:12.94,24:33.64,52:19.25,317
10:15.00,14:07.21,17:01.27,15:13.54,24:34.62,52:21.39,316
10:15.42,14:07.77,17:02.04,15:14.15,24:35.61,52:23.55,315
10:15.84,14:08.33,17:02.82,15:14.76,24:36.61,52:25.70,314
10:16.26,14:08.89,17:03.60,15:15.36,24:37.60,52:27.86,313
10:16.68,14:09.45,17:04.37,15:15.97,24:38.59,52:30.02,312
10:17.11,14:10.01,17:05.15,15:16.58,24:39.59,52:32.19,311
10:17.53,14:10.57,17:05.93,15:17.19,24:40.59,52:34.35,310
10:17.95,14:11.14,17:06.71,15:17.81,24:41.59,52:36.53,309
10:18.38,14:11.70,17:07.50,15:18.42,24:42.59,52:38.70,308
10:18.80,14:12.27,17:08.28,15:19.03,24:43.59,52:40.88,307
10:19.23,14:12.84,17:09.07,15:19.65,24:44.60,52:43.06,306
10:19.65,14:13.40,17:09.85,15:20.26,24:45.60,52:45.25,305
10:20.08,14:13.97,17:10.64,15:20.88,24:46.61,52:47.44,304
10:20.51,14:14.54,17:11.43,15:21.50,24:47.62,52:49.63,303
10:20.94,14:15.11,17:12.22,15:22.12,24:48.63,52:51.83,302
10:21.37,14:15.68,17:13.01,15:22.74,24:49.65,52:54.03,301
10:21.80,14:16.26,17:13.80,15:23.36,24:50.66,52:56.24,300
10:22.23,14:16.83,17:14.60,15:23.98,24:51.68,52:58.44,299
10:22.66,14:17.40,17:15.39,15:24.60,24:52.70,53:00.66,298
10:23.09,14:17.98,17:16.19,15:25.23,24:53.72,53:02.87,297
10:23.52,14:18.55,17:16.99,15:25.85,24:54.74,53:05.09,296
10:23.96,14:19.13,17:17.79,15:26.48,24:55.76,53:07.31,295
10:24.39,14:19.71,17:18.59,15:27.11,24:56.79,53:09.54,294
10:24.83,14:20.29,17:19.39,15:27.73,24:57.81,53:11.77,293
10:25.26,14:20.87,17:20.20,15:28.36,24:58.84,53:14.01,292
10:25.70,14:21.45,17:21.00,15:28.99,24:59.87,53:16.24,291
10:26.14,14:22.03,17:21.81,15:29.63,25:00.90,53:18.49,290
10:26.57,14:22.62,17:22.62,15:30.26,25:01.94,53:20.73,289
10:27.01,14:23.20,17:23.43,15:30.89,25:02.97,53:22.98,288
10:27.45,14:23.79,17:24.24,15:31.53,25:04.01,53:25.24,287
10:27.89,14:24.37,17:25.05,15:32.16,25:05.05,53:27.49,286
10:28.33,14:24.96,17:25.86,15:32.80,25:06.09,53:29.75,285
10:28.78,14:25.55,17:26.68,15:33.44,25:07.13,53:32.02,284
10:29.22,14:26.14,17:27.49,15:34.08,25:08.18,53:34.29,283
10:29.66,14:26.73,17:28.31,15:34.72,25:09.22,53:36.56,282
10:30.11,14:27.32,17:29.13,15:35.36,25:10.27,53:38.84,281
10:30.55,14:27.91,17:29.95,15:36.00,25:11.32,53:41.12,280
10:31.00,14:28.50,17:30.77,15:36.65,25:12.38,53:43.41,279
10:31.44,14:29.10,17:31.60,15:37.29,25:13.43,53:45.70,278
10:31.89,14:29.70,17:32.42,15:37.94,25:14.49,53:47.99,277
10:32.34,14:30.29,17:33.25,15:38.59,25:15.54,53:50.29,276
10:32.79,14:30.89,17:34.08,15:39.23,25:16.60,53:52.59,275
10:33.24,14:31.49,17:34.91,15:39.88,25:17.66,53:54.90,274
10:33.69,14:32.09,17:35.74,15:40.54,25:18.73,53:57.21,273
10:34.14,14:32.69,17:36.57,15:41.19,25:19.79,53:59.52,272
10:34.59,14:33.29,17:37.41,15:41.84,25:20.86,54:01.84,271
10:35.05,14:33.90,17:38.24,15:42.50,25:21.93,54:04.17,270
10:35.50,14:34.50,17:39.08,15:43.15,25:23.00,54:06.50,269
10:35.95,14:35.11,17:39.92,15:43.81,25:24.08,54:08.83,268
10:36.41,14:35.71,17:40.76,15:44.47,25:25.15,54:11.16,267
10:36.87,14:36.32,17:41.60,15:45.13,25:26.23,54:13.50,266
10:37.32,14:36.93,17:42.44,15:45.79,25:27.31,54:15.85,265
10:37.78,14:37.54,17:43.29,15:46.45,25:28.39,54:18.20,264
10:38.24,14:38.15,17:44.14,15:47.11,25:29.47,54:20.55,263
10:38.70,14:38.76,17:44.98,15:47.78,25:30.56,54:22.91,262
10:39.16,14:39.38,17:45.83,15:48.44,25:31.65,54:25.28,261
10:39.62,14:39.99,17:46.69,15:49.11,25:32.74,54:27.64,260
10:40.09,14:40.61,17:47.54,15:49.78,25:33.83,54:30.02,259
10:40.55,14:41.22,17:48.39,15:50.45,25:34.92,54:32.39,258
10:41.02,14:41.84,17:49.25,15:51.12,25:36.02,54:34.77,257
10:41.48,14:42.46,17:50.11,15:51.79,25:37.12,54:37.16,256
10:41.95,14:43.08,17:50.97,15:52.46,25:38.22,54:39.55,255
10:42.41,14:43.70,17:51.83,15:53.14,25:39.32,54:41.95,254
10:42.88,14:44.33,17:52.69,15:53.82,25:40.42,54:44.35,253
10:43.35,14:44.95,17:53.56,15:54.49,25:41.53,54:46.75,252
10:43.82,14:45.58,17:54.43,15:55.17,25:42.64,54:49.16,251
10:44.29,14:46.21,17:55.29,15:55.85,25:43.75,54:51.57,250
10:44.76,14:46.83,17:56.16,15:56.53,25:44.87,54:53.99,249
10:45.24,14:47.46,17:57.04,15:57.22,25:45.98,54:56.42,248
10:45.71,14:48.09,17:57.91,15:57.90,25:47.10,54:58.85,247
10:46.19,14:48.73,17:58.79,15:58.59,25:48.22,55:01.28,246
10:46.66,14:49.36,17:59.66,15:59.27,25:49.34,55:03.72,245
10:47.14,14:49.99,18:00.54,15:59.96,25:50.47,55:06.16,244
10:47.62,14:50.63,18:01.42,16:00.65,25:51.59,55:08.61,243
10:48.09,14:51.27,18:02.31,16:01.34,25:52.72,55:11.07,242
10:48.57,14:51.91,18:03.19,16:02.04,25:53.86,55:13.53,241
10:49.05,14:52.55,18:04.08,16:02.73,25:54.99,55:15.99,240
10:49.54,14:53.19,18:04.97,16:03.43,25:56.13,55:18.46,239
10:50.02,14:53.83,18:05.86,16:04.12,25:57.27,55:20.93,238
10:50.50,14:54.47,18:06.75,16:04.82,25:58.41,55:23.41,237
10:50.99,14:55.12,18:07.64,16:05.52,25:59.55,55:25.90,236
10:51.47,14:55.76,18:08.54,16:06.22,26:00.70,55:28.39,235
10:51.96,14:56.41,18:09.43,16:06.93,26:01.85,55:30.88,234
10:52.45,14:57.06,18:10.33,16:07.63,26:03.00,55:33.38,233
10:52.94,14:57.71,18:11.24,16:08.34,26:04.15,55:35.89,232
10:53.43,14:58.36,18:12.14,16:09.04,26:05.31,55:38.40,231
10:53.92,14:59.02,18:13.04,16:09.75,26:06.47,55:40.92,230
10:54.41,14:59.67,18:13.95,16:10.46,26:07.63,55:43.44,229
10:54.90,15:00.33,18:14.86,16:11.18,26:08.79,55:45.97,228
10:55.40,15:00.99,18:15.77,16:11.89,26:09.96,55:48.50,227
10:55.89,15:01.65,18:16.69,16:12.61,26:11.13,55:51.04,226
10:56.39,15:02.31,18:17.60,16:13.32,26:12.30,55:53.59,225
10:56.89,15:02.97,18:18.52,16:14.04,26:13.47,55:56.14,224
10:57.38,15:03.63,18:19.44,16:14.76,26:14.65,55:58.69,223
10:57.88,15:04.30,18:20.36,16:15.48,26:15.83,56:01.25,222
10:58.38,15:04.97,18:21.28,16:16.21,26:17.01,56:03.82,221
10:58.89,15:05.63,18:22.21,16:16.93,26:18.19,56:06.40,220
10:59.39,15:06.30,18:23.14,16:17.66,26:19.38,56:08.98,219
10:59.89,15:06.98,18:24.07,16:18.39,26:20.57,56:11.56,218
11:00.40,15:07.65,18:25.00,16:19.12,26:21.76,56:14.15,217
11:00.91,15:08.32,18:25.93,16:19.85,26:22.96,56:16.75,216
11:01.41,15:09.00,18:26.87,16:20.58,26:24.16,56:19.35,215
11:01.92,15:09.68,18:27.81,16:21.32,26:25.36,56:21.96,214
11:02.43,15:10.36,18:28.75,16:22.05,26:26.56,56:24.58,213
11:02.94,15:11.04,18:29.69,16:22.79,26:27.77,56:27.20,212
11:03.46,15:11.72,18:30.64,16:23.53,26:28.98,56:29.83,211
11:03.97,15:12.40,18:31.59,16:24.27,26:30.19,56:32.46,210
11:04.49,15:13.09,18:32.54,16:25.02,26:31.41,56:35.10,209
11:05.00,15:13.77,18:33.49,16:25.76,26:32.62,56:37.75,208
11:05.52,15:14.46,18:34.44,16:26.51,26:33.84,56:40.40,207
11:06.04,15:15.15,18:35.40,16:27.26,26:35.07,56:43.06,206
11:06.56,15:15.85,18:36.36,16:28.01,26:36.30,56:45.72,205
11:07.08,15:16.54,18:37.32,16:28.76,26:37.53,56:48.40,204
11:07.60,15:17.24,18:38.28,16:29.52,26:38.76,56:51.07,203
11:08.13,15:17.93,18:39.25,16:30.27,26:39.99,56:53.76,202
11:08.65,15:18.63,18:40.22,16:31.03,26:41.23,56:56.45,201
11:09.18,15:19.33,18:41.19,16:31.79,26:42.48,56:59.15,200
11:09.70,15:20.04,18:42.16,16:32.56,26:43.72,57:01.86,199
11:10.23,15:20.74,18:43.14,16:33.32,26:44.97,57:04.57,198
11:10.76,15:21.45,18:44.11,16:34.09,26:46.22,57:07.29,197
11:11.30,15:22.15,18:45.09,16:34.85,26:47.48,57:10.01,196
11:11.83,15:22.86,18:46.08,16:35.62,26:48.73,57:12.75,195
11:12.36,15:23.57,18:47.06,16:36.40,26:50.00,57:15.49,194
11:12.90,15:24.29,18:48.05,16:37.17,26:51.26,57:18.23,193
11:13.44,15:25.00,18:49.04,16:37.95,26:52.53,57:20.99,192
11:13.97,15:25.72,18:50.04,16:38.72,26:53.80,57:23.75,191
11:14.51,15:26.44,18:51.03,16:39.50,26:55.07,57:26.52,190
11:15.06,15:27.16,18:52.03,16:40.29,26:56.35,57:29.29,189
11:15.60,15:27.88,18:53.03,16:41.07,26:57.63,57:32.08,188
11:16.14,15:28.61,18:54.04,16:41.86,26:58.92,57:34.87,187
11:16.69,15:29.33,18:55.04,16:42.64,27:00.21,57:37.67,186
11:17.24,15:30.06,18:56.05,16:43.43,27:01.50,57:40.47,185
11:17.78,15:30.79,18:57.06,16:44.23,27:02.79,57:43.29,184
11:18.34,15:31.53,18:58.08,16:45.02,27:04.09,57:46.11,183
11:18.89,15:32.26,18:59.10,16:45.82,27:05.39,57:48.94,182
11:19.44,15:33.00,19:00.12,16:46.62,27:06.70,57:51.77,181
11:20.00,15:33.74,19:01.14,16:47.42,27:08.01,57:54.62,180
11:20.55,15:34.48,19:02.17,16:48.22,27:09.32,57:57.47,179
11:21.11,15:35.22,19:03.19,16:49.03,27:10.64,58:00.33,178
11:21.67,15:35.96,19:04.23,16:49.84,27:11.96,58:03.20,177
11:22.23,15:36.71,19:05.26,16:50.65,27:13.28,58:06.07,176
11:22.79,15:37.46,19:06.30,16:51.46,27:14.61,58:08.96,175
11:23.36,15:38.21,19:07.34,16:52.27,27:15.94,58:11.85,174
11:23.92,15:38.96,19:08.38,16:53.09,27:17.28,58:14.75,173
11:24.49,15:39.72,19:09.43,16:53.91,27:18.62,58:17.66,172
11:25.06,15:40.48,19:10.48,16:54.73,27:19.96,58:20.58,171
11:25.63,15:41.24,19:11.53,16:55.56,27:21.31,58:23.51,170
11:26.20,15:42.00,19:12.59,16:56.39,27:22.66,58:26.44,169
11:26.78,15:42.76,19:13.65,16:57.21,27:24.01,58:29.38,168
11:27.35,15:43.53,19:14.71,16:58.05,27:25.37,58:32.34,167
11:27.93,15:44.30,19:15.77,16:58.88,27:26.73,58:35.30,166
11:28.51,15:45.07,19:16.84,16:59.72,27:28.10,58:38.27,165
11:29.09,15:45.84,19:17.91,17:00.56,27:29.47,58:41.25,164
11:29.67,15:46.62,19:18.99,17:01.40,27:30.85,58:44.24,163
11:30.26,15:47.40,19:20.07,17:02.24,27:32.23,58:47.24,162
11:30.84,15:48.18,19:21.15,17:03.09,27:33.61,58:50.24,161
11:31.43,15:48.96,19:22.23,17:03.94,27:35.00,58:53.26,160
11:32.02,15:49.75,19:23.32,17:04.79,27:36.39,58:56.28,159
11:32.62,15:50.54,19:24.41,17:05.65,27:37.79,58:59.32,158
11:33.21,15:51.33,19:25.51,17:06.51,27:39.19,59:02.36,157
11:33.81,15:52.12,19:26.61,17:07.37,27:40.60,59:05.42,156
11:34.40,15:52.92,19:27.71,17:08.23,27:42.01,59:08.48,155
11:35.00,15:53.72,19:28.82,17:09.10,27:43.42,59:11.56,154
11:35.60,15:54.52,19:29.93,17:09.96,27:44.84,59:14.64,153
11:36.21,15:55.32,19:31.04,17:10.84,27:46.27,59:17.74,152
11:36.81,15:56.13,19:32.16,17:11.71,27:47.70,59:20.84,151
11:37.42,15:56.93,19:33.28,17:12.59,27:49.13,59:23.96,150
11:38.03,15:57.75,19:34.40,17:13.47,27:50.57,59:27.08,149
11:38.64,15:58.56,19:35.53,17:14.35,27:52.01,59:30.22,148
11:39.26,15:59.38,19:36.66,17:15.24,27:53.46,59:33.36,147
11:39.87,16:00.20,19:37.80,17:16.13,27:54.91,59:36.52,146
11:40.49,16:01.02,19:38.94,17:17.02,27:56.37,59:39.69,145
11:41.11,16:01.85,19:40.08,17:17.92,27:57.84,59:42.87,144
11:41.73,16:02.67,19:41.23,17:18.82,27:59.30,59:46.06,143
11:42.36,16:03.50,19:42.38,17:19.72,28:00.78,59:49.26,142
11:42.98,16:04.34,19:43.54,17:20.62,28:02.26,59:52.47,141
11:43.61,16:05.18,19:44.69,17:21.53,28:03.74,59:55.70,140
11:44.24,16:06.02,19:45.86,17:22.44,28:05.23,59:58.93,139
11:44.88,16:06.86,19:47.03,17:23.36,28:06.73,1:00:02.18,138
11:45.51,16:07.71,19:48.20,17:24.27,28:08.23,1:00:05.44,137
11:46.15,16:08.56,19:49.38,17:25.20,28:09.73,1:00:08.71,136
11:46.79,16:09.41,19:50.56,17:26.12,28:11.24,1:00:11.99,135
11:47.43,16:10.26,19:51.74,17:27.05,28:12.76,1:00:15.29,134
11:48.08,16:11.12,19:52.93,17:27.98,28:14.28,1:00:18.59,133
11:48.73,16:11.98,19:54.13,17:28.92,28:15.81,1:00:21.91,132
11:49.38,16:12.85,19:55.32,17:29.86,28:17.34,1:00:25.25,131
11:50.03,16:13.72,19:56.53,17:30.80,28:18.88,1:00:28.59,130
11:50.68,16:14.59,19:57.74,17:31.74,28:20.43,1:00:31.95,129
11:51.34,16:15.47,19:58.95,17:32.69,28:21.98,1:00:35.32,128
11:52.00,16:16.34,20:00.17,17:33.65,28:23.54,1:00:38.70,127
11:52.66,16:17.23,20:01.39,17:34.60,28:25.10,1:00:42.10,126
11:53.33,16:18.11,20:02.62,17:35.57,28:26.67,1:00:45.51,125
11:54.00,16:19.00,20:03.85,17:36.53,28:28.25,1:00:48.94,124
11:54.67,16:19.89,20:05.08,17:37.50,28:29.83,1:00:52.38,123
11:55.34,16:20.79,20:06.33,17:38.47,28:31.42,1:00:55.83,122
11:56.02,16:21.69,20:07.57,17:39.45,28:33.02,1:00:59.30,121
11:56.70,16:22.60,20:08.83,17:40.43,28:34.62,1:01:02.78,120
11:57.38,16:23.50,20:10.08,17:41.41,28:36.23,1:01:06.27,119
11:58.06,16:24.41,20:11.35,17:42.40,28:37.84,1:01:09.78,118
11:58.75,16:25.33,20:12.61,17:43.40,28:39.47,1:01:13.31,117
11:59.44,16:26.25,20:13.89,17:44.39,28:41.10,1:01:16.85,116
12:00.13,16:27.17,20:15.17,17:45.40,28:42.73,1:01:20.40,115
12:00.83,16:28.10,20:16.45,17:46.40,28:44.38,1:01:23.98,114
12:01.53,16:29.03,20:17.74,17:47.41,28:46.03,1:01:27.56,113
12:02.23,16:29.97,20:19.04,17:48.43,28:47.69,1:01:31.17,112
12:02.94,16:30.91,20:20.34,17:49.45,28:49.35,1:01:34.78,111
12:03.65,16:31.85,20:21.65,17:50.47,28:51.03,1:01:38.42,110
12:04.36,16:32.80,20:22.96,17:51.50,28:52.71,1:01:42.07,109
12:05.08,16:33.75,20:24.28,17:52.53,28:54.39,1:01:45.74,108
12:05.79,16:34.71,20:25.61,17:53.57,28:56.09,1:01:49.43,107
12:06.52,16:35.67,20:26.94,17:54.61,28:57.80,1:01:53.13,106
12:07.24,16:36.64,20:28.28,17:55.66,28:59.51,1:01:56.85,105
12:07.97,16:37.61,20:29.62,17:56.72,29:01.23,1:02:00.59,104
12:08.70,16:38.58,20:30.97,17:57.77,29:02.96,1:02:04.34,103
12:09.44,16:39.56,20:32.33,17:58.84,29:04.70,1:02:08.12,102
12:10.18,16:40.55,20:33.70,17:59.91,29:06.44,1:02:11.91,101
12:10.92,16:41.54,20:35.07,18:00.98,29:08.20,1:02:15.72,100
12:11.67,16:42.53,20:36.44,18:02.06,29:09.96,1:02:19.55,99
12:12.42,16:43.53,20:37.83,18:03.14,29:11.73,1:02:23.40,98
12:13.18,16:44.54,20:39.22,18:04.23,29:13.51,1:02:27.27,97
12:13.94,16:45.55,20:40.62,18:05.33,29:15.30,1:02:31.16,96
12:14.70,16:46.56,20:42.03,18:06.43,29:17.10,1:02:35.07,95
12:15.47,16:47.58,20:43.44,18:07.54,29:18.91,1:02:39.01,94
12:16.24,16:48.61,20:44.86,18:08.65,29:20.73,1:02:42.96,93
12:17.01,16:49.64,20:46.29,18:09.77,29:22.56,1:02:46.93,92
12:17.79,16:50.68,20:47.73,18:10.90,29:24.40,1:02:50.93,91
12:18.57,16:51.72,20:49.17,18:12.03,29:26.25,1:02:54.94,90
12:19.36,16:52.77,20:50.63,18:13.17,29:28.11,1:02:58.98,89
12:20.15,16:53.82,20:52.09,18:14.31,29:29.98,1:03:03.04,88
12:20.95,16:54.89,20:53.56,18:15.46,29:31.86,1:03:07.13,87
12:21.75,16:55.95,20:55.04,18:16.62,29:33.75,1:03:11.24,86
12:22.56,16:57.03,20:56.52,18:17.78,29:35.65,1:03:15.37,85
12:23.37,16:58.11,20:58.02,18:18.96,29:37.57,1:03:19.53,84
12:24.18,16:59.19,20:59.52,18:20.13,29:39.49,1:03:23.71,83
12:25.01,17:00.28,21:01.04,18:21.32,29:41.43,1:03:27.92,82
12:25.83,17:01.38,21:02.56,18:22.51,29:43.38,1:03:32.15,81
12:26.66,17:02.49,21:04.09,18:23.71,29:45.34,1:03:36.41,80
12:27.50,17:03.60,21:05.63,18:24.92,29:47.31,1:03:40.69,79
12:28.34,17:04.72,21:07.18,18:26.13,29:49.29,1:03:45.01,78
12:29.19,17:05.85,21:08.75,18:27.36,29:51.29,1:03:49.35,77
12:30.04,17:06.98,21:10.32,18:28.59,29:53.30,1:03:53.72,76
12:30.90,17:08.13,21:11.90,18:29.83,29:55.33,1:03:58.12,75
12:31.76,17:09.27,21:13.49,18:31.07,29:57.37,1:04:02.54,74
12:32.63,17:10.43,21:15.10,18:32.33,29:59.42,1:04:07.00,73
12:33.50,17:11.60,21:16.71,18:33.59,30:01.48,1:04:11.49,72
12:34.39,17:12.77,21:18.34,18:34.87,30:03.56,1:04:16.01,71
12:35.27,17:13.95,21:19.97,18:36.15,30:05.66,1:04:20.56,70
12:36.17,17:15.14,21:21.62,18:37.44,30:07.77,1:04:25.14,69
12:37.07,17:16.34,21:23.28,18:38.74,30:09.89,1:04:29.76,68
12:37.97,17:17.55,21:24.96,18:40.05,30:12.04,1:04:34.41,67
12:38.89,17:18.77,21:26.64,18:41.37,30:14.19,1:04:39.10,66
12:39.81,17:19.99,21:28.34,18:42.70,30:16.37,1:04:43.82,65
12:40.74,17:21.23,21:30.05,18:44.04,30:18.56,1:04:48.58,64
12:41.67,17:22.47,21:31.78,18:45.39,30:20.76,1:04:53.37,63
12:42.62,17:23.73,21:33.52,18:46.76,30:22.99,1:04:58.21,62
12:43.57,17:24.99,21:35.27,18:48.13,30:25.23,1:05:03.08,61
12:44.52,17:26.27,21:37.04,18:49.51,30:27.49,1:05:07.99,60
12:45.49,17:27.56,21:38.82,18:50.91,30:29.77,1:05:12.95,59
12:46.47,17:28.85,21:40.62,18:52.32,30:32.07,1:05:17.94,58
12:47.45,17:30.16,21:42.43,18:53.74,30:34.39,1:05:22.98,57
12:48.44,17:31.48,21:44.26,18:55.17,30:36.73,1:05:28.07,56
12:49.44,17:32.81,21:46.10,18:56.61,30:39.09,1:05:33.20,55
12:50.45,17:34.16,21:47.96,18:58.07,30:41.48,1:05:38.37,54
12:51.47,17:35.52,21:49.84,18:59.54,30:43.88,1:05:43.60,53
12:52.50,17:36.88,21:51.74,19:01.03,30:46.31,1:05:48.87,52
12:53.54,17:38.27,21:53.66,19:02.53,30:48.76,1:05:54.20,51
12:54.59,17:39.66,21:55.59,19:04.04,30:51.24,1:05:59.57,50
12:55.65,17:41.07,21:57.54,19:05.57,30:53.74,1:06:05.00,49
12:56.72,17:42.50,21:59.52,19:07.12,30:56.26,1:06:10.49,48
12:57.80,17:43.94,22:01.51,19:08.68,30:58.81,1:06:16.04,47
12:58.89,17:45.39,22:03.53,19:10.26,31:01.39,1:06:21.64,46
13:00.00,17:46.87,22:05.57,19:11.86,31:04.00,1:06:27.31,45
13:01.11,17:48.35,22:07.63,19:13.47,31:06.64,1:06:33.03,44
13:02.24,17:49.86,22:09.71,19:15.10,31:09.31,1:06:38.83,43
13:03.39,17:51.38,22:11.82,19:16.75,31:12.00,1:06:44.69,42
13:04.54,17:52.92,22:13.95,19:18.43,31:14.73,1:06:50.62,41
13:05.71,17:54.48,22:16.11,19:20.12,31:17.50,1:06:56.63,40
13:06.90,17:56.06,22:18.30,19:21.83,31:20.30,1:07:02.71,39
13:08.10,17:57.66,22:20.52,19:23.57,31:23.13,1:07:08.87,38
13:09.32,17:59.28,22:22.76,19:25.32,31:26.00,1:07:15.11,37
13:10.55,18:00.92,22:25.04,19:27.11,31:28.92,1:07:21.43,36
13:11.80,18:02.59,22:27.34,19:28.91,31:31.87,1:07:27.85,35
13:13.07,18:04.28,22:29.69,19:30.75,31:34.86,1:07:34.35,34
13:14.36,18:05.99,22:32.06,19:32.61,31:37.90,1:07:40.95,33
13:15.67,18:07.73,22:34.47,19:34.49,31:40.99,1:07:47.66,32
13:17.00,18:09.50,22:36.92,19:36.41,31:44.12,1:07:54.47,31
13:18.35,18:11.30,22:39.41,19:38.36,31:47.31,1:08:01.39,30
13:19.72,18:13.12,22:41.94,19:40.34,31:50.55,1:08:08.42,29
13:21.11,18:14.98,22:44.52,19:42.36,31:53.84,1:08:15.58,28
13:22.54,18:16.87,22:47.14,19:44.41,31:57.19,1:08:22.87,27
13:23.98,18:18.80,22:49.81,19:46.51,32:00.61,1:08:30.29,26
13:25.46,18:20.77,22:52.53,19:48.64,32:04.10,1:08:37.86,25
13:26.97,18:22.77,22:55.31,19:50.81,32:07.65,1:08:45.58,24
13:28.50,18:24.82,22:58.14,19:53.03,32:11.28,1:08:53.46,23
13:30.07,18:26.91,23:01.04,19:55.30,32:14.99,1:09:01.52,22
13:31.68,18:29.05,23:04.01,19:57.63,32:18.78,1:09:09.76,21
13:33.33,18:31.24,23:07.04,20:00.00,32:22.67,1:09:18.20,20
13:35.02,18:33.49,23:10.16,20:02.44,32:26.65,1:09:26.86,19
13:36.75,18:35.80,23:13.35,20:04.94,32:30.74,1:09:35.74,18
13:38.53,18:38.17,23:16.64,20:07.52,32:34.94,1:09:44.88,17
13:40.37,18:40.61,23:20.02,20:10.17,32:39.28,1:09:54.29,16
13:42.26,18:43.13,23:23.52,20:12.90,32:43.74,1:10:03.99,15
13:44.22,18:45.74,23:27.13,20:15.73,32:48.36,1:10:14.03,14
13:46.25,18:48.44,23:30.87,20:18.66,32:53.15,1:10:24.43,13
13:48.36,18:51.25,23:34.76,20:21.71,32:58.13,1:10:35.24,12
13:50.55,18:54.17,23:38.81,20:24.88,33:03.32,1:10:46.51,11
13:52.85,18:57.24,23:43.05,20:28.21,33:08.75,1:10:58.31,10
13:55.27,19:00.46,23:47.52,20:31.70,33:14.46,1:11:10.71,9
13:57.83,19:03.86,23:52.23,20:35.39,33:20.49,1:11:23.83,8
14:00.55,19:07.49,23:57.26,20:39.33,33:26.92,1:11:37.79,7
14:03.48,19:11.38,24:02.65,20:43.55,33:33.82,1:11:52.79,6
14:06.66,19:15.62,24:08.52,20:48.15,33:41.33,1:12:09.10,5
14:10.18,19:20.30,24:15.01,20:53.23,33:49.64,1:12:27.14,4
14:14.18,19:25.62,24:22.38,20:59.00,33:59.06,1:12:47.62,3
14:18.91,19:31.93,24:31.11,21:05.84,34:10.24,1:13:11.91,2
14:25.09,19:40.15,24:42.50,21:14.76,34:24.82,1:13:43.57,1
