Joggler,Nationality,Gender,Years Active,First Active,Last Active,Entry Count,3b 100m,3c 100m,3b 400m,3b Mile,3b 5km,3b 10km,3b Half Marathon,3b Marathon,5b 100m,5b Mile,5b 5km
Klementyeva Nadezhda,RUS,F,1,2022,2022,2,0:01:09.00,-,0:03:33.86,-,-,-,-,-,-,-,-
Simon George,Unknown,M,1,2000,2000,2,-,-,0:01:38.47,0:07:00.00,-,-,-,-,-,-,-
Nathan Wakefield,Unknown,M,7,2011,2017,25,0:00:21.00,-,0:01:27.30,0:07:29.00,0:27:56.00,-,-,-,-,-,-
Jon Conley,USA,M,1,2013,2013,1,-,-,-,-,0:36:31.90,-,-,-,-,-,-
Abraham Wirtz,DEU,M,1,2025,2025,1,-,-,-,-,-,-,1:36:24.00,-,-,-,-
Klaus Neucaror,DEU,M,1,2025,2025,1,-,-,-,-,0:29:46.00,-,-,-,-,-,-
Shivella Schwab,Unknown,F,1,2017,2017,2,0:00:28.97,-,0:02:04.20,-,-,-,-,-,-,-,-
Malachy Kelly,IRL,M,8,2018,2025,8,-,-,-,-,0:23:36.00,-,-,-,-,-,-
Joe Salter,USA,M,5,2009,2013,2,-,-,-,-,-,-,-,3:31:11.00,-,-,-
John Ellwanger,USA,M,5,1984,1988,3,0:00:13.84,-,-,0:05:23.00,-,-,-,-,-,-,-
Paul Bernardo,Unknown,M,1,1983,1983,1,-,-,-,0:05:38.00,-,-,-,-,-,-,-
Koutaro Kawano,JPN,M,3,2020,2022,8,-,-,-,0:06:17.00,0:23:46.00,-,-,4:22:24.00,-,-,-
David Benz,DEU,M,3,2023,2025,4,0:00:34.47,-,0:01:19.42,-,0:22:28.00,-,-,-,-,-,-
Katharina Michalski,DEU,F,1,2026,2026,4,0:00:28.03,-,-,-,-,-,-,-,0:01:54.88,-,-
Juan Cristobal Silva Espinoza,CHL,M,1,2026,2026,2,0:00:23.44,-,-,-,-,-,-,-,0:00:49.43,-,-
David Marcias,Unknown,M,1,1982,1982,1,-,-,-,-,0:19:51.00,-,-,-,-,-,-
Katerina Matulova,CZE,F,1,2025,2025,3,0:00:29.28,-,0:01:42.73,-,0:37:28.00,-,-,-,-,-,-
Jesse Carpenter,USA,M,1,2013,2013,1,-,-,-,-,0:29:21.40,-,-,-,-,-,-
Steve Portwine,GBR,M,1,2011,2011,1,-,-,-,-,-,-,2:04:03.00,-,-,-,-
Danny Gratzer,Unknown,M,1,2011,2011,2,-,-,-,-,-,-,-,-,0:00:52.76,-,-
Artem Chusovitin,RUS,M,1,2021,2021,3,-,-,-,-,-,-,-,-,-,-,-
Yvonne Burchartz,DEU,F,2,2025,2026,12,0:00:21.59,0:00:27.90,0:01:35.94,-,0:35:54.00,-,-,-,-,-,-
Raphael Harris,Unknown,M,1,2017,2017,4,0:00:22.00,-,0:02:02.30,-,-,-,-,-,0:03:40.80,-,-
Brendan McCarthy,Unknown,M,1,2005,2005,2,0:00:38.50,-,-,-,-,-,-,-,-,-,-
Gavin Hossack,Unknown,M,1,2017,2017,1,-,-,-,-,0:30:07.00,-,-,-,-,-,-
Julia Len,RUS,F,2,2021,2022,4,0:01:10.40,-,0:04:49.85,-,-,-,-,-,-,-,-
Johan DuHoffman,Unknown,M,1,1992,1992,1,0:00:20.16,-,-,-,-,-,-,-,-,-,-
Daniel Margulis,Unknown,M,2,1995,1996,4,0:00:18.20,-,0:01:31.00,0:08:31.00,-,-,-,-,-,-,-
Gabrielle Foran,CAN,F,7,2013,2019,38,0:00:17.70,-,0:01:13.90,0:05:40.00,0:18:12.00,0:40:06.00,-,-,0:01:52.60,-,-
Matt Henstridge,Unknown,M,1,1997,1997,1,0:00:31.30,-,-,-,-,-,-,-,-,-,-
Marissa Adler,DEU,F,1,2026,2026,1,-,-,-,0:11:16.00,-,-,-,-,-,-,-
Peter Hlavaty,SVK,M,1,2026,2026,8,0:00:18.07,-,0:01:48.97,-,-,-,-,-,-,-,-
Roman Belinkiy,ISR,M,1,2023,2023,1,-,-,0:01:51.38,-,-,-,-,-,-,-,-
Robert Slick,Unknown,M,1,1990,1990,1,-,-,-,-,0:17:55.00,-,-,-,-,-,-
"Mark Fiore, Jacob Cowan, Nathan Nard, Samuel Dean",Unknown,M,1,2025,2025,1,-,-,-,-,-,-,-,-,-,-,-
Jean-Guy Beaudry,CAN,M,17,2009,2025,19,0:00:17.99,0:00:24.92,0:01:25.56,0:08:20.08,0:28:48.00,-,-,-,0:01:08.02,-,-
Ingrid Vukusic,Unknown,F,1,2025,2025,5,0:00:19.47,-,0:01:32.21,0:08:10.89,0:27:41.00,-,-,-,-,-,-
Peter Rupprecht,DEU,M,1,2021,2021,1,-,-,-,-,-,-,-,5:22:00.00,-,-,-
Marla Edgecomb,USA,F,1,2020,2020,4,0:00:21.45,-,0:02:00.70,0:10:45.40,-,-,-,-,-,-,-
Elizabeth Stockbridge,Unknown,F,1,2017,2017,3,0:00:32.00,-,0:01:31.90,-,-,-,-,-,0:01:25.70,-,-
Jill Edgecomb,Unknown,F,1,2020,2020,4,0:00:32.78,-,0:02:57.70,-,-,-,-,-,0:03:31.80,-,-
Jonathan Abbott,USA,M,2,2024,2025,4,-,-,-,-,-,-,-,3:23:57.00,-,-,-
Scott Gorman,USA,M,1,2018,2018,1,-,-,-,-,-,-,2:06:35.00,-,-,-,-
Robin Chestnut,Unknown,M,2,1991,1992,2,-,-,-,0:05:54.29,-,-,-,-,-,-,-
John Baker,USA,M,2,2021,2022,2,-,-,-,-,0:16:56.00,-,-,-,-,-,-
Elizabeth Sanberg,Unknown,F,1,1996,1996,2,0:00:21.60,-,-,-,-,-,-,-,-,-,-
Ken Rabe,Unknown,M,3,1982,1984,2,0:00:15.86,-,-,-,-,-,-,-,-,-,-
Samuel Dean,USA,M,4,2023,2026,71,0:00:15.90,-,0:01:03.89,0:04:47.00,0:16:48.38,0:34:55.00,1:17:45.47,2:49:56.00,-,-,-
Zach Prescott,USA,M,1,2018,2018,1,-,-,-,0:04:43.00,-,-,-,-,-,-,-
Daniela Palickova,CZE,F,1,2023,2023,1,-,-,-,-,-,-,-,-,0:00:57.76,-,-
Daniel Van Hoomissen,Unknown,M,2,2014,2015,9,0:00:19.99,-,0:01:21.90,-,-,-,-,-,0:00:56.94,-,-
Matt Hall,USA,M,1,2007,2007,3,0:00:21.97,-,-,-,-,-,-,-,0:00:49.88,-,-
Kay Caskey,Unknown,F,11,1988,1998,10,-,-,-,0:08:44.60,0:26:57.00,-,-,-,-,-,-
Torsten Hornemann,Unknown,M,1,2023,2023,4,0:00:21.16,-,0:01:16.70,-,-,-,-,-,-,-,-
Stephanie Walsh,Unknown,F,1,2009,2009,4,0:00:29.10,-,0:01:51.60,-,-,-,-,-,-,-,-
Aubree Kolas,Unknown,F,1,2006,2006,4,0:00:26.20,-,0:02:16.00,-,-,-,-,-,-,-,-
Stepanov Dmitry,RUS,M,1,2022,2022,5,0:00:31.60,0:01:04.31,0:02:01.61,-,-,-,-,-,-,-,-
Markus Furtner,DEU,M,15,2009,2023,7,0:00:34.01,-,0:01:40.92,-,-,-,-,-,0:02:27.50,-,-
Jonas Broring,DEU,M,1,2023,2023,2,-,-,0:01:59.70,-,-,-,-,-,-,-,-
Daniel Burke,Unknown,M,1,2011,2011,1,-,-,0:01:18.30,-,-,-,-,-,-,-,-
Vojtech Holicky,CZE,M,1,2026,2026,2,0:00:16.09,-,-,-,-,-,-,-,-,-,-
Dan Kirk,Unknown,M,1,1996,1996,1,-,-,-,-,-,-,-,-,0:01:01.00,-,-
Oskaras Venckus,LTU,M,1,2025,2025,1,-,0:00:20.37,-,-,-,-,-,-,-,-,-
Louisa Frankhauser,DEU,F,1,2025,2025,1,0:00:28.19,-,-,-,-,-,-,-,-,-,-
Launay Lucien,FRA,M,1,2025,2025,1,-,-,-,-,-,-,-,-,-,-,-
Bryan Harris,Unknown,M,5,2014,2018,5,0:00:14.00,-,0:01:09.20,-,-,-,-,-,-,-,-
Keith McNeill,Unknown,M,1,2012,2012,3,0:00:21.30,-,0:01:25.50,-,-,-,-,-,0:01:09.40,-,-
Andy Widmann,Unknown,M,1,2023,2023,3,-,-,-,-,-,-,-,-,-,-,-
Luuk Hofmeijer,NLD,M,1,2026,2026,8,0:00:19.44,0:00:21.85,0:01:30.75,0:07:41.00,-,-,-,-,-,-,-
EJ Coldham,GBR,F,4,2020,2023,3,-,-,-,-,0:30:20.00,0:58:23.00,-,-,-,-,-
Trey Newsome,USA,M,3,2004,2006,15,0:00:14.03,-,0:01:01.00,-,-,-,-,-,0:00:45.06,-,-
George Strain,Unknown,M,1,1999,1999,1,-,-,-,-,0:23:39.00,-,-,-,-,-,-
Calvin Staley,USA,M,1,2024,2024,2,-,-,-,0:06:18.00,-,-,-,-,-,-,-
Dave Finnigan,Unknown,M,1,1993,1993,1,0:00:32.20,-,-,-,-,-,-,-,-,-,-
Jerry Kurtz,Unknown,M,1,1997,1997,1,-,-,-,-,0:22:29.00,-,-,-,-,-,-
Aleksandra Korsakova,RUS,F,1,2021,2021,3,-,-,-,-,-,-,-,-,-,-,-
Colin Revere,Unknown,M,6,2006,2011,11,0:00:16.00,-,0:01:31.10,-,-,-,-,-,0:00:58.00,-,-
Becky Kresser,Unknown,F,20,2004,2023,14,0:00:21.30,-,0:02:06.40,-,-,-,-,-,0:03:48.60,-,-
David Ferman,USA,M,5,2007,2011,12,0:00:13.91,-,0:00:56.23,-,-,-,-,-,0:00:22.60,-,-
Tuey Wilson,USA,M,1,1989,1989,1,0:00:13.30,-,-,-,-,-,-,-,-,-,-
Nathan Biggs-Penton,Unknown,M,1,2008,2008,5,0:00:27.30,-,0:01:58.00,-,-,-,-,-,-,-,-
Dmitry Kozlov,RUS,M,1,2021,2021,8,-,-,-,-,-,-,-,-,-,-,-
Fedor Jablonka,DEI,M,1,2025,2025,1,0:00:25.85,-,-,-,-,-,-,-,-,-,-
Kaylin Meyers,USA,F,3,2022,2024,7,0:00:18.76,-,0:01:55.40,-,-,-,-,-,-,-,-
Marcel Jaworski,VEN,M,1,2023,2023,1,-,-,0:01:38.82,-,-,-,-,-,-,-,-
Peter Blanchard,Unknown,M,1,2009,2009,5,0:00:16.07,-,0:01:30.91,-,-,-,-,-,0:02:01.25,-,-
Joe Straitiff,Unknown,M,1,2012,2012,1,-,-,-,-,-,-,-,-,-,-,-
Jeff Civillico,USA,M,1,2009,2009,1,-,-,-,-,-,-,-,4:24:16.00,-,-,-
Jane Birkhead,Unknown,F,1,1995,1995,2,0:00:35.90,-,0:02:01.00,-,-,-,-,-,-,-,-
Todd Warner,Unknown,M,1,2005,2005,4,0:00:28.60,-,-,-,0:38:11.00,-,-,-,-,-,-
Jacob Biesiada,Unknown,M,3,2010,2012,7,0:00:21.25,-,0:01:31.60,-,-,-,-,-,-,-,-
Katie burgess,Unknown,F,1,2018,2018,1,-,-,-,-,-,-,-,-,-,-,-
Thijs Niesten,Unknown,M,1,2025,2025,2,-,-,-,-,-,-,-,-,-,-,-
Johannes Blank,DEU,M,1,2025,2025,1,-,-,-,-,0:38:15.00,-,-,-,-,-,-
Tim Pieloth,DEU,M,1,2025,2025,1,-,-,-,-,-,-,-,-,-,-,-
David Cruz,Unknown,M,1,2001,2001,1,-,-,-,-,-,-,-,-,-,-,-
Gerry Berg,Unknown,M,1,1981,1981,1,-,-,-,-,-,-,-,-,-,-,-
Broderick King,Unknown,M,3,2005,2007,4,0:00:25.01,-,0:01:25.40,-,-,-,-,-,-,-,-
Samuel Greenwood-Wein,DEU,M,3,2023,2025,3,-,-,0:02:12.70,-,0:28:26.00,-,-,-,-,-,-
Dan Berg,Unknown,M,1,1981,1981,1,-,-,-,-,0:21:34.00,-,-,-,-,-,-
Kaupo Pilder,EST,M,4,2023,2026,15,0:00:15.40,0:00:18.34,0:01:15.64,0:07:12.00,-,-,2:07:07.00,-,0:01:40.91,-,-
Christa Rypins,USA,F,1,1990,1990,3,0:00:19.20,-,0:01:16.00,0:06:43.40,-,-,-,-,-,-,-
Axel Buard,FRA,M,1,2025,2025,1,-,-,-,-,0:28:48.00,-,-,-,-,-,-
Chris Olson,Unknown,M,2,2010,2011,3,0:00:16.00,-,0:01:17.00,-,-,-,-,-,0:00:55.83,-,-
Thomas Whitaker,Unknown,M,1,2025,2025,1,-,-,-,-,-,-,-,-,-,-,-
Dominic DiMarro,Unknown,M,1,2015,2015,1,0:00:30.99,-,-,-,-,-,-,-,-,-,-
Owen Gerba,Unknown,M,1,2019,2019,4,-,-,-,-,-,-,-,-,-,-,-
Jean-Marc Doiron,CAN,M,2,2024,2025,9,0:00:15.29,-,-,-,0:17:41.00,0:36:50.00,1:17:49.00,2:52:39.00,-,-,-
Troy Fitzgerald,Unknown,M,3,1991,1993,4,-,-,-,0:05:30.09,0:20:00.77,-,-,-,-,-,-
Jakob Schatz,DEU,M,1,2025,2025,1,-,-,-,-,0:31:45.00,-,-,-,-,-,-
Aaron Heilig,Unknown,M,2,2024,2025,15,0:00:18.69,-,0:01:27.92,0:07:20.82,0:26:11.00,-,-,-,0:01:33.27,-,-
Ben-Janning Hackbarth,DEU,M,2,2025,2026,6,0:00:16.47,-,0:01:20.19,-,0:24:00.00,-,-,-,0:01:09.22,-,-
Chuck Hawley,Unknown,M,14,1996,2009,7,0:00:15.65,-,0:01:21.50,0:08:31.00,0:23:04.00,-,-,-,0:00:54.35,-,-
Sandy Brown,Unknown,F,19,1988,2006,6,0:00:17.20,-,0:01:31.00,-,-,-,-,-,-,-,-
Ian Caldwell,Unknown,M,1,1996,1996,1,0:00:24.50,-,-,-,-,-,-,-,-,-,-
Rory Bade,Unknown,M,5,2009,2013,6,0:00:15.40,-,0:01:16.20,-,-,-,-,-,0:00:32.70,-,-
Korunkov Evgeny,RUS,M,1,2021,2021,4,-,-,-,-,-,-,-,-,-,-,-
Tom McClintock,Unknown,M,10,2005,2014,33,0:00:17.08,-,0:01:16.00,-,0:27:53.00,-,-,-,0:01:58.80,-,-
Luca Haase,NLD,M,1,2025,2025,1,-,-,-,-,0:23:31.00,-,-,-,-,-,-
Tosch Roy,Unknown,M,1,2006,2006,1,-,-,-,-,0:20:01.00,-,-,-,-,-,-
Hinoki Katsuki,JPN,M,1,2025,2025,1,-,-,-,-,0:28:21.00,-,-,-,-,-,-
Sina Klisch,DEU,M,1,2025,2025,1,-,-,-,-,0:31:14.00,-,-,-,-,-,-
Kirill Sergeev,RUS,M,1,2021,2021,3,-,-,-,-,-,-,-,-,-,-,-
Necmi Oztoprak,TUR,M,1,2019,2019,3,-,-,-,-,-,0:46:14.00,1:50:51.00,-,-,-,-
Emanuele Lodigiani,ITA,M,1,2023,2023,1,-,-,-,-,0:26:15.00,-,-,-,-,-,-
Dillon Hutyra,USA,M,2,2024,2025,3,-,-,-,-,0:32:29.00,0:59:26.00,-,-,-,-,-
Gabe Jakubisin,Unknown,M,1,2004,2004,4,0:00:16.44,-,0:01:11.00,-,-,-,-,-,-,-,-
Nick Deboom,Unknown,M,2,2014,2015,5,0:00:19.99,-,0:01:40.40,-,-,-,-,-,0:00:56.40,-,-
Jorge Vilchis,MEX,M,1,2017,2017,1,-,-,-,-,-,0:55:53.00,-,-,-,-,-
Zach Warren,USA,M,3,2005,2007,4,-,-,-,-,-,-,-,2:52:15.00,-,-,-
Christian Kloc,USA,M,1,2025,2025,2,-,-,-,-,0:25:13.00,0:58:11.00,-,-,-,-,-
Geoff Kennard,Unknown,M,1,2002,2002,2,0:00:36.50,-,-,-,-,-,-,-,-,-,-
Gregor Straub,DEU,M,3,2023,2025,2,-,-,0:01:31.38,-,0:26:55.00,-,-,-,-,-,-
Sydney McDonald,Unknown,M,1,2018,2018,1,-,-,-,-,0:21:39.00,-,-,-,-,-,-
Cam Fleming,Unknown,M,4,1992,1995,4,0:00:17.21,-,0:01:20.00,-,-,-,-,-,0:00:42.27,-,-
Jason Bigonia,USA,M,1,2024,2024,1,-,-,-,-,-,-,-,-,-,-,-
Alistair Richards,GBR,M,2,2025,2026,23,0:00:16.82,-,0:01:18.22,0:06:32.00,-,-,-,-,0:00:40.94,-,-
Martin Dalsgard,SWE,M,1,2024,2024,1,-,-,-,-,-,-,-,-,-,-,-
Amy Barnes,Unknown,F,1,2001,2001,1,-,-,-,-,-,-,-,-,-,-,-
Tanja Schwanke,DEU,F,1,2023,2023,2,0:00:27.84,-,0:01:53.84,-,-,-,-,-,-,-,-
Vytas Vaitkus,Unknown,M,1,2001,2001,3,-,-,0:01:21.57,0:07:25.00,-,-,-,-,-,-,-
Stefan Nygard,SWE,M,3,2023,2025,5,-,-,-,-,-,-,-,-,-,0:06:59.00,0:25:15.00
Mazeina Julia,RUS,F,1,2023,2023,1,0:00:44.00,-,-,-,-,-,-,-,-,-,-
Paul Arneberg,Unknown,M,23,1996,2018,23,0:00:14.90,-,0:01:07.50,0:05:39.00,0:22:37.00,-,-,-,0:01:50.10,-,-
Kyler McClintock,Unknown,M,10,2005,2014,31,0:00:15.10,-,0:01:08.30,-,-,-,-,-,0:00:22.20,-,-
Gordon Cornell,Unknown,M,1,2010,2010,5,0:00:42.40,-,0:02:18.70,-,0:37:43.00,-,-,-,-,-,-
Scott Randall,Unknown,M,1,2017,2017,2,-,-,-,-,0:47:53.00,-,-,-,-,-,-
Roy van Rijn,NLD,M,1,2019,2019,1,-,-,-,-,-,-,-,-,-,-,-
Bryan Nguyen,Unknown,M,3,2013,2015,6,0:00:19.70,-,0:01:56.70,-,-,-,-,-,0:00:39.59,-,-
Eric Walter,USA,M,9,2011,2019,7,-,-,0:00:55.80,-,-,-,-,-,-,-,-
Nikitin Egor,RUS,M,1,2023,2023,1,0:00:49.42,-,-,-,-,-,-,-,-,-,-
Balabushkina Anastasia,RUS,F,1,2023,2023,6,0:00:23.09,0:00:36.17,-,-,-,-,-,-,0:04:20.87,-,-
Steve Caruso,Unknown,M,1,2001,2001,2,-,-,0:01:20.43,0:07:25.05,-,-,-,-,-,-,-
Susan Hubbard,Unknown,F,1,2014,2014,2,0:00:41.70,-,0:02:09.60,-,-,-,-,-,-,-,-
Steve Wilson,Unknown,M,1,1988,1988,1,-,-,-,0:05:39.00,-,-,-,-,-,-,-
Rick Kwiatkowski,USA,M,9,2018,2026,6,-,-,-,0:07:48.00,-,0:52:50.00,-,4:51:11.00,-,-,-
Hele-Mari Ots,EST,F,1,2026,2026,1,0:00:35.31,-,-,-,-,-,-,-,-,-,-
Sophia Rosman,Unknown,F,1,2007,2007,1,0:00:39.72,-,-,-,-,-,-,-,-,-,-
Bosznay Balazs,HUN,M,1,2026,2026,7,0:00:21.22,0:00:26.00,0:01:43.41,-,-,-,-,-,-,-,-
Martin Bartsch,DEU,M,3,2023,2025,2,-,-,-,-,0:35:44.00,-,-,-,-,-,-
Nick Hiniker,Unknown,M,2,2010,2011,4,0:00:18.80,-,-,-,-,-,-,-,0:01:05.00,-,-
Sophie Mrazek,AUT,F,1,2026,2026,2,-,-,-,0:11:12.00,-,-,-,-,-,-,-
Jeremy Vik,USA,M,1,2023,2023,2,-,-,0:01:35.58,-,-,-,-,-,-,-,-
Beer van Noordwijk,NLD,M,1,2026,2026,2,-,-,-,0:09:31.00,-,-,-,-,-,-,-
Christoph Mitasch,AUT,M,19,2007,2025,42,0:00:17.47,-,0:01:17.40,-,0:20:45.60,-,1:44:07.80,-,0:00:34.23,-,-
Brian Linehan,IRL,M,2,2022,2023,2,-,-,-,-,0:23:25.00,-,-,-,-,-,-
Reese Edwards,Unknown,M,3,1995,1997,6,-,-,-,0:05:13.00,0:18:21.00,-,-,-,-,-,-
Anthony Zeszut,Unknown,M,4,2016,2019,15,0:00:21.72,-,0:01:41.30,0:13:09.00,-,-,-,-,0:01:16.80,-,-
Zach Becker,USA,M,2,2025,2026,3,-,-,-,-,-,-,-,3:20:07.00,-,-,-
Jowita Nowogrodzka-Ligeza,POL,F,4,2023,2026,11,0:00:19.72,-,0:01:45.19,-,-,-,-,-,-,-,-
Brendan McGreal,Unknown,M,1,2015,2015,1,0:00:19.69,-,-,-,-,-,-,-,-,-,-
Butrin Ilya,RUS,M,1,2022,2022,2,-,-,-,-,-,-,-,-,-,-,-
Novikova Julia,RUS,F,1,2022,2022,3,0:01:03.00,0:02:12.83,0:03:28.10,-,-,-,-,-,-,-,-
Johan Kattem,NLD,M,1,2025,2025,1,-,-,-,-,0:42:17.00,-,-,-,-,-,-
Chuck Ritzler,Unknown,M,2,2011,2012,4,0:00:18.90,-,0:01:31.30,-,-,-,-,-,-,-,-
Mike Draney,Unknown,M,17,1985,2001,4,0:00:20.00,-,0:01:14.11,0:06:06.21,-,-,-,-,-,-,-
Giovanni Gaole,Unknown,M,1,2022,2022,3,-,-,-,-,-,-,-,-,-,-,-
Andrew Ruiz,Unknown,M,4,2008,2011,15,0:00:16.91,-,0:01:33.70,-,0:32:33.00,-,-,-,0:00:28.66,-,-
Kozlov Dmitry,RUS,M,1,2022,2022,7,0:00:21.26,0:00:25.69,0:01:20.59,-,-,-,-,-,0:00:50.77,-,-
Corinna Werther,DEU,F,2,2025,2026,2,-,-,-,0:12:15.00,0:38:06.00,-,-,-,-,-,-
Logan Pearce,Unknown,F,2,2021,2022,5,0:00:19.43,-,-,-,-,-,-,-,-,-,-
Brook Roberts,GBR,M,3,2023,2025,2,0:00:21.60,-,-,-,0:22:58.00,-,-,-,-,-,-
Ben Hestness,Unknown,M,1,2005,2005,2,0:00:26.00,-,-,-,-,-,-,-,0:01:16.34,-,-
Billy Watson,Unknown,M,2,2010,2011,4,-,-,-,-,0:20:00.00,-,-,-,-,-,-
Matt Bagley,Unknown,M,1,2016,2016,6,0:00:20.93,-,0:01:29.30,0:07:14.00,-,-,-,-,0:01:15.70,-,-
Adam Griffin,Unknown,M,1,1996,1996,2,0:00:19.90,-,-,0:06:07.00,-,-,-,-,-,-,-
Peter Meyer,DEU,M,19,2004,2022,6,-,-,-,-,-,0:59:43.00,2:14:57.00,4:10:07.00,-,-,-
Ben Finnigan,Unknown,M,1,1998,1998,2,0:00:31.30,-,0:03:05.00,-,-,-,-,-,-,-,-
Eden Katsir,ISR,M,3,2023,2025,5,-,-,0:01:28.22,-,0:20:53.00,-,-,-,0:00:40.72,-,-
Nick Burns,GBR,M,2,2023,2024,3,-,-,-,-,0:34:11.00,-,-,-,-,-,-
Simon Hilbich,DEU,M,1,2026,2026,1,-,-,-,0:09:00.00,-,-,-,-,-,-,-
Peter Holmquist,Unknown,M,4,2015,2018,8,0:00:15.99,-,0:01:18.70,-,-,-,-,-,-,-,-
Dominic Lodge,GBR,M,7,2020,2026,40,0:00:13.92,-,0:01:04.85,0:05:25.63,0:18:25.00,0:39:03.00,1:28:01.00,-,0:00:22.35,-,0:31:44.00
Bo Butze,DEU,M,1,2026,2026,1,-,-,-,0:06:49.00,-,-,-,-,-,-,-
Hannaloore Teder,EST,F,1,2026,2026,2,0:00:36.56,-,-,-,-,-,-,-,-,-,-
Lucas Hester,USA,M,1,2025,2025,3,0:00:15.92,-,0:01:17.54,-,0:24:14.00,-,-,-,-,-,-
Ashrita Furman,USA,M,2,1988,1989,2,-,-,-,-,-,-,-,3:22:32.00,-,-,-
Tony Malikowski,USA,M,2,2017,2018,10,0:00:21.25,-,0:01:17.70,-,0:24:42.00,-,-,-,-,-,-
Finn Mertens,BEL,M,2,2025,2026,11,0:00:14.22,0:00:19.04,0:01:10.72,-,0:24:45.00,-,-,-,-,-,-
Andrea Goranson,Unknown,F,1,1992,1992,1,-,-,-,0:10:56.56,-,-,-,-,-,-,-
Kovalenko Ekaterina,RUS,F,1,2023,2023,4,0:00:34.28,0:00:52.97,-,-,-,-,-,-,-,-,-
Timothy Ross,USA,M,2,2025,2026,6,0:00:16.15,-,0:01:18.12,-,0:25:15.00,-,-,-,0:00:52.97,-,-
Mike Gracie,Unknown,M,1,2001,2001,1,-,-,-,-,-,-,-,-,-,-,-
Danny Decreus,BEL,M,1,2025,2025,2,0:00:34.28,-,-,-,0:44:27.00,-,-,-,-,-,-
Jacob Heimer,Unknown,M,8,2017,2024,16,0:00:16.45,-,0:01:14.30,-,0:19:16.00,-,-,-,-,-,-
Mike Patsch,Unknown,M,2,2016,2017,4,0:00:20.16,-,0:02:12.70,-,-,-,-,-,-,-,-
Ben Hout,Unknown,M,3,1993,1995,3,0:00:17.20,-,-,-,-,-,-,-,-,-,-
Joshua Pichotta,USA,M,1,2018,2018,1,-,-,-,-,0:22:37.00,-,-,-,-,-,-
Nicolas Fuchs,DEU,M,3,2023,2025,2,-,-,-,-,0:26:20.00,-,-,-,-,-,-
Karen Phariss,Unknown,F,1,1991,1991,1,0:00:25.42,-,-,-,-,-,-,-,-,-,-
JoAnn Ireland,USA,F,6,2018,2023,41,0:00:21.24,-,0:02:00.30,-,0:39:23.40,-,2:59:26.00,-,0:01:08.00,-,-
Laura Ernst,Unknown,F,1,2009,2009,4,0:00:19.53,-,-,-,-,-,-,-,0:02:17.40,-,-
Jakob Neinhardt,DEU,M,1,2026,2026,1,-,-,0:01:58.38,-,-,-,-,-,-,-,-
Kalia Handy Bosma,USA,F,3,2023,2025,3,-,-,-,-,-,-,3:31:45.00,6:48:52.00,-,-,-
Taylor Glenn,USA,F,3,2009,2011,5,0:00:18.85,-,-,-,-,-,-,-,0:01:07.50,-,-
Nanci Newton,USA,F,2,2023,2024,2,-,-,-,-,1:00:00.00,-,-,-,-,-,-
Kirk Swenson,USA,M,3,1984,1986,4,-,-,-,0:04:43.80,0:16:55.80,-,-,-,-,-,-
Gramotina Natalia,RUS,F,1,2023,2023,2,0:00:51.00,0:01:01.00,-,-,-,-,-,-,-,-,-
Jurabayeva Yasya,RUS,F,1,2021,2021,2,-,-,-,-,-,-,-,-,-,-,-
Jakob Hochstrat,DEU,M,1,2023,2023,1,-,-,0:01:30.86,-,-,-,-,-,-,-,-
Samuel Karschnia,Unknown,M,1,2014,2014,2,0:00:19.20,-,-,-,-,-,-,-,0:00:44.30,-,-
Matt Baum,Unknown,M,1,2008,2008,1,-,-,-,-,-,-,-,-,-,-,-
Paul-Erik Lillholm,NOR,M,1,2000,2000,1,-,-,-,-,-,-,-,3:20:49.00,-,-,-
Kathy Glynn,USA,F,5,1989,1993,5,-,-,0:01:30.43,0:06:17.00,-,-,-,-,-,-,-
Seebe Raelafs,NLD,M,1,2025,2025,1,-,-,-,-,0:31:11.00,-,-,-,-,-,-
Anna Maria Denzler,DEU,F,1,2026,2026,8,0:00:19.94,-,0:01:48.59,-,-,-,-,-,-,-,-
Ethan Rosman,Unknown,M,1,2007,2007,1,0:00:32.87,-,-,-,-,-,-,-,-,-,-
Yaroshenko Stepan,RUS,M,2,2021,2022,7,0:00:22.49,-,0:01:19.53,-,-,-,-,-,-,-,-
Winnens Kwete,FRA,M,1,2025,2025,1,-,-,-,-,-,-,-,-,-,-,-
Jason Hollandsworth,Unknown,M,7,2008,2014,4,0:00:15.74,-,0:01:12.70,-,-,-,-,-,-,-,-
William Murphy,USA,M,1,2013,2013,1,-,-,-,-,0:37:08.30,-,-,-,-,-,-
Andrew Rose Gregory,USA,M,1,2024,2024,1,-,-,-,0:08:23.00,-,-,-,-,-,-,-
John Dombach,USA,M,2,2023,2024,2,-,-,-,-,-,-,1:46:03.00,-,-,-,-
Paul Williams,Unknown,M,2,1981,1982,3,0:00:14.50,-,-,0:05:29.00,0:20:11.00,-,-,-,-,-,-
Pete Barnard,GBR,M,3,2017,2019,8,-,-,-,-,0:26:24.00,0:59:29.00,2:11:16.00,-,-,-,-
Stephan Neinhardt,DEU,M,2,2025,2026,7,-,-,0:01:52.56,0:08:32.00,-,-,-,-,-,-,-
Erika Randall,Unknown,F,1,1999,1999,2,0:00:19.40,-,0:01:35.00,-,-,-,-,-,-,-,-
Billy Matsumoto,Unknown,M,1,2004,2004,1,-,-,-,-,-,-,-,-,0:00:29.00,-,-
Laura Dickerson,Unknown,F,2,2012,2013,3,0:01:43.00,-,0:18:22.00,-,-,-,-,-,-,-,-
Kurt Siefken,Unknown,M,1,2009,2009,3,0:00:34.10,-,-,-,0:25:52.00,-,-,-,-,-,-
Joy Dean,Unknown,F,1,2005,2005,2,0:01:09.16,-,-,-,-,-,-,-,-,-,-
Kornelius Rohmeyer,DEU,M,1,2026,2026,2,-,0:00:28.63,-,-,-,-,-,-,-,-,-
Laura Kaseman,Unknown,F,16,2004,2019,7,-,-,0:01:52.00,-,-,-,-,-,0:02:01.00,-,-
Jos Tipker,NLD,M,1,2023,2023,1,-,-,0:01:20.28,-,-,-,-,-,-,-,-
Malthe Jerup Ostergaard,DNK,M,1,2023,2023,2,0:00:17.18,-,0:01:47.50,-,-,-,-,-,-,-,-
Josh Dibbin,Unknown,M,1,2019,2019,3,-,-,-,-,-,-,-,-,-,-,-
Sven Mindel,DEU,M,1,2023,2023,1,-,-,0:01:38.56,-,-,-,-,-,-,-,-
Nigel Wakita,CAN,M,1,2019,2019,1,-,-,-,-,-,-,-,4:01:12.00,-,-,-
Joe Spicola,Unknown,M,1,2012,2012,1,0:00:14.60,-,-,-,-,-,-,-,-,-,-
Krzysztof Riewold,POL,M,2,2025,2026,14,0:00:16.29,0:00:27.69,0:01:23.42,0:08:23.00,0:28:44.00,-,-,-,0:01:10.17,-,-
Larry Schonhofen,Unknown,M,1,2012,2012,3,0:00:27.60,-,0:02:00.90,-,-,-,-,-,-,-,-
Corinne Ozolins,Unknown,F,1,1996,1996,1,0:00:33.40,-,-,-,-,-,-,-,-,-,-
Zoe Prawda,USA,F,2,2024,2025,14,0:00:23.80,-,0:02:10.83,0:11:11.52,-,-,-,-,0:02:26.57,-,-
Eric Gunther,Unknown,M,1,2015,2015,2,-,-,0:01:16.60,-,-,-,-,-,-,-,-
David Hussey,Unknown,M,3,1997,1999,4,0:00:13.90,-,0:01:09.00,-,-,-,-,-,-,-,-
Becky Provance,Unknown,F,3,1995,1997,6,0:00:18.30,-,0:01:32.00,0:08:57.00,-,-,-,-,-,-,-
Leon Vergoossen,DEU,M,1,2025,2025,2,-,-,0:01:23.15,-,-,-,-,-,-,-,-
Silas Wallen-Friedman,Unknown,M,5,2005,2009,5,0:00:28.81,-,0:02:16.56,-,-,-,-,-,0:00:50.00,-,-
Marie Marenbach,DEU,F,1,2026,2026,3,0:00:28.00,-,-,-,-,-,-,-,-,-,-
Eric Blaha,Unknown,M,1,2001,2001,2,-,-,-,-,-,-,-,-,-,-,-
Tsung-Yi Ma,TWN,M,1,2023,2023,1,-,-,-,-,-,-,-,-,-,-,-
Brady Xue,USA,M,3,2022,2024,9,-,-,-,-,0:20:05.00,-,1:56:33.00,-,-,-,-
Trevor McQuay,USA,M,2,2022,2023,2,-,-,-,-,-,-,-,3:57:48.00,-,-,-
Michael-Lucien Bergeron,CAN,M,9,2015,2023,19,0:00:13.57,-,0:01:01.90,-,0:16:49.70,0:34:47.00,1:17:09.00,3:00:06.00,-,-,-
Kharchenko Elizaveta,RUS,F,1,2023,2023,5,0:00:37.28,0:00:39.80,-,-,-,-,-,-,-,-,-
Chris Lovdal,USA,M,4,2009,2012,14,0:00:13.90,-,0:01:03.10,-,-,-,-,-,0:00:28.10,-,-
Chris Fowler,USA,M,6,2020,2025,9,0:00:15.96,-,-,-,-,-,-,-,0:00:53.60,-,-
Sean C,IRL,M,1,2025,2025,1,-,-,-,-,0:29:17.00,-,-,-,-,-,-
Marcus Pullman,USA,M,2,2024,2025,2,-,-,-,-,-,-,-,-,-,-,-
Bill Giduz,USA,M,19,1981,1999,21,0:00:14.85,-,0:01:09.13,0:05:36.00,-,-,-,-,-,-,-
Jesse Joyner,USA,M,4,2008,2011,5,-,-,-,-,0:24:24.00,1:00:29.00,2:34:05.00,5:48:17.00,0:00:51.66,-,-
Tony Gonzalez,Unknown,M,1,2025,2025,3,0:00:18.85,-,-,-,-,-,-,-,-,-,-
Helaman Pratt Ferguson,USA,M,1,1987,1987,1,-,-,-,-,-,-,-,-,-,-,-
Mike Hout,USA,M,35,1991,2025,10,0:00:13.42,-,0:01:08.45,-,-,-,-,-,0:00:25.70,-,-
Brett Kissell,Unknown,M,1,2007,2007,1,-,-,-,-,-,-,-,-,0:00:46.15,-,-
Romana Brosch,AUT,F,2,2025,2026,2,-,-,-,0:11:08.00,0:40:51.00,-,-,-,-,-,-
Jan Nowosad,POL,M,1,2023,2023,2,-,-,0:01:07.76,-,-,-,-,-,-,-,-
Jaqueline Banting,USA,F,1,2025,2025,1,-,-,-,-,-,-,-,-,-,-,-
Rhonda Samkoff,Unknown,F,1,2002,2002,2,-,-,0:02:48.30,-,-,-,-,-,-,-,-
Benjamin Chognot,AUT,M,1,2026,2026,1,-,-,-,-,-,-,-,4:03:01.00,-,-,-
Anton Chainwalker,Unknown,M,1,2018,2018,1,-,-,-,-,-,-,-,-,-,-,-
Uros Marolt,SVN,M,1,2026,2026,6,0:00:15.66,-,0:01:28.19,0:07:26.00,-,-,-,-,-,-,-
Meggie Exner,Unknown,F,1,2025,2025,1,-,-,-,-,-,-,-,-,-,-,-
Meghan Cain,Unknown,F,1,1996,1996,2,0:00:23.60,-,0:01:37.00,-,-,-,-,-,-,-,-
Jan Marc Daumin,DEU,M,2,2025,2026,19,0:00:16.97,0:00:17.63,0:01:20.05,-,-,-,-,-,0:00:46.06,-,-
Julia Novikova,RUS,F,1,2021,2021,3,-,-,-,-,-,-,-,-,-,-,-
Ben Horton,USA,M,1,2025,2025,1,-,-,-,-,-,-,-,-,-,-,-
Vasek Peca,CZE,M,4,2023,2026,15,0:00:14.84,-,0:01:13.47,0:06:55.00,0:22:58.00,-,-,-,0:00:28.36,-,-
Corbinian Neubauer,DEU,M,3,2023,2025,2,0:00:19.17,-,0:01:19.20,-,-,-,-,-,-,-,-
Sanne Carper,NLD,F,1,2025,2025,3,0:00:28.73,-,0:02:22.04,-,-,-,-,-,-,-,-
Daniel Rose,Unknown,M,6,2006,2011,11,0:00:16.06,-,-,-,-,-,-,-,0:00:57.80,-,-
Jared Ashton,Unknown,M,2,2017,2018,4,0:00:14.20,-,-,-,0:27:51.00,-,-,-,0:01:01.10,-,-
Peter Fry,Unknown,M,1,1997,1997,2,0:00:21.30,-,0:01:41.00,-,-,-,-,-,-,-,-
Koert van Eijk,NLD,M,1,2025,2025,1,-,-,-,-,0:27:31.00,-,-,-,-,-,-
Joel Hilchey,Unknown,M,1,2021,2021,5,0:00:21.10,-,-,-,-,-,-,-,0:00:20.73,-,-
Rebecca Kresser,Unknown,F,1,2013,2013,4,0:00:25.60,-,0:01:58.60,-,-,-,-,-,-,-,-
Morgan Anderson,Unknown,F,1,2018,2018,1,-,-,-,-,0:24:42.00,-,-,-,-,-,-
Sean O'Brien,Unknown,M,2,2012,2013,3,0:00:24.20,-,-,-,-,-,-,-,0:01:26.30,-,-
Danny Hodge,Unknown,M,3,2010,2012,15,0:00:19.35,-,0:01:57.50,-,-,-,-,-,0:01:01.80,-,-
Natalie McIntyre,Unknown,F,1,1997,1997,1,-,-,-,-,0:28:48.00,-,-,-,-,-,-
Easton Smith,USA,M,1,2025,2025,1,-,-,-,-,-,0:43:41.00,-,-,-,-,-
Nicholas Eaton,Unknown,M,1,2011,2011,1,0:00:28.83,-,-,-,-,-,-,-,-,-,-
Stuart Humphries,GBR,M,9,2018,2026,14,-,-,-,-,0:23:41.00,-,1:54:21.00,-,-,-,-
Korpusov Maxim,RUS,M,1,2023,2023,2,-,-,-,-,-,-,-,-,-,-,-
Dan Burke,Unknown,M,1,2010,2010,2,0:00:15.40,-,0:01:20.10,-,-,-,-,-,-,-,-
Mike Swan,Unknown,M,1,2010,2010,1,-,-,-,-,-,-,-,-,-,-,-
Benjamin Go,NLD,M,2,2025,2026,7,0:00:27.59,-,0:01:47.35,-,0:31:43.00,-,-,-,-,-,-
Jamie Tucker-Foltz,USA,M,1,2013,2013,1,-,-,-,-,0:28:52.60,-,-,-,-,-,-
Vorobey Artur,RUS,M,1,2022,2022,7,0:00:33.78,0:00:27.87,0:01:27.39,-,-,-,-,-,0:00:51.24,-,-
Jeremy Stanley,Unknown,M,6,2004,2009,18,0:00:14.10,-,0:01:17.63,-,-,-,-,-,0:00:38.31,-,-
Kovalenko Alexey,RUS,M,1,2023,2023,5,0:00:51.00,0:00:36.19,-,-,-,-,-,-,0:01:58.87,-,-
Barak Hirschowitz,USA,M,8,2019,2026,21,0:00:36.17,-,0:01:37.70,-,0:24:57.00,0:56:18.00,1:56:52.00,4:10:00.00,-,-,-
David Livingston,USA,M,1,2009,2009,1,-,-,-,-,-,-,-,3:28:56.00,-,-,-
Ingbert Bittel,DEU,M,2,2006,2007,2,-,-,-,-,-,-,-,4:57:25.00,-,-,-
Nicole Deese,Unknown,F,3,2005,2007,6,0:00:21.73,-,-,-,-,-,-,-,-,-,-
Anders Kierulf,Unknown,M,11,2004,2014,34,0:00:14.90,-,0:01:15.20,-,-,-,-,-,-,-,-
Anna Gratzer,Unknown,F,1,2011,2011,2,0:00:25.10,-,-,-,-,-,-,-,-,-,-
Martin Hiti,Unknown,M,2,2017,2018,7,0:00:15.75,-,0:01:25.80,-,-,-,-,-,-,-,-
Andrew Hodge,Unknown,M,3,2009,2011,20,0:00:15.30,-,0:01:13.70,-,0:29:01.00,-,-,-,0:00:33.03,-,-
Amanda Richter,Unknown,F,4,2006,2009,11,0:00:16.13,-,0:01:41.11,-,-,-,-,-,0:01:05.40,-,-
Andreas Kramer,DEU,M,1,2025,2025,1,-,-,-,-,0:21:55.00,-,-,-,-,-,-
Lea Schmuck,DEU,F,1,2025,2025,3,0:00:32.29,0:00:34.40,-,-,-,-,-,-,0:02:31.99,-,-
Jannik Weiss,DEU,M,8,2015,2022,3,-,-,0:00:59.00,-,-,-,-,-,-,-,-
Pavel Stulikov,RUS,M,1,2021,2021,1,-,-,-,-,-,-,-,-,-,-,-
Maddie Rodbourne,Unknown,F,2,2014,2015,6,0:00:22.99,-,-,-,-,-,-,-,0:01:00.70,-,-
Cyril D,BEL,M,1,2025,2025,1,-,-,-,-,0:24:56.00,-,-,-,-,-,-
Jonah Freed,Unknown,M,1,2011,2011,2,-,-,0:01:24.00,-,-,-,-,-,0:01:00.20,-,-
Daniel Raum,AUT,M,14,2012,2025,63,0:00:16.84,-,0:01:15.10,0:05:51.70,0:19:58.60,0:42:29.00,1:32:12.00,3:14:19.00,-,-,-
Dan Peterson,Unknown,M,1,2002,2002,1,-,-,0:01:17.50,-,-,-,-,-,-,-,-
Chris Dokler,Unknown,M,3,2010,2012,8,0:00:16.90,-,-,-,-,-,-,-,0:00:49.00,-,-
Marco Paoletti,Unknown,M,1,2006,2006,6,0:00:16.90,-,0:01:09.00,-,-,-,-,-,0:00:36.84,-,-
Jared Janssen,Unknown,M,11,2013,2023,14,0:00:13.90,-,0:01:08.20,-,-,-,-,-,0:00:44.50,-,-
Carolin Scipio,DEU,F,1,2025,2025,1,-,-,-,-,0:44:27.00,-,-,-,-,-,-
Jeff Mason,USA,M,1,1989,1989,1,0:00:13.20,-,-,-,-,-,-,-,-,-,-
Adam Eckman,Unknown,M,2,2015,2016,8,0:00:20.50,-,0:01:22.70,0:07:04.00,-,-,-,-,0:01:15.20,-,-
Tao Wei,Unknown,M,1,2008,2008,1,-,-,-,-,-,-,-,-,-,-,-
Elizabeth Cain,Unknown,F,1,2014,2014,1,0:00:37.90,-,-,-,-,-,-,-,-,-,-
Jonah Botinick-Greenhouse,USA,M,1,2015,2015,3,0:00:16.58,-,-,-,-,-,-,-,0:00:28.31,-,-
Len Ferman,USA,M,16,2007,2022,38,0:00:14.80,-,0:01:05.40,-,-,-,-,-,0:00:54.35,-,-
Alison Bolton,GBR,F,1,2025,2025,2,-,-,-,-,0:34:40.00,-,-,-,-,-,-
Nick Pavlak,Unknown,M,1,2004,2004,3,0:00:15.91,-,0:01:30.10,-,-,-,-,-,-,-,-
Auke Von Straien,NLD,M,1,2025,2025,1,-,-,-,-,0:24:50.00,-,-,-,-,-,-
Penkova Olga,RUS,F,1,2023,2023,2,0:00:31.00,0:00:35.61,-,-,-,-,-,-,-,-,-
Nick Eaton,Unknown,M,2,2012,2013,2,0:00:20.10,-,-,-,-,-,-,-,-,-,-
Carter Randall,Unknown,M,1,2017,2017,7,0:00:22.16,-,0:01:35.60,-,0:30:19.00,-,-,-,0:01:06.40,-,-
Elliot Royce,Unknown,M,1,2005,2005,1,-,-,-,-,-,-,-,-,-,-,-
Chusovitin Artyom,RUS,M,1,2022,2022,3,0:00:35.90,-,0:01:41.50,-,-,-,-,-,-,-,-
Jeri Kalvan,Unknown,F,9,2007,2015,3,0:00:23.44,-,-,-,-,-,-,-,-,-,-
Tina Fraser,Unknown,F,1,1988,1988,2,0:00:22.40,-,-,0:09:40.00,-,-,-,-,-,-,-
Riga Moettus,USA,F,5,2011,2015,15,0:00:18.90,-,0:01:42.50,-,-,-,-,-,0:01:00.20,-,-
Carol Mills,Unknown,F,1,1993,1993,3,0:00:21.70,-,0:01:52.00,0:11:15.00,-,-,-,-,-,-,-
Ben Thompson,Unknown,M,14,2002,2015,11,0:00:14.41,-,0:01:09.20,-,-,-,-,-,0:00:20.10,-,-
Perry Romanowski,USA,M,28,1996,2023,50,-,-,0:01:06.50,-,0:19:48.00,-,-,3:21:38.00,-,-,-
Dave Kadlec,Unknown,M,1,2011,2011,2,0:00:16.30,-,-,-,-,-,-,-,0:01:03.30,-,-
Peter Brunette,Unknown,M,1,2011,2011,4,0:00:20.87,-,0:01:28.40,-,-,-,-,-,0:00:58.93,-,-
Bucky Buckbinder,USA,M,1,2013,2013,1,-,-,-,-,0:29:21.60,-,-,-,-,-,-
Crack Ivan,RUS,M,2,2021,2022,7,0:00:31.25,-,0:02:08.70,-,-,-,-,-,-,-,-
Trish Evans,USA,F,2,2011,2012,6,0:00:16.29,-,-,-,0:20:10.00,0:42:58.00,-,-,-,-,-
Aline Faller,DEU,F,1,2023,2023,1,-,-,0:02:57.22,-,-,-,-,-,-,-,-
Joey Spicola,Unknown,M,4,2009,2012,14,0:00:14.60,-,0:01:32.60,-,-,-,-,-,0:00:37.70,-,-
Conor Hussey,Unknown,M,2,2010,2011,4,-,-,-,-,-,-,-,-,0:00:54.31,-,-
Jacob Dudek,Unknown,M,1,2013,2013,2,-,-,0:01:28.70,-,-,-,-,-,-,-,-
Mike DeSalvo,Unknown,M,1,2011,2011,1,0:00:24.69,-,-,-,-,-,-,-,-,-,-
Clarke McFarlane,Unknown,M,1,1987,1987,2,-,-,-,0:05:34.28,0:20:06.91,-,-,-,-,-,-
Garry Rossiter,IRL,M,1,2025,2025,1,0:00:28.98,-,-,-,-,-,-,-,-,-,-
Barry Goldmeier,USA,M,34,1990,2023,45,0:00:13.39,-,0:01:04.88,-,-,-,-,5:53:46.00,0:00:26.20,0:10:37.00,0:27:53.00
Ian O'Donnell,Unknown,M,1,2015,2015,1,0:00:16.59,-,-,-,-,-,-,-,-,-,-
Skye Jerpbak,Unknown,F,1,2022,2022,2,0:00:25.85,-,-,-,-,-,-,-,-,-,-
Sydney Paugh,Unknown,F,3,2011,2013,13,0:00:16.40,-,0:01:39.50,-,-,-,-,-,0:01:53.20,-,-
Jarek Widomski,POL,M,7,2018,2024,9,-,-,0:01:31.36,-,0:24:22.00,0:45:15.00,1:44:35.00,3:39:54.00,-,-,-
"Kevin Niittyviita, David Lohuis, Shimon Levikov, Tamino Larisch",Mixed,M,1,2026,2026,1,-,-,-,-,-,-,-,-,-,-,-
Anna Kruk,POL,F,1,2023,2023,2,0:00:20.50,-,0:01:41.32,-,-,-,-,-,-,-,-
Garry Ruston,IRL,M,1,2025,2025,1,-,-,-,-,0:26:47.00,-,-,-,-,-,-
Bennett Santora,Unknown,M,6,2014,2019,36,0:00:16.77,-,0:01:32.10,-,-,-,-,-,0:00:27.93,-,-
Jorn Wildering,NLD,M,1,2025,2025,1,-,-,-,-,0:42:28.00,-,-,-,-,-,-
Alex Coleman,Unknown,M,1,2005,2005,2,0:00:49.30,-,-,-,-,-,-,-,-,-,-
Chris Pert,USA,M,6,2013,2018,6,-,-,-,-,-,-,-,3:40:40.00,-,-,-
Sarah Earl,Unknown,F,2,2014,2015,6,-,-,0:01:30.80,-,-,-,-,-,0:01:00.40,-,-
Antonina Tsvetkova,RUS,F,1,2021,2021,4,-,-,-,-,-,-,-,-,-,-,-
Bernard Dehoog,Unknown,M,1,2005,2005,3,0:00:15.85,-,-,-,-,-,-,-,0:01:21.38,-,-
Jamal da Silva Ermisch,DEU,M,1,2026,2026,5,0:00:15.87,-,0:01:31.75,0:06:48.00,-,-,-,-,-,-,-
Josh Jarosz,Unknown,M,1,2012,2012,1,0:00:45.10,-,-,-,-,-,-,-,-,-,-
Greta Vollmar,DEU,F,1,2025,2025,1,-,-,-,-,0:30:45.00,-,-,-,-,-,-
Meggie Mariah,Unknown,F,1,2024,2024,1,-,-,-,-,0:25:56.00,-,-,-,-,-,-
Joshua Edleman,Unknown,M,1,2000,2000,3,-,-,0:01:11.59,0:06:39.00,0:24:35.00,-,-,-,-,-,-
Sarah Kresser,Unknown,F,5,2019,2023,5,0:00:38.75,-,0:02:43.70,-,-,-,-,-,-,-,-
Marius Tritschler,DEU,M,1,2025,2025,5,0:00:21.85,0:00:20.76,0:01:21.17,-,0:24:35.00,-,-,-,0:00:43.67,-,-
Sam Wildofsky,Unknown,M,4,1992,1995,2,-,-,-,-,0:20:25.78,-,-,-,-,-,-
Scott Seltzer,ISR,M,1,2023,2023,2,-,-,0:01:48.36,-,0:25:33.00,-,-,-,-,-,-
Laura Green,Unknown,F,8,1989,1996,8,0:00:17.54,-,0:01:44.50,-,-,-,-,-,-,-,-
Lars Rohrback,Unknown,M,1,1985,1985,1,0:00:17.53,-,-,-,-,-,-,-,-,-,-
Trevor Stenson,USA,M,2,2024,2025,2,-,-,-,-,-,-,-,-,-,-,-
Mikey Free,Unknown,M,1,2024,2024,3,-,-,-,-,-,-,-,-,-,-,-
Maximillian Gruber,AUT,M,1,2023,2023,2,-,-,0:01:42.62,-,-,-,-,-,-,-,-
Sofia Meyer,Unknown,F,3,2009,2011,7,0:00:24.63,-,0:02:01.10,-,-,-,-,-,0:01:41.80,-,-
Robert Harkonen,FIN,M,2,2025,2026,4,-,0:00:22.97,-,-,-,-,-,-,-,-,-
James McDiarmid,GBR,M,3,2023,2025,32,-,-,-,-,0:19:18.00,0:39:45.00,1:28:47.00,3:19:37.00,-,-,-
Di-Hong Tay,SGP,M,1,2025,2025,1,-,-,-,-,0:37:44.00,-,-,-,-,-,-
Sam Karschnia,Unknown,M,1,2013,2013,3,0:00:18.00,-,0:01:34.50,-,-,-,-,-,0:00:42.50,-,-
Jakub Tomko,SVK,M,1,2026,2026,7,-,0:00:22.19,-,-,-,-,-,-,-,-,-
Kayla Malmgren,USA,F,9,2017,2025,8,0:00:17.84,-,0:01:45.04,-,-,-,-,-,0:00:50.36,-,-
Loginov Mihail,RUS,M,1,2023,2023,1,-,-,-,-,-,-,-,-,-,-,-
Jon Poppele,Unknown,M,1,2001,2001,1,-,-,-,-,-,-,-,-,-,-,-
Nils Berg,DEU,M,1,2023,2023,2,-,-,0:01:50.94,-,0:30:46.00,-,-,-,-,-,-
Hannah Stoehr,Unknown,F,3,2009,2011,9,0:00:18.85,-,0:01:42.78,-,-,-,-,-,0:02:25.20,-,-
Delaney Bayles,USA,F,12,2013,2024,11,0:00:19.30,-,-,-,-,-,-,-,0:00:29.90,-,-
Junya Inoue,JPN,M,2,2025,2026,7,0:00:16.36,-,0:01:25.41,0:09:24.00,0:27:05.00,-,-,-,0:01:43.94,-,-
Michael Barreto,Unknown,M,1,2011,2011,2,0:00:22.84,-,0:01:14.80,-,-,-,-,-,-,-,-
Piotr Maciejewski,POL,M,1,2023,2023,5,-,-,0:01:43.20,-,0:22:14.00,-,-,-,-,-,-
Karel Schuller,NLD,M,4,2023,2026,29,0:00:14.63,0:00:16.66,0:01:09.53,0:06:10.00,0:22:31.00,-,1:55:59.00,-,0:00:18.47,-,-
Chuikova Olga,RUS,F,1,2023,2023,1,0:00:50.00,-,-,-,-,-,-,-,-,-,-
Vincent Kaseman,Unknown,M,1,2018,2018,6,0:00:23.92,-,0:02:25.60,-,-,-,-,-,0:01:10.90,-,-
Jeffery Mitchell,USA,M,2,2024,2025,2,-,-,-,-,-,-,-,-,-,-,-
Charles Williams,Unknown,M,1,1997,1997,1,-,-,-,0:07:10.00,-,-,-,-,-,-,-
Lauge Benjaminson,DNK,M,1,2010,2010,3,0:00:15.20,-,-,-,-,-,-,-,0:00:24.00,-,-
"Anezka Houhova, Jan Marc Daumin, Vasek Peca, Luca Pferdmenges",Mixed,M,1,2026,2026,1,-,-,-,-,-,-,-,-,-,-,-
Felix Spiller,DEU,M,1,2026,2026,12,0:00:15.78,0:00:25.41,0:01:21.43,-,-,-,-,-,0:01:01.94,-,-
Sam Hartford,Unknown,M,3,2000,2002,8,0:00:14.50,-,0:01:11.06,0:06:02.19,0:23:46.70,-,-,-,0:00:18.10,-,-
Patrick Russell,Unknown,M,3,2015,2017,3,-,-,0:01:39.80,-,-,-,-,-,0:01:05.20,-,-
Sid Cal,USA,M,1,2025,2025,1,-,-,-,-,-,-,-,-,-,-,-
Guillaume Moretie,BEL,M,1,2025,2025,1,-,-,-,-,0:34:29.00,-,-,-,-,-,-
Jonte Rohmeyer,DEU,M,1,2026,2026,1,-,-,0:01:40.47,-,-,-,-,-,-,-,-
Lee Gifford,Unknown,M,1,2009,2009,2,0:00:31.03,-,0:01:41.11,-,-,-,-,-,-,-,-
Harry Rosenberg,Unknown,M,1,2023,2023,2,0:00:22.78,-,0:01:25.90,-,-,-,-,-,-,-,-
Bill Coad,USA,M,16,1991,2006,5,-,-,-,-,0:24:36.60,-,-,4:43:38.00,0:01:53.16,-,-
Sam Kilbourn,Unknown,M,2,1996,1997,3,0:00:17.30,-,0:01:28.90,-,-,-,-,-,-,-,-
Gus Tate,USA,M,1,2008,2008,3,0:00:16.28,-,-,-,0:24:31.00,-,-,-,0:00:57.13,-,-
Maxim Roy,CAN,M,1,2025,2025,1,-,-,-,-,-,-,-,-,-,-,-
Graham Rowe,Unknown,M,2,2011,2012,5,0:00:16.90,-,0:01:24.10,-,-,-,-,-,0:01:42.00,-,-
Derrick Adams,GBR,M,1,2023,2023,3,-,-,-,-,0:26:16.00,-,-,-,-,-,-
Matthew Feldman,USA,M,11,2011,2021,18,0:00:14.73,-,0:01:06.70,-,-,-,-,-,0:00:13.39,0:06:33.00,0:27:06.00
Tristan Heinicke,USA,M,1,2024,2024,1,-,-,-,-,-,-,-,-,-,-,-
Elliot Kaplan,USA,M,1,2024,2024,1,-,-,-,-,-,-,-,-,-,-,-
Liya Bakhrakh,ISR,F,1,2023,2023,3,-,-,0:01:56.28,-,0:36:26.00,-,-,-,-,-,-
Kacper Suchora,POL,M,3,2023,2025,65,-,-,-,-,0:20:16.00,0:41:51.00,1:51:20.00,4:47:53.00,-,-,-
Rebecca Pullman,USA,F,1,2025,2025,1,-,-,-,-,-,-,-,-,-,-,-
Pawel Matula,CZE,M,1,2025,2025,1,-,-,-,-,0:30:09.00,-,-,-,-,-,-
Sasha Kluger,Unknown,M,4,1998,2001,5,0:00:18.70,-,0:01:44.62,-,-,-,-,-,-,-,-
Prokhorova Angelina,RUS,F,1,2023,2023,3,-,-,-,-,-,-,-,-,-,-,-
Will Be,GBR,M,1,2017,2017,1,-,-,-,-,0:29:21.00,-,-,-,-,-,-
Thom Herzmark,GBR,M,1,2026,2026,8,-,0:00:18.32,0:01:27.21,-,-,-,-,-,-,-,-
Michele Rafferty,USA,F,1,2025,2025,1,-,-,-,-,-,-,-,-,-,-,-
Diana Diane,RUS,F,1,2021,2021,2,-,-,-,-,-,-,-,-,-,-,-
Andrew Pratt,USA,M,1,2013,2013,1,-,-,-,-,0:30:04.30,-,-,-,-,-,-
Bradley Fox,Unknown,M,1,2013,2013,3,-,-,0:01:17.40,-,-,-,-,-,-,-,-
Stephan Cipra,DEU,M,1,2021,2021,11,0:00:14.50,0:00:30.00,0:01:11.80,-,-,-,-,-,0:00:17.80,-,-
Rimon Cahany,ISR,M,1,2023,2023,1,-,-,-,-,0:24:33.00,-,-,-,-,-,-
Daniel van Hoomissen,Unknown,M,1,2015,2015,1,-,-,-,-,-,-,-,-,-,-,-
Erik Rain,Unknown,M,1,2017,2017,2,-,-,-,-,0:20:26.00,-,-,-,-,-,-
Mary Geeves,Unknown,F,6,2012,2017,14,0:00:53.70,-,0:03:39.50,-,0:32:10.00,-,-,-,-,-,-
Zyablitsky Alexander,RUS,M,2,2022,2023,12,0:00:24.00,0:00:30.95,0:02:08.01,-,-,-,-,-,0:04:35.10,-,-
Julia Bonhoff,DEU,F,1,2023,2023,1,-,-,0:02:41.60,-,-,-,-,-,-,-,-
Dean Bennett,Unknown,M,6,2006,2011,5,-,-,-,-,0:27:40.00,-,-,-,-,-,-
Kyle Guibord,Unknown,M,1,2023,2023,2,0:00:29.63,-,0:02:09.30,-,-,-,-,-,-,-,-
Keith Tollefson,Unknown,M,1,1996,1996,2,0:00:16.60,-,0:01:27.00,-,-,-,-,-,-,-,-
Evan Peter,Unknown,M,2,2009,2010,6,0:00:16.30,-,0:01:26.70,-,-,-,-,-,0:00:43.90,-,-
Bradley Fiander,CAN,M,2,2017,2018,2,-,-,-,-,0:19:44.00,-,-,-,-,-,-
Levent Denizci,TUR,M,12,2013,2024,27,-,-,-,-,-,0:50:38.00,1:56:38.00,4:28:48.00,-,-,-
Tim Butler,GBR,M,19,2007,2025,106,-,-,-,-,-,0:47:01.00,-,3:53:37.00,-,-,-
Justin Delong,USA,M,1,2020,2020,1,-,-,-,-,-,-,-,4:03:25.00,-,-,-
Shidan Habib,Unknown,M,1,1983,1983,1,-,-,-,-,0:19:35.00,-,-,-,-,-,-
Pete Finger,Unknown,M,1,2001,2001,1,-,-,-,-,-,-,-,-,-,-,-
Chris Edwin,GBR,M,6,2021,2026,49,0:00:16.95,-,0:01:15.80,0:05:13.76,0:17:19.00,0:35:49.00,1:16:47.34,3:00:06.00,-,-,-
Joe Lodge,GBR,M,1,2026,2026,1,-,-,-,-,0:34:13.00,-,-,-,-,-,-
Richard Ross,USA,M,12,2013,2024,5,-,-,-,-,0:19:59.00,0:46:29.00,-,4:00:43.00,-,-,-
Justin Kolas,Unknown,M,5,2006,2010,7,0:00:18.90,-,0:01:51.00,-,-,-,-,-,-,-,-
Louison Vatin,FRA,F,1,2023,2023,3,0:00:25.24,-,0:02:13.50,-,-,-,-,-,-,-,-
Shahar cohen,ISR,M,1,2026,2026,1,-,-,0:01:40.15,-,-,-,-,-,-,-,-
Gil Pontius,Unknown,M,5,2000,2004,4,0:00:17.10,-,-,0:06:35.16,0:28:44.00,-,-,-,-,-,-
Kevin Williams,GBR,M,3,2014,2016,6,-,-,-,-,-,-,1:58:13.00,4:38:18.00,-,-,-
Stevan Clipson,Unknown,M,1,2014,2014,2,-,-,0:01:54.00,-,-,-,-,-,-,-,-
Aaron Rosenberg,Unknown,M,17,2007,2023,7,0:00:18.66,-,0:01:31.20,-,-,-,-,-,0:01:02.80,-,-
Attila Suszter,HUN,M,3,2024,2026,5,-,-,-,-,0:26:09.00,-,-,-,-,-,-
Mike Hebebrand,USA,M,14,1989,2002,10,-,-,-,0:05:16.00,0:17:37.00,0:35:45.00,-,3:32:00.00,-,-,-
Jess East,GBR,F,1,2026,2026,1,0:01:38.47,-,-,-,-,-,-,-,-,-,-
Liana McClintock,Unknown,F,1,2007,2007,1,0:00:36.00,-,-,-,-,-,-,-,-,-,-
Nathan Lane,Unknown,M,3,2011,2013,7,0:00:17.50,-,0:01:09.30,-,-,-,-,-,0:00:56.80,-,-
Jeff Lutkus,USA,M,13,2013,2025,7,0:00:16.09,-,0:01:20.80,0:06:44.00,0:23:20.80,1:02:58.00,-,-,0:01:16.30,-,-
Ben Sayles,Unknown,M,1,2015,2015,1,-,-,-,-,0:20:40.00,-,-,-,-,-,-
Ben Oldenburg,Unknown,M,1,2004,2004,1,-,-,-,-,-,-,-,-,-,-,-
Sarah Szefi,USA,F,1,2018,2018,1,-,-,-,-,-,-,-,4:02:30.00,-,-,-
Isaac Cantor,Unknown,M,2,2017,2018,8,0:00:16.93,-,0:01:24.30,-,-,-,-,-,0:00:42.75,-,-
John Kilgust,Unknown,M,24,1988,2011,7,0:00:18.80,-,-,-,0:19:06.70,-,-,-,-,-,-
Andrew Perrin,Unknown,M,1,2007,2007,1,-,-,-,-,0:25:46.00,-,-,-,-,-,-
Steve Upmeyer,Unknown,M,1,2013,2013,4,0:00:26.60,-,0:01:51.80,-,-,-,-,-,-,-,-
Elias Lohr,DEU,M,3,2023,2025,4,-,-,0:01:35.72,-,0:24:39.00,-,-,-,-,-,-
Dana Lee Ling,FSM,M,2,2023,2024,3,-,-,-,-,0:34:56.00,-,-,-,-,-,-
Shchipakin Konstantin,RUS,M,1,2021,2021,3,-,-,-,-,-,-,-,-,-,-,-
Marlin Ballard,Unknown,M,11,1992,2002,9,0:00:15.30,-,0:01:41.62,-,-,-,-,-,0:00:32.66,-,-
James Auriemma,Unknown,M,3,2021,2023,10,0:00:19.13,-,0:01:25.40,-,-,-,-,-,-,-,-
Christian Gonzales,USA,M,3,2023,2025,4,-,-,-,-,1:00:00.00,-,-,-,-,-,-
Joshua Black,Unknown,M,3,2018,2020,11,0:00:19.42,-,0:02:05.00,-,-,-,-,-,0:02:11.00,-,-
Alec Bennett,Unknown,M,2,2010,2011,7,0:00:29.20,-,0:01:21.70,-,-,-,-,-,-,-,-
Alexander Khlebodarov,RUS,M,1,2021,2021,3,-,-,-,-,-,-,-,-,-,-,-
Chris Van Hoomissen,Unknown,M,1,2013,2013,3,0:00:15.40,-,0:01:19.20,-,-,-,-,-,0:01:55.90,-,-
Primoz Sesek,SVN,M,1,2026,2026,9,0:00:18.03,-,0:01:25.50,0:07:16.00,-,-,-,-,-,-,-
Elizabeth Sychugova,RUS,F,1,2023,2023,3,0:00:40.06,-,0:02:50.41,-,-,-,-,-,-,-,-
Gavin Levenstein,ZAF,M,1,2022,2022,1,-,-,-,-,0:22:33.00,-,-,-,-,-,-
Kevin Giblin,Unknown,M,2,2010,2011,5,0:00:16.40,-,0:01:18.40,-,-,-,-,-,-,-,-
Eyal Bor,MEX,M,3,2023,2025,7,0:00:16.35,0:00:17.64,0:01:26.20,-,-,-,-,-,0:00:24.66,-,-
Gramotin Anton,RUS,M,1,2023,2023,5,0:00:30.10,0:00:45.85,0:02:15.93,-,-,-,-,-,0:01:29.18,-,-
Bob Neuman,Unknown,M,1,1994,1994,1,-,-,-,0:08:27.20,-,-,-,-,-,-,-
Brenn Swanson,USA,F,1,2024,2024,1,-,-,-,-,-,-,-,-,-,-,-
Jonas Tasch,DEU,M,1,2025,2025,1,-,-,-,-,0:35:52.00,-,-,-,-,-,-
Anton Bartsch,DEU,M,1,2023,2023,1,-,-,-,-,0:39:27.00,-,-,-,-,-,-
Tobias Ludwig,DEU,M,2,2025,2026,14,0:00:17.47,-,0:01:24.25,0:07:55.00,0:27:42.00,-,-,-,-,-,-
Dan Tasse,Unknown,M,1,2004,2004,2,0:00:16.09,-,-,-,-,-,-,-,-,-,-
Darren Samson,Unknown,M,1,1994,1994,2,-,-,0:01:10.00,-,0:22:30.00,-,-,-,-,-,-
Rebecca Middleton,Unknown,F,1,2005,2005,3,0:00:48.16,-,0:02:35.60,-,-,-,-,-,-,-,-
Dan Chan,Unknown,M,1,2010,2010,4,0:00:24.60,-,0:01:50.20,-,-,-,-,-,-,-,-
Kevin Beargie,Unknown,M,1,2005,2005,3,0:00:18.47,-,0:01:44.88,-,-,-,-,-,-,-,-
Shahar Cohen,ISR,M,13,2014,2026,4,-,-,-,0:08:18.00,0:24:00.00,-,-,4:25:17.00,-,-,-
Boris Georgiev,Unknown,M,2,2016,2017,2,-,-,-,-,0:24:42.00,-,-,-,-,-,-
Jamal Da Silva Ermisch,DEU,M,1,2025,2025,2,0:00:18.07,-,0:01:18.48,-,-,-,-,-,-,-,-
Rhett Farber,USA,M,2,2018,2019,2,-,-,-,-,-,-,-,-,-,-,-
Nathan Vehse,Unknown,M,1,2007,2007,2,0:00:15.12,-,0:01:08.88,-,-,-,-,-,-,-,-
Erik Toll,SWE,M,1,2025,2025,5,0:00:17.67,0:00:20.32,0:01:11.67,-,-,-,-,-,0:00:26.59,-,-
Justice Seifert,Unknown,M,1,2013,2013,4,-,-,0:01:28.90,-,-,-,-,-,-,-,-
Xenia Vaas,DEU,F,1,2025,2025,1,0:00:26.54,-,-,-,-,-,-,-,-,-,-
Tilman Kortenhaus,DEU,M,1,2023,2023,1,-,-,-,-,0:29:04.00,-,-,-,-,-,-
Graydon Snider,CAN,M,3,2016,2018,3,-,-,-,-,0:16:57.00,-,1:17:11.00,-,-,-,-
Cole Dunbar,Unknown,M,1,2015,2015,3,-,-,0:01:10.10,-,-,-,-,-,0:00:42.88,-,-
Tim Heilig,Unknown,M,1,2025,2025,1,0:00:41.85,-,-,-,-,-,-,-,-,-,-
Joe Sonnenburg,Unknown,M,1,1999,1999,3,0:00:14.80,-,0:01:20.00,-,-,-,-,-,0:00:38.00,-,-
Ron Zeszut,Unknown,M,1,2008,2008,1,-,-,-,-,-,-,-,-,-,-,-
Gordon Wilson,GBR,M,1,2026,2026,11,0:00:17.72,0:00:21.06,0:01:48.44,-,-,-,-,-,0:01:50.75,-,-
Shawn Bryan,Unknown,M,4,1996,1999,3,0:00:15.30,-,0:01:19.00,-,-,-,-,-,-,-,-
Peter Prokop,Unknown,M,2,2012,2013,5,0:00:21.60,-,0:01:21.00,-,-,-,-,-,-,-,-
Alayna Bowlin,Unknown,F,4,2011,2014,12,0:00:20.46,-,0:01:37.60,-,-,-,-,-,0:03:05.10,-,-
Jamie Whoolery,Unknown,M,6,1999,2004,14,-,-,0:01:04.30,0:05:53.07,0:22:21.00,-,-,-,-,-,-
Jane Hussey,Unknown,F,3,1991,1993,2,0:00:22.77,-,0:02:16.70,-,-,-,-,-,-,-,-
Anna Voelker,Unknown,F,1,2013,2013,3,0:00:17.80,-,0:01:40.40,-,-,-,-,-,-,-,-
Iman deLachotta-Lizarazu,Unknown,F,1,1996,1996,1,-,-,0:01:42.00,-,-,-,-,-,-,-,-
JL Coldham,GBR,M,4,2021,2024,5,-,-,-,-,-,0:59:18.00,-,-,-,-,-
Tsybina Victoria,RUS,F,1,2023,2023,1,0:01:23.05,-,-,-,-,-,-,-,-,-,-
Eric Carvalho,BRA,M,1,2023,2023,1,-,-,0:02:57.16,-,-,-,-,-,-,-,-
Robert D'Amours,Unknown,M,1,2016,2016,1,-,-,-,-,-,-,-,-,0:01:04.80,-,-
Cameron Edmunds,Unknown,M,1,2015,2015,1,-,-,-,-,0:26:27.00,-,-,-,-,-,-
Simona Uguccioni,ITA,F,1,2026,2026,12,0:00:33.18,0:00:39.72,0:02:14.78,0:12:57.00,-,-,-,-,-,-,-
Ryan Paul,Unknown,M,1,2011,2011,1,0:00:20.66,-,-,-,-,-,-,-,-,-,-
Phillip Garee,Unknown,M,1,2005,2005,2,0:00:20.47,-,-,-,-,-,-,-,-,-,-
Sarah Williams,Unknown,F,1,2017,2017,2,-,-,-,-,0:45:37.00,-,-,-,-,-,-
Joann Ireland,USA,F,1,2026,2026,1,-,-,-,-,-,-,-,-,-,-,-
Torrey Hamilton,Unknown,M,2,2024,2025,6,0:00:18.31,-,0:01:27.60,0:07:02.80,0:24:54.00,-,-,-,-,-,-
"Bosznay Balazs, Istvan Toth, Balazs Palmai, Bence Onodi",HUN,M,1,2026,2026,1,-,-,-,-,-,-,-,-,-,-,-
Michal Kapral,CAN,M,22,2005,2026,42,0:00:15.83,-,-,-,0:17:05.00,0:36:27.00,1:20:40.00,2:50:12.00,0:00:23.17,-,-
Mario Jakobs,DEU,M,1,2025,2025,1,-,-,-,-,0:28:47.00,-,-,-,-,-,-
Nicolas Souren,Unknown,M,8,2012,2019,21,0:00:14.50,-,0:01:10.10,0:06:47.00,-,-,-,-,0:00:20.00,-,-
Kevin Sawers,GBR,M,1,2023,2023,1,-,-,-,-,0:32:04.00,-,-,-,-,-,-
Iveta Navratilova,CZE,F,1,2026,2026,8,0:00:24.34,0:00:51.72,0:01:55.88,-,-,-,-,-,-,-,-
Jason Matkowksi,Unknown,M,1,2012,2012,3,0:00:25.30,-,0:01:06.40,-,-,-,-,-,-,-,-
Zach Waickman,Unknown,M,2,2001,2002,3,-,-,-,-,-,-,-,-,-,-,-
Nate Seefeldt,Unknown,M,1,1999,1999,2,-,-,0:01:14.00,-,-,-,-,-,0:00:43.00,-,-
John Clayton,Unknown,M,1,2009,2009,1,-,-,-,-,0:23:50.00,-,-,-,-,-,-
Vicente Peris Tamarit,ESP,M,1,2025,2025,3,0:00:37.35,0:00:46.60,0:03:03.65,-,-,-,-,-,-,-,-
Mike Moore,USA,M,15,2011,2025,48,0:00:15.64,-,0:01:12.80,0:07:19.00,0:23:30.00,-,-,-,0:00:29.75,-,-
Pavel Matula,CZE,M,2,2025,2026,14,0:00:20.91,0:00:34.19,0:01:31.03,0:08:33.00,-,-,-,-,0:01:56.81,-,-
Steven Karschnia,Unknown,M,1,2014,2014,2,0:00:32.90,-,0:01:54.50,-,-,-,-,-,-,-,-
Fiona Verscheure,BEL,F,1,2026,2026,17,0:00:19.97,0:00:36.28,0:01:33.62,-,-,-,-,-,0:01:49.09,-,-
Curt Hoffman,Unknown,M,1,1997,1997,2,-,-,0:01:07.40,0:06:03.00,-,-,-,-,-,-,-
Daniel Eaker,Unknown,M,1,2009,2009,4,0:00:19.29,-,0:01:48.25,-,-,-,-,-,0:00:34.06,-,-
Patrick Carroll,USA,M,1,2025,2025,1,-,-,-,-,0:26:25.00,-,-,-,-,-,-
David Chandler,Unknown,M,1,2004,2004,1,-,-,-,-,-,-,-,-,-,-,-
Darin Marriott,USA,M,5,1997,2001,8,0:00:14.90,-,0:01:14.20,0:05:42.50,0:18:43.00,-,-,-,0:00:32.40,-,-
Raskostova Kristina,RUS,F,1,2023,2023,3,0:00:42.34,-,0:03:03.20,-,-,-,-,-,-,-,-
Luise Chudzian,DEU,F,1,2026,2026,1,0:00:21.00,-,-,-,-,-,-,-,-,-,-
Christopher Haaser,Unknown,M,1,2013,2013,7,0:00:22.00,-,0:01:53.40,-,-,-,-,-,0:00:51.50,-,-
Dan Fitzgerald,Unknown,M,1,1993,1993,1,0:00:18.70,-,-,-,-,-,-,-,-,-,-
Bob Evans,USA,M,7,2011,2017,7,-,-,-,-,0:16:34.00,0:35:41.00,-,-,-,-,-
Yaron Davidovich,ISR,M,1,2023,2023,1,-,-,-,-,-,-,-,-,0:00:27.52,-,-
Daniel James,Unknown,M,1,2019,2019,4,-,-,-,-,-,-,-,-,-,-,-
Juliane de Vries,DEU,F,3,2023,2025,2,-,-,-,-,0:30:23.00,-,-,-,-,-,-
Jonas Eberlein,DEU,M,19,2006,2024,3,-,-,-,-,0:36:40.00,-,-,5:10:53.00,-,-,-
Sarah Breckenridge,Unknown,F,1,1988,1988,1,-,-,-,0:10:03.00,-,-,-,-,-,-,-
Tom Aulenkamp,DEU,M,1,2025,2025,3,0:00:22.54,0:00:29.42,-,-,0:29:55.00,-,-,-,-,-,-
Toon Witters,BEL,M,4,2021,2024,4,-,-,-,-,0:22:19.00,-,1:53:11.00,-,-,-,-
Orlov Vladimir,RUS,M,1,2023,2023,6,0:00:23.90,0:00:25.90,-,-,-,-,-,-,-,-,-
Joanne Dintzis,Unknown,F,5,1988,1992,3,0:00:21.90,-,-,-,-,-,-,-,-,-,-
Ben Schoenberg,Unknown,M,15,1991,2005,23,0:00:15.71,-,0:01:06.20,0:07:08.00,0:19:48.04,-,-,-,0:00:19.70,0:10:36.00,-
Talia Fortune,DEU,F,1,2025,2025,1,0:00:53.85,-,-,-,-,-,-,-,-,-,-
Aaron Olson,Unknown,M,2,1996,1997,4,0:00:17.50,-,0:01:34.00,-,-,-,-,-,-,-,-
Will Rhode,GBR,M,1,2025,2025,1,-,-,-,-,0:25:18.00,-,-,-,-,-,-
Neelraj Arjune,Unknown,M,1,2012,2012,4,0:00:22.10,-,0:01:30.00,-,-,-,-,-,-,-,-
Roni Lynn,Unknown,F,1,1992,1992,1,-,-,-,-,0:32:48.00,-,-,-,-,-,-
Sam Nerenhaus,Unknown,M,1,2006,2006,5,0:00:16.15,-,0:01:17.00,-,-,-,-,-,0:00:52.28,-,-
Draco Tong,Unknown,M,2,2023,2024,14,0:00:16.37,-,0:01:16.40,-,0:29:23.00,-,-,-,0:01:55.40,-,-
Boris de Schipper,NLD,M,1,2025,2025,1,-,-,-,-,0:23:12.00,-,-,-,-,-,-
Tim Ebersole,USA,M,8,2019,2026,17,-,-,-,0:05:47.00,0:19:45.00,0:44:32.00,1:29:56.00,-,-,-,-
Julia Snyder,Unknown,F,1,1998,1998,2,-,-,0:01:34.10,0:07:57.00,-,-,-,-,-,-,-
Harry Hirsch,DEU,M,1,2025,2025,3,0:00:24.93,0:00:40.05,-,-,-,-,-,-,-,-,-
Maggie Armstrong,Unknown,F,2,2011,2012,8,0:00:18.40,-,0:01:34.30,-,-,-,-,-,0:01:35.10,-,-
Alex Koren,Unknown,M,2,2011,2012,5,0:00:16.30,-,0:01:21.80,-,-,-,-,-,0:01:02.20,-,-
Nathan V,FRA,M,1,2025,2025,1,-,-,-,-,0:34:20.00,-,-,-,-,-,-
Jade Pallard,FRA,F,1,2025,2025,1,-,-,-,-,0:42:43.00,-,-,-,-,-,-
Simon Hodge,CAN,M,1,2008,2008,1,-,-,-,-,0:17:04.00,-,-,-,-,-,-
Isabel Cain,Unknown,F,1,2013,2013,1,0:00:44.90,-,-,-,-,-,-,-,-,-,-
Mirek Urban,POL,M,1,2015,2015,1,-,-,-,-,-,-,-,4:26:03.00,-,-,-
Markus Loehr,DEU,M,1,2025,2025,1,-,-,-,-,0:30:07.00,-,-,-,-,-,-
Pavol Hlavaty,SVK,M,1,2026,2026,11,0:00:16.91,-,0:01:22.85,0:07:31.00,-,-,-,-,0:00:35.60,-,-
Peter Morris,Unknown,M,1,2004,2004,1,-,-,-,-,-,-,-,-,0:00:44.30,-,-
Glen Ritter,Unknown,M,1,2001,2001,2,-,-,-,0:07:50.00,-,-,-,-,-,-,-
Paul Cahen,FRA,M,1,2025,2025,1,-,-,-,-,0:23:29.00,-,-,-,-,-,-
Veronika Rieckh,AUT,F,1,2023,2023,1,0:00:25.56,-,-,-,-,-,-,-,-,-,-
Derek Holm,Unknown,M,1,2015,2015,1,0:00:14.56,-,-,-,-,-,-,-,-,-,-
"Aaron Heilig, Arnav Rathi, Jean-Guy Beaudry, Sterling Franklin",Unknown,M,1,2025,2025,1,-,-,-,-,-,-,-,-,-,-,-
Jack Levy,Unknown,M,3,2009,2011,13,0:00:16.16,-,0:01:15.70,-,-,-,-,-,0:00:29.48,-,-
Jay Casper,Unknown,M,1,1992,1992,1,0:00:16.19,-,-,-,-,-,-,-,-,-,-
Albert Lucas,USA,M,43,1984,2026,27,0:00:12.00,-,0:01:00.16,0:05:27.00,0:20:39.00,-,-,3:29:04.00,0:00:15.50,-,-
Erick Mori-Quimper,Unknown,M,2,2012,2013,3,0:00:19.70,-,-,-,-,-,-,-,0:01:14.00,-,-
Derek Hahn,Unknown,M,2,2012,2013,6,0:00:24.80,-,0:01:33.50,-,-,-,-,-,-,-,-
David Tate,USA,M,3,2023,2025,13,-,-,-,-,0:23:13.00,0:48:18.00,1:49:19.00,4:07:09.00,-,-,-
Hannah Bowlin,Unknown,F,4,2010,2013,11,0:00:21.33,-,0:02:02.10,-,-,-,-,-,0:02:10.60,-,-
Arsenyev Artyom,RUS,M,1,2022,2022,4,0:00:25.54,-,0:01:47.05,-,-,-,-,-,-,-,-
Lena Knoblauch,DEU,F,1,2025,2025,1,-,-,-,-,0:44:27.00,-,-,-,-,-,-
Jordan Evans,GBR,M,6,2017,2022,37,-,-,-,-,0:18:51.00,0:39:32.00,1:26:55.00,3:34:38.00,-,-,-
Gerry Daher,Unknown,M,3,2015,2017,5,0:00:29.99,-,0:01:44.00,-,-,-,-,-,-,-,-
Jannis Wockenfub,DEU,M,1,2025,2025,1,-,-,-,-,0:36:42.00,-,-,-,-,-,-
Michelle Grossman,Unknown,F,1,1995,1995,1,0:00:32.70,-,-,-,-,-,-,-,-,-,-
Reg Bolton,GBR,M,1,1988,1988,1,-,-,-,-,-,-,-,3:45:50.00,-,-,-
Jonny Langholz,Unknown,M,2,2005,2006,3,0:00:20.00,-,-,-,-,-,-,-,0:00:57.28,-,-
Franziska Engler,DEU,F,1,2025,2025,1,-,-,-,-,0:28:53.00,-,-,-,-,-,-
Roy Fisher,Unknown,M,1,2005,2005,4,0:00:20.30,-,0:01:37.44,-,-,-,-,-,-,-,-
Kenny Cheung,AUS,M,1,2026,2026,11,0:00:17.06,0:00:18.38,0:01:36.00,-,-,-,-,-,0:00:46.75,-,-
David Lohuis,DEU,M,2,2025,2026,6,-,0:00:16.63,-,-,-,-,-,-,-,-,-
Heather Marriott,USA,F,28,1997,2024,54,0:00:18.60,-,0:01:25.37,0:06:47.00,0:23:45.00,-,-,-,0:00:36.00,-,-
Ilia Poliakov,ISR,M,3,2021,2023,11,0:00:14.98,-,-,-,-,-,-,-,0:00:29.92,-,-
Shpilevskaya Sofia,RUS,F,1,2023,2023,1,0:01:26.93,-,-,-,-,-,-,-,-,-,-
Adam Hellman,Unknown,M,1,2019,2019,3,-,-,-,-,-,-,-,-,-,-,-
Katie Stern,Unknown,F,1,1998,1998,2,0:00:22.30,-,0:01:46.00,-,-,-,-,-,-,-,-
Hayley Fix,USA,F,2,1999,2000,3,0:00:14.48,-,0:01:49.00,-,-,-,-,-,-,-,-
"Stijn Westerbeek, Marijn, Luuk Hofmeijer, Karel Schuller",NLD,M,1,2026,2026,1,-,-,-,-,-,-,-,-,-,-,-
Chris Sutton,Unknown,M,1,2002,2002,2,-,-,0:01:24.70,-,-,-,-,-,-,-,-
Cajus Fahrenkamp,DEU,M,1,2025,2025,5,0:00:16.17,0:00:24.48,0:01:16.85,-,0:23:46.00,-,-,-,0:01:09.35,-,-
Eugene Petkevich,POL,M,4,2023,2026,7,0:00:20.22,0:00:52.09,0:01:34.60,-,-,-,-,-,-,-,-
Ada Van Stralen,NLD,F,1,2025,2025,1,-,-,-,-,0:45:12.00,-,-,-,-,-,-
Shimon Levikov,DEU,M,2,2025,2026,18,0:00:14.00,0:00:17.55,0:01:09.09,0:06:33.00,0:23:37.00,-,-,-,0:00:49.47,-,-
Joe Lyons,Unknown,M,4,1991,1994,4,0:00:14.52,-,-,0:06:13.66,0:22:09.20,-,-,-,-,-,-
Viola Radmoser,DEU,F,1,2023,2023,1,-,-,-,-,-,-,-,-,0:01:05.14,-,-
Michaela Kluh,DEU,F,1,2026,2026,9,0:00:46.81,-,0:03:07.84,0:13:43.00,-,-,-,-,-,-,-
Eva Hadjiyanis,Unknown,F,1,2017,2017,2,0:00:29.90,-,0:01:59.60,-,-,-,-,-,-,-,-
Cindy Hout,Unknown,F,4,1992,1995,4,0:00:28.70,-,0:02:14.00,-,-,-,-,-,-,-,-
Muffy Roy,Unknown,F,5,2002,2006,2,-,-,0:03:05.00,-,-,-,-,-,-,-,-
Charles Schweitzer,USA,M,11,2001,2011,3,-,-,0:01:57.85,0:08:18.00,0:17:57.40,-,-,-,-,-,-
Co Stuifbergen,NLD,M,1,2026,2026,1,-,-,-,0:08:07.00,-,-,-,-,-,-,-
Artur Witek,POL,M,1,2023,2023,1,-,-,0:01:20.44,-,-,-,-,-,-,-,-
Nathan Seedfeldt,Unknown,M,2,2000,2001,5,0:00:14.00,-,0:01:12.24,-,-,-,-,-,0:00:25.47,-,-
Laura Schroeder,Unknown,F,6,2012,2017,18,0:00:18.50,-,0:01:33.00,-,-,-,-,-,0:01:28.30,-,-
Andrew Widmann,Unknown,M,1,2025,2025,2,-,-,-,-,-,-,-,-,-,-,-
Reggie L,GBR,M,1,2022,2022,1,-,-,-,-,0:38:28.00,-,-,-,-,-,-
Grace Boatman,Unknown,F,1,2011,2011,3,-,-,-,-,-,-,-,-,0:01:14.20,-,-
Heather Thompson,USA,F,1,2024,2024,1,-,-,-,-,0:35:22.00,-,-,-,-,-,-
Jaye Butler,Unknown,F,2,2000,2001,4,-,-,0:02:55.95,-,-,-,-,-,-,-,-
Samuel Bastida,NZL,M,1,2026,2026,2,-,-,-,0:09:44.00,-,-,-,-,-,-,-
Izaak Jolin,Unknown,M,2,2018,2019,8,0:00:19.78,-,0:01:42.70,-,-,-,-,-,-,-,-
Reid Johnson,Unknown,M,2,2011,2012,9,0:00:16.00,-,0:01:15.70,-,-,-,-,-,0:00:36.20,-,-
Zoe Roy,Unknown,F,5,2002,2006,5,-,-,0:02:13.00,-,-,-,-,-,-,-,-
Ruth Groene,DEU,F,2,2025,2026,14,0:00:24.78,-,0:01:53.41,0:09:55.00,0:28:51.00,-,-,-,-,-,-
Ulezlo Elvira,RUS,F,1,2021,2021,5,-,-,-,-,-,-,-,-,-,-,-
Mike Monson,Unknown,M,5,2004,2008,16,0:00:16.10,-,0:01:18.00,-,-,-,-,-,-,-,-
Richard Courter,Unknown,M,2,1992,1993,2,-,-,0:01:09.51,-,-,-,-,-,-,-,-
Julian Tam,Unknown,M,2,2016,2017,2,-,-,-,-,0:23:22.00,-,-,-,-,-,-
Justin Sheldon,Unknown,M,2,2024,2025,10,0:00:24.77,-,0:02:22.23,-,-,-,-,-,0:01:15.42,-,-
Nathan Nard,Unknown,M,3,2023,2025,9,0:00:16.42,-,0:01:10.83,0:05:39.04,0:19:49.15,-,-,-,-,-,-
Owen Morse,USA,M,5,1986,1990,8,0:00:11.68,-,0:00:57.40,-,0:20:27.40,-,-,-,0:00:13.80,-,-
Jackie Erickson,Unknown,M,1,2023,2023,1,0:00:47.10,-,-,-,-,-,-,-,-,-,-
Greg Philips,Unknown,M,5,2015,2019,3,-,-,-,-,0:25:05.00,-,-,-,-,-,-
Saskia Bershinski,DEU,F,2,2025,2026,2,-,-,-,0:11:24.00,0:40:29.00,-,-,-,-,-,-
Paul Ballard,Unknown,M,14,1989,2002,4,0:00:20.60,-,0:01:35.60,-,0:20:50.00,-,-,-,-,-,-
Todd McLeish,Unknown,M,1,1987,1987,2,0:00:14.89,-,-,0:05:26.74,-,-,-,-,-,-,-
Greg Meehan,Unknown,M,1,2010,2010,1,0:00:18.80,-,-,-,-,-,-,-,-,-,-
Gandalf Bondimir,SVK,M,1,2026,2026,3,-,0:00:31.44,0:01:40.29,-,-,-,-,-,-,-,-
John Handy Bosma,USA,M,3,2023,2025,3,-,-,-,-,-,-,-,6:46:21.60,-,-,-
Tamino Larisch,DEU,M,2,2025,2026,25,0:00:14.87,0:00:16.94,0:01:12.93,-,0:22:03.00,-,-,-,0:00:20.94,-,-
David Harrison,GBR,M,1,2024,2024,3,-,-,-,-,0:46:35.00,-,-,-,-,-,-
Gabriele Renned,DEU,F,1,2025,2025,1,-,-,-,-,1:08:20.00,-,-,-,-,-,-
Garrett Borawski,Unknown,M,1,2018,2018,6,0:00:16.18,-,0:01:15.40,-,-,-,-,-,0:01:34.00,-,-
Sake Roelofs,NLD,M,1,2025,2025,2,0:00:24.23,-,0:01:34.42,-,-,-,-,-,-,-,-
"Kayla Malmgren, Zoe Prawda, Ingrid Vukusic, Kelly Macklin",Unknown,F,1,2025,2025,1,-,-,-,-,-,-,-,-,-,-,-
Christopher van Hoomissen,Unknown,M,2,2015,2016,7,0:00:13.99,-,0:01:17.00,-,-,-,-,-,0:00:42.63,-,-
Nevio Krawowski,DEU,M,1,2025,2025,3,0:00:25.73,0:00:24.35,0:01:59.03,-,-,-,-,-,-,-,-
Deulina Kristina,RUS,F,1,2023,2023,4,0:00:53.23,0:00:50.74,0:02:56.20,-,-,-,-,-,-,-,-
Marion Caldwell,Unknown,F,2,1996,1997,5,0:00:26.20,-,0:01:37.60,0:07:35.00,0:26:57.00,-,-,-,-,-,-
Cameron Ridder,Unknown,M,1,2001,2001,1,-,-,-,-,-,-,-,-,-,-,-
Kyle Barrett,Unknown,M,1,2006,2006,4,-,-,0:01:23.00,-,0:21:25.00,-,-,-,-,-,-
Eric Reinhart,Unknown,M,3,2013,2015,6,0:00:14.99,-,0:01:38.00,-,-,-,-,-,0:00:54.03,-,-
Megan McDougall,AUS,F,1,2025,2025,1,-,-,-,-,0:28:25.00,-,-,-,-,-,-
Eivind Dragsjo,NOR,M,1,2025,2025,1,-,-,-,-,0:21:51.00,-,-,-,-,-,-
Kelly Macklin,Unknown,F,1,2025,2025,1,0:00:41.16,-,-,-,-,-,-,-,-,-,-
Joshua edleman,Unknown,M,1,1999,1999,2,-,-,0:01:16.00,-,0:24:57.00,-,-,-,-,-,-
Yvon Tourigny,Unknown,M,1,1983,1983,1,0:00:14.83,-,-,-,-,-,-,-,-,-,-
Leo Ostenrath,DEU,M,1,2026,2026,1,-,-,-,-,-,-,-,-,-,-,-
Nestor Koktysz,POL,M,1,2023,2023,1,-,-,0:02:04.58,-,-,-,-,-,-,-,-
Matt Gifford,Unknown,M,1,2009,2009,3,0:00:16.03,-,0:01:31.68,-,-,-,-,-,-,-,-
Paul Adam,DEU,M,1,2026,2026,4,0:00:17.69,0:00:21.78,-,-,-,-,-,-,-,-,-
David Groth,Unknown,M,1,1997,1997,1,-,-,-,0:07:35.00,-,-,-,-,-,-,-
Chris Laco,Unknown,M,1,2002,2002,3,0:00:16.50,-,0:01:20.90,-,-,-,-,-,-,-,-
Jerome Ellis,USA,M,1,1986,1986,1,0:00:13.00,-,-,-,-,-,-,-,-,-,-
Jim Shellard,Unknown,M,1,1993,1993,1,-,-,-,0:06:25.00,-,-,-,-,-,-,-
Bronwyn Neeser,Unknown,F,1,2004,2004,3,0:00:17.74,-,0:01:29.90,-,-,-,-,-,0:01:35.00,-,-
Davld Pavlove Cunsolo,Unknown,M,1,2020,2020,3,-,-,-,-,-,-,-,-,0:00:30.20,-,-
Lonne Peters,DEU,F,1,2025,2025,1,-,-,-,-,-,-,-,-,-,-,-
Mark Jolin,Unknown,M,2,2018,2019,8,-,-,0:01:53.70,-,0:36:02.00,-,-,-,-,-,-
Gay Shope,Unknown,F,1,2010,2010,1,0:01:22.30,-,-,-,-,-,-,-,-,-,-
Valentin Bolognini,Unknown,M,1,2021,2021,3,0:00:21.00,-,-,-,-,-,-,-,-,-,-
Chuck Worrell,Unknown,M,1,1994,1994,1,-,-,-,0:09:10.00,-,-,-,-,-,-,-
Mary Holgin,Unknown,F,1,1998,1998,2,-,-,0:01:48.50,0:08:14.00,-,-,-,-,-,-,-
Johan Swartvagher,FRA,M,1,2024,2024,1,-,-,-,-,-,-,-,-,-,-,-
Jamie Cordes,Unknown,M,1,1992,1992,1,0:00:21.20,-,-,-,-,-,-,-,-,-,-
Alexander Armbruster,DEU,M,1,2023,2023,1,0:00:14.74,-,-,-,-,-,-,-,-,-,-
Jekaterina Lissovskaja,EST,F,1,2026,2026,1,0:00:33.31,-,-,-,-,-,-,-,-,-,-
Sean McLoughlin,Unknown,M,1,1982,1982,2,-,-,-,0:05:15.94,0:19:00.00,-,-,-,-,-,-
Laura Shub,Unknown,F,2,2023,2024,2,0:00:41.68,-,-,-,-,-,-,-,-,-,-
Laura Provance,Unknown,F,1,1997,1997,3,0:00:18.60,-,0:01:33.00,0:09:10.00,-,-,-,-,-,-,-
Mark Dudek,Unknown,M,1,2013,2013,2,-,-,0:01:37.20,-,-,-,-,-,-,-,-
Eric Promislow,Unknown,M,1,1988,1988,1,-,-,-,-,0:23:21.00,-,-,-,-,-,-
Riley McLincha,USA,M,27,1997,2023,12,0:00:34.56,-,0:02:40.80,0:08:44.00,0:26:20.00,0:47:45.00,2:12:42.00,5:21:12.00,-,-,-
Luca Pferdmenges,DEU,M,2,2025,2026,22,0:00:15.00,0:00:17.15,0:01:21.69,-,-,-,-,-,0:00:20.27,-,-
Shane Kaseman,Unknown,M,1,2019,2019,2,-,-,-,-,-,-,-,-,-,-,-
Alda Moettus,Unknown,F,5,2011,2015,2,0:00:56.99,-,-,-,-,-,-,-,-,-,-
Jonathan Root,Unknown,M,1,2025,2025,3,0:00:29.12,-,-,-,-,-,-,-,0:01:47.30,-,-
John Zaleskie,Unknown,M,1,1994,1994,1,-,-,0:01:05.30,-,-,-,-,-,-,-,-
Florian Veenendoaluz,NLD,M,1,2025,2025,1,-,-,-,-,0:39:22.00,-,-,-,-,-,-
Colin Kulstad,Unknown,M,1,2006,2006,3,0:00:20.00,-,0:01:59.00,-,-,-,-,-,-,-,-
Ting-En Chang,TWN,M,1,2023,2023,1,-,-,-,-,0:33:59.00,-,-,-,-,-,-
Onur Erdem,TUR,M,4,2023,2026,7,-,-,0:01:24.53,0:07:48.00,0:38:29.00,-,-,-,-,-,-
Carl Turner,CAN,M,1,2025,2025,1,-,-,-,-,-,-,2:18:58.00,-,-,-,-
Lana Bolin,USA,F,8,1999,2006,8,0:00:14.96,-,0:01:17.69,0:06:49.28,-,-,-,-,-,-,-
Nati Tuppen,GBR,F,1,2021,2021,2,-,-,-,-,0:35:30.00,-,-,-,-,-,-
Anezka Houhova,CZE,F,1,2025,2025,2,0:00:21.67,-,0:01:33.54,-,-,-,-,-,-,-,-
Vlad Benesu,ROU,M,1,2025,2025,1,-,-,-,-,0:30:56.00,-,-,-,-,-,-
Dylan Waickman,Unknown,M,3,2010,2012,14,0:00:14.20,-,0:01:08.50,-,-,-,-,-,0:01:02.40,-,-
Tim Mauk,Unknown,M,1,2007,2007,1,-,-,-,-,-,-,-,-,-,-,-
Ivan Schleppenbach,USA,M,7,2013,2019,9,-,-,-,-,-,-,1:36:15.00,3:28:29.00,-,-,-
Michael Mazur,Unknown,M,3,2011,2013,6,0:00:32.00,-,0:02:06.40,-,-,-,-,-,-,-,-
"Jan Zdunkiewicz, Dominik Biel, Jowita Nowogrodzka-Ligeza, Krzysztof Riewold",POL,Mixed,1,2026,2026,1,-,-,-,-,-,-,-,-,-,-,-
Henry Roessner,USA,M,5,2022,2026,4,-,-,-,-,-,1:08:07.00,2:36:38.00,4:30:52.00,-,-,-
Marvin Kuster,DEU,M,1,2025,2025,3,0:00:16.81,-,0:01:29.53,-,-,-,-,-,0:00:53.42,-,-
Jason Noyes,Unknown,M,1,2017,2017,4,-,-,0:01:31.60,-,0:26:15.00,-,-,-,-,-,-
Timmy Boas,Unknown,M,1,2002,2002,1,-,-,-,-,0:25:57.00,-,-,-,-,-,-
Luca Malzahn,DEU,M,1,2025,2025,1,0:00:18.42,-,-,-,-,-,-,-,-,-,-
Fabian Knieps,DEU,M,1,2025,2025,3,0:00:19.10,0:00:38.27,0:01:53.23,-,-,-,-,-,-,-,-
Kaylyn Schull,Unknown,F,4,2021,2024,17,0:00:22.11,-,0:01:38.00,0:09:35.00,-,-,-,-,-,-,-
Chris Hooper,USA,M,1,2013,2013,1,-,-,-,-,0:26:21.50,-,-,-,-,-,-
Matt Diffee,USA,M,1,2004,2004,1,-,-,0:01:02.50,-,-,-,-,-,-,-,-
Paul Williamson,Unknown,M,2,1992,1993,2,0:00:17.40,-,-,-,-,-,-,-,-,-,-
Kanoa Lindiwe,USA,M,2,2024,2025,7,-,0:00:24.47,-,-,-,-,-,-,0:00:38.73,-,-
Mara Moettus,USA,F,2,2010,2011,5,0:00:19.16,-,0:01:57.30,-,-,-,-,-,0:01:38.00,-,-
Sebastian Siwiec,POL,M,1,2023,2023,2,0:00:14.14,-,0:01:14.22,-,-,-,-,-,-,-,-
Ely Doan,Unknown,M,5,2014,2018,13,0:00:19.99,-,0:01:19.80,-,0:23:52.00,-,-,-,-,-,-
Robbe Mertens,BEL,M,1,2025,2025,4,0:00:39.54,0:00:17.35,0:01:14.67,-,0:24:37.00,-,-,-,-,-,-
Quest Crothers,Unknown,M,1,2022,2022,2,-,-,-,-,-,-,-,-,-,-,-
Guy Robinson,USA,M,1,2024,2024,1,-,-,-,-,-,-,-,-,-,-,-
Caleb Williams,USA,M,3,2021,2023,3,-,-,-,0:04:36.80,-,-,-,-,-,-,-
Josef Komissar,USA,M,1,2023,2023,1,-,-,0:01:19.64,-,-,-,-,-,-,-,-
Ricky Harr,Unknown,M,6,2005,2010,5,0:00:15.81,-,-,-,-,-,-,-,0:00:45.12,-,-
Chris Essick,USA,M,8,2001,2008,11,0:00:12.72,-,0:01:00.60,-,-,-,-,-,-,-,-
Ferda Tekgul,TUR,M,6,2017,2022,14,-,-,-,-,-,0:48:21.00,-,-,-,-,-
Lauren Rice,Unknown,F,1,2006,2006,4,0:00:20.70,-,0:01:29.00,-,-,-,-,-,0:01:14.38,-,-
Friederike Kraaz,DEU,F,1,2025,2025,1,-,-,-,-,0:29:14.00,-,-,-,-,-,-
Tim Van,NLD,M,1,2025,2025,1,-,-,-,-,0:28:23.00,-,-,-,-,-,-
Larry Boehmer,Unknown,M,1,1995,1995,1,0:00:19.20,-,-,-,-,-,-,-,-,-,-
Anna Sophia Martin,DEU,F,1,2025,2025,1,-,-,-,-,0:37:08.00,-,-,-,-,-,-
Erica Liddle,Unknown,F,1,2013,2013,1,0:00:21.20,-,-,-,-,-,-,-,-,-,-
Corey Connors,Unknown,M,1,1999,1999,2,0:00:17.50,-,0:01:24.00,-,-,-,-,-,-,-,-
Dean Radcliffe,USA,M,1,2019,2019,1,-,-,-,-,0:25:10.00,-,-,-,-,-,-
Nick Leonardi,Unknown,M,1,2025,2025,4,0:00:32.33,-,0:01:46.24,0:09:43.62,0:42:13.78,-,-,-,-,-,-
Michel Lauziere,CAN,M,3,1981,1983,8,0:00:14.63,-,-,0:05:25.00,0:20:09.00,-,1:19:00.00,3:57:00.00,-,-,-
Mickael Le Marquer,FRA,M,1,2025,2025,1,-,-,-,-,0:27:40.00,-,-,-,-,-,-
Nicholas Boffa,Unknown,M,1,2021,2021,2,0:00:22.90,-,-,-,-,-,-,-,-,-,-
Lars Clauss,DEU,M,1,2025,2025,1,-,-,-,-,0:22:36.00,-,-,-,-,-,-
Kirt Albrecht,Unknown,M,2,2017,2018,4,0:00:28.38,-,0:02:17.50,-,-,-,-,-,-,-,-
Carlos Nieves,Unknown,M,1,2004,2004,2,0:00:20.50,-,0:01:53.70,-,-,-,-,-,-,-,-
Arnav Rathi,Unknown,M,1,2025,2025,7,0:00:20.76,-,0:01:22.41,0:07:06.67,0:29:15.00,-,-,-,0:01:40.99,-,-
Joseph Hout,Unknown,M,4,1993,1996,4,0:00:20.90,-,-,-,-,-,-,-,-,-,-
Fabian Fehlhaber,DEU,M,3,2023,2025,2,-,-,-,-,0:22:55.00,-,-,-,-,-,-
Peter Zaitsev,RUS,M,1,2021,2021,5,-,-,-,-,-,-,-,-,-,-,-
Ivan Hernandez,Unknown,M,1,1995,1995,1,0:00:28.70,-,-,-,-,-,-,-,-,-,-
Thomas Killus,DEU,M,1,2026,2026,5,-,0:00:20.00,-,-,-,-,-,-,-,-,-
Rebecca Moore,Unknown,F,1,2017,2017,3,0:00:30.31,-,0:01:28.50,-,-,-,-,-,-,-,-
Jonathan Austin,USA,M,2,2023,2024,3,-,-,-,-,-,0:51:15.00,1:51:26.00,-,-,-,-
Max Schlech,Unknown,M,1,2015,2015,2,0:00:16.58,-,-,-,-,-,-,-,0:00:52.37,-,-
Shpilevsky Vyacheslav,RUS,M,1,2023,2023,1,-,0:00:43.34,-,-,-,-,-,-,-,-,-
Thomas Dietz,DEU,M,6,2013,2018,7,0:00:15.40,-,0:01:09.00,-,-,-,-,-,0:00:21.50,-,-
Dan Rosenthal,Unknown,M,1,2005,2005,2,0:00:23.90,-,-,-,-,-,-,-,-,-,-
Chiuatsu Doi,JPN,F,1,2025,2025,1,-,-,-,-,-,-,-,-,-,-,-
Caleb Black,Unknown,M,6,2018,2023,18,0:00:18.14,-,0:01:38.90,0:19:47.00,-,-,-,-,0:01:01.40,-,-
Aaron Scott,USA,M,2,2019,2020,6,-,-,-,0:05:21.00,0:17:47.00,-,-,-,-,-,-
Kelsey Harr,Unknown,F,4,2006,2009,3,0:00:21.59,-,0:01:53.00,-,-,-,-,-,-,-,-
Nick Matsakis,Unknown,M,1,1993,1993,1,-,-,-,0:07:24.00,-,-,-,-,-,-,-
Iunya Inoue,JPN,M,1,2023,2023,1,-,-,-,-,0:30:16.00,-,-,-,-,-,-
Johanna Knauf,DEU,F,1,2025,2025,1,-,-,-,-,0:43:19.00,-,-,-,-,-,-
"Tamara Maul, Thomas Killus, Clariss Widder, Verena Rau",DEU,Mixed,1,2026,2026,1,-,-,-,-,-,-,-,-,-,-,-
David Mlakar,Unknown,M,2,2010,2011,7,0:00:15.21,-,0:01:12.80,-,-,-,-,-,0:00:46.00,-,-
Chris Garcia,Unknown,M,1,2010,2010,4,0:00:15.50,-,-,-,0:23:52.00,-,-,-,0:01:15.30,-,-
George Faust,Unknown,M,1,1997,1997,2,-,-,0:01:17.20,-,0:23:14.00,-,-,-,-,-,-
Colin Bevis,Unknown,M,1,2012,2012,3,-,-,0:01:09.80,-,-,-,-,-,-,-,-
Christina-Anna Senser,DEU,F,4,2023,2026,23,0:00:18.29,0:00:22.35,0:01:33.63,-,-,-,-,-,0:00:43.91,-,-
David Pavlove Cunsolo,Unknown,M,6,2016,2021,27,0:00:16.50,-,0:01:31.60,-,0:30:17.00,-,-,-,0:00:49.94,-,-
Florian Huber,DEU,M,1,2023,2023,2,-,-,0:01:17.80,-,-,-,-,-,0:00:28.76,-,-
Emily Beaver,USA,F,1,2013,2013,1,-,-,-,0:05:58.00,-,-,-,-,-,-,-
Kelsey Deutch,Unknown,F,5,1997,2001,3,0:00:18.80,-,0:01:34.10,-,-,-,-,-,-,-,-
Natascha Ilgin,DEU,F,1,2026,2026,4,0:00:17.83,-,-,-,-,-,-,-,-,-,-
Rain Pierce,Unknown,M,1,2023,2023,3,0:00:20.28,-,0:01:45.20,-,-,-,-,-,-,-,-
Tom Gounley,USA,M,1,2012,2012,1,-,-,-,-,-,-,-,3:52:33.00,-,-,-
Summer Cooper,USA,F,2,2023,2024,3,-,-,0:01:33.90,-,0:22:48.00,-,-,-,-,-,-
Kiryushkin Anton,RUS,M,1,2021,2021,3,-,-,-,-,-,-,-,-,-,-,-
Mark Branner,Unknown,M,1,1990,1990,1,-,-,-,0:05:38.20,-,-,-,-,-,-,-
Ryan Himmel,USA,M,1,2022,2022,1,-,-,-,-,0:25:23.00,-,-,-,-,-,-
Ryan Gerrity,Unknown,M,3,2013,2015,5,-,-,0:01:16.60,-,-,-,-,-,-,-,-
Hugo Segoufin-Chollet,FRA,M,1,2025,2025,1,-,-,-,-,0:34:40.00,-,-,-,-,-,-
Meagan Nouis,Unknown,F,4,2010,2013,8,0:00:21.50,-,0:01:43.00,-,-,-,-,-,0:01:35.60,-,-
Magnus Brannies,DEU,M,1,2025,2025,1,-,-,-,-,1:24:52.00,-,-,-,-,-,-
Jerry Battenfield,Unknown,M,5,1997,2001,3,0:00:23.90,-,-,-,-,-,-,-,-,-,-
Daniel Hout,Unknown,M,5,1991,1995,6,0:00:19.52,-,-,-,-,-,-,-,0:00:52.90,-,-
Kevin Niittyviita,FIN,M,2,2025,2026,20,0:00:16.37,0:00:16.85,0:01:11.79,0:05:37.00,-,-,-,-,0:00:20.28,-,-
Leander Weise,DEU,M,1,2026,2026,1,-,-,-,0:08:08.00,-,-,-,-,-,-,-
Perevalova Tatyana,RUS,F,1,2023,2023,4,0:00:26.29,0:00:50.04,-,-,-,-,-,-,-,-,-
Scott Dudek,Unknown,M,1,2013,2013,4,0:00:18.90,-,0:01:31.50,-,-,-,-,-,0:02:53.50,-,-
John Phipps,Unknown,M,1,1993,1993,1,0:00:31.20,-,-,-,-,-,-,-,-,-,-
Ricco Visser,ZAF,M,1,2024,2024,1,-,-,-,-,-,0:48:30.00,-,-,-,-,-
Fabian Faisst,DEU,M,1,2026,2026,2,0:00:25.97,-,0:01:50.56,-,-,-,-,-,-,-,-
Samuel Tittelein,FRA,M,2,2025,2026,13,0:00:14.94,0:00:19.60,0:01:14.25,0:07:26.00,0:27:04.00,-,-,-,-,-,-
Jessie Fahey,NZL,F,1,2026,2026,1,-,-,-,0:12:24.00,-,-,-,-,-,-,-
Ben Fry,Unknown,M,10,2009,2018,12,0:00:14.62,-,0:01:05.00,-,-,-,-,-,0:00:52.13,-,-
Stijn Westerbeek,NLD,M,2,2025,2026,16,0:00:13.97,0:00:16.01,0:01:02.43,0:05:21.00,0:19:06.00,-,-,-,0:00:29.86,-,-
Michael Yoon,Unknown,M,1,2017,2017,3,0:00:25.56,-,0:01:58.60,-,-,-,-,-,0:00:59.94,-,-
kaupo Pilder,EST,M,1,2023,2023,1,-,-,-,-,0:24:55.00,-,-,-,-,-,-
Tom Sparough,Unknown,M,8,1987,1994,5,0:00:13.90,-,-,-,-,-,-,-,0:00:48.50,-,-
Brendan Cogan,Unknown,M,1,2010,2010,1,0:00:28.60,-,-,-,-,-,-,-,-,-,-
Tingaev Stanislav,RUS,M,1,2023,2023,6,0:00:44.90,0:00:37.86,-,-,-,-,-,-,-,-,-
Matteo Sicamois,ITA,M,1,2026,2026,4,0:00:16.59,-,0:01:33.56,-,-,-,-,-,-,-,-
Ty Evans,Unknown,M,1,2011,2011,3,0:00:24.27,-,0:01:52.50,-,-,-,-,-,-,-,-
Greg Warrington,Unknown,M,1,2007,2007,4,-,-,0:01:14.91,-,0:24:34.00,-,-,-,0:00:57.19,-,-
Nick Thomas,Unknown,M,3,2013,2015,12,0:00:15.75,-,0:01:25.80,-,-,-,-,-,0:00:24.71,-,-
Travis Saunders,CAN,M,11,1997,2007,7,0:00:13.22,-,0:01:00.46,-,0:17:05.00,-,-,-,-,-,-
Sean Carney,USA,M,16,2010,2025,5,0:00:24.98,-,-,-,0:26:43.00,-,-,-,-,-,-
Jacob Cowan,Unknown,M,1,2025,2025,5,0:00:24.84,-,0:01:14.63,0:06:45.90,-,-,-,-,0:00:46.88,-,-
Ralph Kidner,GBR,M,18,2008,2025,17,-,-,-,0:08:42.20,0:25:37.00,1:00:29.00,-,4:37:31.00,-,-,-
Benjamin Balbeur,BEL,M,1,2025,2025,3,-,-,-,-,0:20:28.00,-,1:22:59.00,2:47:52.00,-,-,-
Joanne Swaim,Unknown,F,9,1991,1999,12,0:00:18.60,-,0:01:39.00,-,-,-,-,-,0:01:14.00,-,-
Mark Cembrowski,Unknown,M,1,2000,2000,1,-,-,0:01:14.59,-,-,-,-,-,-,-,-
Chris Merra,Unknown,M,1,2011,2011,2,-,-,-,-,0:21:41.40,-,-,-,-,-,-
Joe Kara,AUS,M,2,2025,2026,10,0:00:16.35,0:00:20.53,0:01:11.78,0:06:46.00,-,-,-,-,-,-,-
Tyler Wishau,USA,M,12,2007,2018,23,0:00:13.90,-,0:01:03.60,-,0:17:08.00,-,1:25:10.00,-,0:01:05.00,-,-
Rachel Stern,Unknown,F,1,1999,1999,2,0:00:28.50,-,0:02:28.00,-,-,-,-,-,-,-,-
Sean McKinney,Unknown,M,1,1993,1993,1,-,-,0:01:07.10,-,-,-,-,-,-,-,-
Will Howard,USA,M,36,1991,2026,3,-,-,0:01:46.13,0:04:42.00,-,-,-,-,-,-,-
Dana Giuglielmo,USA,F,2,2013,2014,2,-,-,-,-,0:20:40.00,-,1:35:03.00,-,-,-,-
Andy Shue,Unknown,M,1,2018,2018,2,-,-,-,-,-,-,-,-,-,-,-
Mickey Campaniello,Unknown,M,12,1986,1997,4,-,-,-,0:05:48.00,0:19:20.80,-,-,-,-,-,-
Andrew Swan,Unknown,M,15,1996,2010,58,0:00:14.80,-,0:01:05.40,0:05:51.00,0:23:21.00,-,-,-,0:00:43.50,-,-
Colin Francome,GBR,M,29,1983,2011,3,-,-,-,-,-,-,-,-,-,-,-
Eric Raivo,Unknown,M,12,2013,2024,10,0:00:45.87,-,-,-,0:26:09.00,-,-,-,0:00:46.30,-,-
Simeon Doetsch,DEU,M,2,2025,2026,10,0:00:17.00,0:00:25.81,0:01:24.44,0:07:05.00,0:25:09.00,-,-,-,0:02:30.66,-,-
Kyle Albrecht,USA,M,3,2017,2019,13,0:00:15.54,-,0:01:15.40,-,-,-,-,-,0:00:28.85,-,-
Noam G.W,DEU,M,1,2025,2025,1,-,-,-,-,0:27:52.00,-,-,-,-,-,-
Gopi Devarajulu,IND,M,1,2021,2021,1,-,-,-,-,-,1:15:33.00,-,-,-,-,-
Franz Roos,CHE,M,3,1995,1997,3,0:00:17.10,-,0:00:56.06,-,-,-,-,-,-,-,-
Joey Silknitter,USA,M,2,2024,2025,2,-,-,-,-,-,-,-,-,-,-,-
Peter Rottenbach,DEU,M,7,2019,2025,7,0:00:21.54,-,0:01:35.82,-,0:28:36.00,0:58:45.00,-,-,-,-,-
Kyle Hahn,Unknown,M,1,2015,2015,3,0:00:18.99,-,0:01:28.30,-,-,-,-,-,-,-,-
Griffin Kelley,Unknown,M,1,2011,2011,3,0:00:32.80,-,0:01:05.70,-,-,-,-,-,0:00:43.94,-,-
Sam Lowenburg,Unknown,M,1,2013,2013,2,0:00:33.30,-,0:02:10.70,-,-,-,-,-,-,-,-
David Quint,USA,M,2,2015,2016,2,-,-,-,-,-,-,2:25:15.00,-,-,-,-
Michael Nance,Unknown,M,2,1992,1993,2,0:00:14.64,-,-,-,-,-,-,-,-,-,-
Larry Kluger,Unknown,M,30,1981,2010,2,-,-,-,-,0:21:09.00,-,-,-,-,-,-
Karly Swaim,USA,F,8,2019,2026,66,0:00:20.84,0:00:26.74,0:01:40.59,0:08:00.00,0:27:39.00,-,2:24:01.00,-,0:03:46.40,-,-
Randy Papple,CAN,M,1,2015,2015,1,-,-,-,-,0:24:27.00,-,-,-,-,-,-
Jack Denger,USA,M,2,2011,2012,7,-,-,0:01:28.70,-,-,-,-,-,0:00:27.15,-,-
Thomas Boiteux,FRA,M,1,2023,2023,1,-,-,0:01:14.70,-,-,-,-,-,-,-,-
Marty Gardella,Unknown,M,5,1982,1986,2,-,-,-,0:05:44.00,0:18:47.95,-,-,-,-,-,-
Jim Piaskowy,Unknown,M,1,1984,1984,1,-,-,-,0:05:06.95,-,-,-,-,-,-,-
Jake Lodge,GBR,M,4,2022,2025,42,0:00:16.11,-,-,0:05:55.00,0:20:11.00,0:44:00.00,1:42:20.58,-,-,-,-
Zachary Turner,Unknown,M,1,2012,2012,3,0:00:27.80,-,0:01:22.70,-,-,-,-,-,0:01:11.20,-,-
Melinda Paas,CAN,F,3,1997,1999,4,0:00:15.90,-,0:01:27.60,-,-,-,-,-,-,-,-
Donnell Griffith,USA,M,2,2024,2025,2,-,-,-,-,-,-,-,-,-,-,-
Daniel Glus,USA,M,1,2024,2024,1,-,-,-,-,-,-,-,-,-,-,-
Bryce Polito,Unknown,M,1,2015,2015,3,0:00:22.99,-,-,-,-,-,-,-,0:02:14.20,-,-
Elise Johnson,Unknown,F,2,2012,2013,6,0:00:21.40,-,0:02:10.10,-,-,-,-,-,0:01:58.80,-,-
Danny Tomaro,Unknown,M,7,2002,2008,8,-,-,0:01:37.10,-,0:25:27.00,-,-,-,-,-,-
Matt Cantrell,Unknown,M,2,1982,1983,2,0:00:15.63,-,-,-,-,-,-,-,-,-,-
Ryusuke Thu,JPN,M,1,2025,2025,1,-,-,-,-,0:38:07.00,-,-,-,-,-,-
Nicholas Souren,Unknown,M,2,2001,2002,3,-,-,0:01:07.20,-,-,-,-,-,-,-,-
James Francis,Unknown,M,1,2025,2025,4,0:00:18.11,-,0:01:27.11,-,-,-,-,-,0:01:16.82,-,-
Marlene Chudzian,DEU,F,1,2026,2026,1,0:00:29.00,-,-,-,-,-,-,-,-,-,-
Nick Showman,Unknown,M,1,2015,2015,2,0:00:24.99,-,0:01:56.40,-,-,-,-,-,-,-,-
Dorothy Finnigan,Unknown,F,12,1995,2006,15,0:00:17.70,-,0:01:33.20,-,0:35:49.00,-,-,-,0:01:26.00,-,-
Joe Gould,Unknown,M,1,2011,2011,2,-,-,0:01:27.20,-,-,-,-,-,0:01:01.40,-,-
Billy Gillen,USA,M,9,1983,1991,7,-,-,-,0:05:28.55,0:19:52.40,-,-,-,-,0:07:41.00,0:28:11.00
Emma Roschkowski,DEU,F,1,2026,2026,1,-,-,-,0:12:43.00,-,-,-,-,-,-,-
Nick Bartucci,Unknown,M,1,1996,1996,1,0:00:31.50,-,-,-,-,-,-,-,-,-,-
Altayakov Ilnur,RUS,M,1,2023,2023,1,0:00:51.00,-,-,-,-,-,-,-,-,-,-
Ryan Schultz,Unknown,M,1,2007,2007,2,0:00:33.12,-,-,-,-,-,-,-,-,-,-
Joe Dean,Unknown,M,1,1996,1996,1,0:00:17.10,-,-,-,-,-,-,-,-,-,-
Jack Hirschowitz,USA,M,28,1998,2025,81,0:00:17.63,-,0:01:24.75,0:08:10.00,0:27:33.00,1:00:01.00,2:24:16.00,4:41:17.00,0:02:02.47,-,-
Chloe Hirschowitz,USA,F,3,2007,2009,8,0:00:19.53,-,0:02:14.00,-,-,-,-,-,-,-,-
Ivo Vastre,NLD,M,1,2025,2025,1,-,-,-,-,0:26:25.00,-,-,-,-,-,-
Mark Fiore,USA,M,15,2012,2026,46,0:00:13.53,-,0:01:02.70,-,0:23:16.00,-,-,-,0:00:14.37,-,-
Tim Baird,Unknown,M,4,1997,2000,2,-,-,-,0:07:15.00,-,-,-,-,-,-,-
Mike Thomasen,Unknown,M,1,1989,1989,1,-,-,-,0:05:51.00,-,-,-,-,-,-,-
Banks Helfrich,Unknown,M,1,1985,1985,1,-,-,-,0:05:06.00,-,-,-,-,-,-,-
Sandy Amass,Unknown,F,9,1991,1999,5,0:00:20.16,-,0:02:06.00,-,-,-,-,-,0:01:50.00,-,-
Erick Sells,USA,M,3,2023,2025,2,-,-,-,-,0:26:25.00,-,-,3:32:10.00,-,-,-
Joe Otonichar,Unknown,M,1,2001,2001,2,-,-,-,-,-,-,-,-,-,-,-
Craig Wise,Unknown,M,1,2017,2017,3,-,-,-,-,0:24:48.00,-,-,-,-,-,-
Sterling Franklin,USA,M,9,2018,2026,88,0:00:13.90,-,0:01:02.40,0:05:30.00,0:19:32.00,-,1:50:06.14,-,0:00:40.46,-,-
Peter Hedberg,Unknown,M,1,2015,2015,3,0:00:18.99,-,0:01:32.90,-,-,-,-,-,-,-,-
Clarissa Widder,DEU,F,1,2026,2026,4,-,0:00:22.19,-,-,-,-,-,-,-,-,-
Craig Muhlenkamp,USA,M,7,2019,2025,14,0:00:18.20,-,0:01:21.60,0:06:54.20,0:26:17.00,-,2:00:12.00,-,-,-,-
Mark Furniss,Unknown,M,1,2015,2015,4,0:00:19.16,-,0:01:22.50,-,-,-,-,-,0:01:00.00,-,-
Nate Ycas,USA,M,1,2025,2025,1,-,-,-,-,0:38:19.00,-,-,-,-,-,-
Marion Alnek,EST,F,1,2026,2026,1,0:00:31.62,-,-,-,-,-,-,-,-,-,-
Neil Jordan,Unknown,M,8,2009,2016,17,0:00:16.78,-,0:01:19.30,0:07:24.00,-,-,-,-,-,-,-
Jake Immerman,Unknown,M,1,2002,2002,4,0:00:18.10,-,0:01:35.60,-,0:25:36.00,-,-,-,-,-,-
Austin Bruckner,Unknown,M,2,2008,2009,12,0:00:16.60,-,0:01:31.19,-,-,-,-,-,0:00:34.79,-,-
Nathan Agnew,GBR,M,1,2014,2014,1,-,-,-,-,0:27:43.00,-,-,-,-,-,-
Katie Burgess,Unknown,F,12,2014,2025,15,0:00:18.99,-,0:01:21.70,-,0:24:37.00,-,-,-,-,-,-
Cyril Pujol,FRA,M,1,2023,2023,2,-,-,0:01:17.30,-,-,-,-,-,-,-,-
Tim Hark,Unknown,M,3,2008,2010,9,0:00:14.80,-,0:01:13.00,-,-,-,-,-,0:00:34.80,-,-
Teresa Rochester,Unknown,F,1,2016,2016,2,0:01:23.80,-,0:05:02.80,-,-,-,-,-,-,-,-
Jan Haupt,DEU,M,1,2025,2025,1,-,-,-,-,0:28:35.00,-,-,-,-,-,-
Andrew Miller,USA,M,1,2024,2024,1,-,-,-,-,-,-,-,5:08:17.00,-,-,-
Yasmin Stohr,DEU,F,1,2026,2026,8,0:00:20.50,-,0:01:40.66,-,-,-,-,-,-,-,-
Shvetsov Vladislav,RUS,M,1,2021,2021,2,-,-,-,-,-,-,-,-,-,-,-
Alexander Dekhtyarev,RUS,M,1,2021,2021,5,-,-,-,-,-,-,-,-,-,-,-
Scott Jenkins,GBR,M,9,2018,2026,269,0:00:13.57,0:00:23.13,0:01:00.23,0:05:03.50,0:18:06.00,0:38:34.98,1:23:18.61,3:34:26.00,0:00:18.28,0:13:27.00,0:41:27.00
Silvia Osiek,DEU,F,3,2023,2025,5,0:00:21.08,-,0:01:47.78,-,0:44:27.00,-,-,-,0:02:48.98,-,-
David Rush,USA,M,1,2019,2019,1,-,-,-,0:07:54.00,-,-,-,-,-,-,-
Nick Pisanelli,Unknown,M,1,2017,2017,2,0:00:29.75,-,0:01:51.70,-,-,-,-,-,-,-,-
Emilia Panke,DEU,F,1,2026,2026,1,-,-,-,0:12:43.00,-,-,-,-,-,-,-
Edward Sax,Unknown,M,1,1982,1982,1,-,-,-,-,-,-,-,-,-,-,-
Dave Gedeon,Unknown,M,1,1997,1997,1,-,-,0:01:50.00,-,-,-,-,-,-,-,-
Caterina Denzler,DEU,F,1,2026,2026,13,0:00:23.40,-,0:02:08.12,-,-,-,-,-,-,-,-
Nicholas Tackis,Unknown,M,1,1992,1992,1,0:00:21.19,-,-,-,-,-,-,-,-,-,-
Robert Sandberg,Unknown,M,1,1997,1997,1,0:00:18.30,-,-,-,-,-,-,-,-,-,-
Scott Geyman,Unknown,M,4,2010,2013,5,0:00:21.40,-,-,-,-,-,-,-,0:01:15.30,-,-
Mark Kolbus,Unknown,M,5,1993,1997,6,0:00:17.10,-,0:01:08.40,0:05:46.00,0:20:50.00,-,-,-,-,-,-
KC Canter,Unknown,F,1,1989,1989,1,0:00:19.70,-,-,-,-,-,-,-,-,-,-
Cooper Williams,Unknown,M,1,2014,2014,2,-,-,-,-,-,-,-,-,-,-,-
Bekah Smith,USA,F,1,2013,2013,1,-,-,-,-,0:31:05.20,-,-,-,-,-,-
Josh Horowitz,Unknown,M,1,2021,2021,1,-,-,-,-,-,-,-,-,-,-,-
Quentin Dombro,Unknown,M,1,2009,2009,4,0:00:27.56,-,0:02:30.75,-,0:36:30.00,-,-,-,-,-,-
Brent Beebe,Unknown,M,1,1997,1997,1,0:00:18.00,-,-,-,-,-,-,-,-,-,-
Romanov Nikita,RUS,M,1,2023,2023,4,0:00:49.12,0:00:44.73,-,-,-,-,-,-,-,-,-
Jon Ong,SGP,M,1,2025,2025,1,-,-,-,-,0:32:01.00,-,-,-,-,-,-
Katie Evans,Unknown,F,1,2011,2011,3,0:00:30.23,-,0:01:59.40,-,-,-,-,-,-,-,-
Erin Warfield,Unknown,F,1,2013,2013,4,0:00:22.70,-,0:01:42.00,-,-,-,-,-,-,-,-
Tamara Maul,DEU,F,1,2026,2026,21,0:00:18.29,0:00:24.72,0:01:29.91,0:07:57.00,-,-,-,-,0:01:57.32,-,-
Keith Baker,Unknown,M,3,1994,1996,6,0:00:24.20,-,-,0:05:56.00,0:21:03.00,-,-,-,-,-,-
Tucker Weisman,Unknown,M,1,1997,1997,2,0:00:18.30,-,0:01:40.00,-,-,-,-,-,-,-,-
Matan Presberg,USA,M,1,2015,2015,4,0:00:13.16,-,-,-,-,-,-,-,0:00:24.87,-,-
Megan Hussey,Unknown,F,1,2011,2011,3,0:00:26.46,-,-,-,-,-,-,-,-,-,-
Scott Boehret,USA,M,1,2023,2023,1,-,-,-,-,-,-,1:48:43.00,-,-,-,-
Brian McAllister,Unknown,M,1,1997,1997,1,0:00:26.00,-,-,-,-,-,-,-,-,-,-
Istvan Toth,HUN,M,1,2026,2026,3,0:00:32.72,-,-,-,-,-,-,-,-,-,-
Miz Tilly,Unknown,F,1,2025,2025,1,-,-,-,-,-,-,-,-,-,-,-
Meilyr Wyn,GBR,M,1,2018,2018,1,-,-,-,-,0:31:01.00,-,-,-,-,-,-
Riley Wiklund,Unknown,M,1,2006,2006,3,0:00:14.90,-,0:01:20.00,-,-,-,-,-,-,-,-
Scott Anthony,Unknown,M,1,1997,1997,2,0:00:18.10,-,-,-,0:27:22.00,-,-,-,-,-,-
Narelle Cabassi,AUS,F,2,2023,2024,3,-,-,-,-,0:29:15.00,-,-,-,-,-,-
Nestor Sokhan,Unknown,M,1,2019,2019,2,-,-,-,-,-,-,-,-,-,-,-
Simon Herholz,DEU,M,1,2023,2023,1,0:00:25.56,-,-,-,-,-,-,-,-,-,-
Jon Bozak,Unknown,M,1,2010,2010,1,0:00:40.00,-,-,-,-,-,-,-,-,-,-
Charlie Freeman,USA,M,1,2020,2020,1,-,-,-,0:05:06.00,-,-,-,-,-,-,-
Seamus Whitford,Unknown,M,1,2015,2015,1,0:00:27.99,-,-,-,-,-,-,-,-,-,-
Verena Rau,DEU,F,4,2023,2026,11,0:00:18.69,0:00:22.23,0:01:41.91,-,-,-,-,-,0:01:01.78,-,-
Henry Wellenstein,USA,M,3,2020,2022,3,-,-,-,0:04:39.00,-,0:33:34.00,-,-,-,-,-
Terry Odom,USA,M,12,2007,2018,3,-,-,-,-,0:29:33.00,-,2:16:56.00,-,-,-,-
Jim Steffens,Unknown,M,5,1991,1995,3,0:00:14.56,-,0:01:10.90,-,-,-,-,-,-,-,-
Bence Onodi,HUN,M,1,2026,2026,3,0:00:16.68,-,-,-,-,-,-,-,0:00:21.22,-,-
John Riden,USA,M,2,2019,2020,2,-,-,-,-,0:29:16.00,-,-,-,-,-,-
Andrew Head,Unknown,M,3,1983,1985,2,-,-,-,0:05:29.00,-,-,-,-,-,-,-
Jonathan Hartford,Unknown,M,1,2001,2001,1,-,-,0:02:44.12,-,-,-,-,-,-,-,-
Eric Malikowski,Unknown,M,1,2017,2017,1,-,-,-,-,0:34:45.00,-,-,-,-,-,-
Mark Devlin,Unknown,M,1,2018,2018,2,-,-,0:02:46.40,-,-,-,-,-,-,-,-
Elias Tarantalo,Unknown,M,1,1998,1998,1,-,-,-,-,-,-,-,-,0:01:19.30,-,-
Jheng-Yu Chiu,TWN,M,1,2023,2023,2,-,-,-,-,-,-,-,-,0:00:33.12,-,-
Christian Roberto Lopez Rogriguez,ESP,M,1,2022,2022,1,0:00:15.28,-,-,-,-,-,-,-,-,-,-
John Jervis,GBR,M,7,2019,2025,11,-,-,-,-,-,0:44:37.00,-,-,-,-,-
Jay Pittman ,Unknown,M,1,1993,1993,1,-,-,-,-,0:22:34.40,-,-,-,-,-,-
Steve Otteson,Unknown,M,3,1989,1991,4,-,-,-,0:05:41.00,0:20:33.00,-,-,-,-,-,-
Laurie Young,Unknown,F,12,1988,1999,16,0:00:25.42,-,0:01:57.10,0:09:22.00,0:27:42.04,-,-,-,-,-,-
Francisco Munoz Valdes,CHL,M,1,2026,2026,12,0:00:21.69,0:00:18.41,0:01:25.41,-,-,-,-,-,0:00:40.85,-,-
Ketan Abhonkar,IND,M,3,2023,2025,17,-,-,-,-,0:42:27.00,1:03:58.00,1:55:31.00,4:59:43.00,-,-,-
Rik Konings,NLD,M,4,2023,2026,15,0:00:18.73,0:00:31.26,0:01:29.51,-,0:25:16.00,-,-,4:31:35.00,-,-,-
