Ranking,Finish Time,IAAF Points,Joggler,Gender,Nationality,Date,Event / Venue,Notes / Result Links
1,0:00:11.68,886,Owen Morse,M,USA,1989,Time Trial,https://www.guinnessworldrecords.com/world-records/fastest-100m-joggling-with-three-objects-men
2,0:00:12.00,615,Albert Lucas,M,USA,16/07/1988,"IJA, Denver",http://www.juggling.org/orgs/ija/champs.txt
3,0:00:12.72,615,Chris Essick,M,USA,17/07/2002,"IJA, Reading, Pennsylvania",https://dev.juggle.org/history/champs/champs2002.php
4,0:00:13.00,394,Jerome Ellis,M,USA,26/07/1986,"IJA, San Jose",http://www.juggling.org/orgs/ija/champs.txt
5,0:00:13.16,394,Matan Presberg,M,USA,25/07/2015,"IJA, Quebec",IJA Database
6,0:00:13.20,394,Jeff Mason,M,USA,22/07/1989,"IJA, Baltimore",http://www.juggling.org/orgs/ija/champs.txt
7,0:00:13.22,394,Travis Saunders,M,CAN,05/08/2000,"IJA, Montreal",https://dev.juggle.org/history/champs/champs2000.php
8,0:00:13.30,394,Tuey Wilson,M,USA,22/07/1989,"IJA, Baltimore",http://www.juggling.org/orgs/ija/champs.txt
9,0:00:13.39,394,Barry Goldmeier,M,USA,25/07/2015,"IJA, Quebec",http://www.juggling.org/orgs/ija/champs.txt
10,0:00:13.42,394,Mike Hout,M,USA,25/07/2015,"IJA, Quebec",http://www.juggling.org/orgs/ija/champs.txt
11,0:00:13.53,394,Mark Fiore,M,USA,09/08/2025,"European Joggling Championships 2025, EJC Arnhem",EJC results in Joggler's United Group
12,0:00:13.57,394,Scott Jenkins,M,GBR,06/08/2026,European Joggling Championships 2026 - Finals,https://drive.google.com/file/d/1qnrcWsPurOdbl_2fbmmvB_rNF_XWH7Ph/view?usp=sharing
13,0:00:13.57,394,Michael-Lucien Bergeron,M,CAN,25/07/2015,"IJA, Quebec",IJA Database
14,0:00:13.84,394,John Ellwanger,M,USA,21/07/1984,"IJA, Las Vegas",http://www.juggling.org/orgs/ija/champs.txt
15,0:00:13.90,394,Jared Janssen,M,Unknown,02/08/2014,"IJA, West Lafayette",IJA Database
16,0:00:13.90,394,Chris Lovdal,M,USA,20/07/2010,"IJA, Nevada",https://dev.juggle.org/history/champs/champs2010.php
17,0:00:13.90,394,Tyler Wishau,M,USA,20/07/2010,"IJA, Nevada",https://dev.juggle.org/history/champs/champs2010.php
18,0:00:13.90,394,David Hussey,M,Unknown,06/08/1997,"IJA, Pittsburgh",https://dev.juggle.org/history/champs/champs1997.php
19,0:00:13.90,394,Tom Sparough,M,Unknown,22/07/1989,"IJA, Baltimore",http://www.juggling.org/orgs/ija/champs.txt
20,0:00:13.90,394,Sterling Franklin,M,USA,2024,"IJA, Virtual",IJA Database
21,0:00:13.91,394,David Ferman,M,USA,14/07/2009,"IJA, Winston-Salem",https://dev.juggle.org/history/champs/champs2009.php
22,0:00:13.92,394,Dominic Lodge,M,GBR,09/08/2025,"European Joggling Championships 2025, EJC Arnhem",EJC results in Joggler's United Group
23,0:00:13.97,394,Stijn Westerbeek,M,NLD,06/08/2026,European Joggling Championships 2026 - Finals,https://drive.google.com/file/d/1qnrcWsPurOdbl_2fbmmvB_rNF_XWH7Ph/view?usp=sharing
24,0:00:13.99,394,Christopher van Hoomissen,M,Unknown,25/07/2015,"IJA, Quebec",IJA Database
25,0:00:14.00,221,Shimon Levikov,M,DEU,04/08/2026,European Joggling Championships 2026 - Day 3 Qualifying,https://drive.google.com/file/d/1XEZ6TLz2q2lpJ89CLP3F6wQBp5zFDskm/view?usp=sharing
26,0:00:14.00,221,Bryan Harris,M,Unknown,24/07/2018,"IJA, Springfield",IJA Database
27,0:00:14.00,221,Nathan Seedfeldt,M,Unknown,05/08/2000,"IJA, Montreal",https://dev.juggle.org/history/champs/champs2000.php
28,0:00:14.03,221,Trey Newsome,M,USA,18/07/2006,"IJA, Portland, Oregon",https://dev.juggle.org/history/champs/champs2006.php
29,0:00:14.10,221,Jeremy Stanley,M,Unknown,15/07/2008,"IJA, Kentucky",https://dev.juggle.org/history/champs/champs2008.php
30,0:00:14.14,221,Sebastian Siwiec,M,POL,30/07/2023,EJC Joggling Open,https://www.joggling.pl/joggling-competitionszawody/2023-lublin-open.html
31,0:00:14.20,221,Jared Ashton,M,Unknown,24/07/2018,"IJA, Springfield",IJA Database
32,0:00:14.20,221,Dylan Waickman,M,Unknown,20/07/2010,"IJA, Nevada",https://dev.juggle.org/history/champs/champs2010.php
33,0:00:14.22,221,Finn Mertens,M,BEL,04/08/2026,European Joggling Championships 2026 - Day 3 Qualifying,https://drive.google.com/file/d/1XEZ6TLz2q2lpJ89CLP3F6wQBp5zFDskm/view?usp=sharing
34,0:00:14.41,221,Ben Thompson,M,Unknown,25/07/2015,"IJA, Quebec",IJA Database
35,0:00:14.50,221,Nicolas Souren,M,Unknown,21/07/2012,"IJA, Winston-Salem",IJA Database
36,0:00:14.50,221,Sam Hartford,M,Unknown,17/07/2002,"IJA, Reading, Pennsylvania",https://dev.juggle.org/history/champs/champs2002.php
37,0:00:14.50,221,Paul Williams,M,Unknown,18/07/1981,"IJA, Cleveland, Ohio",https://dev.juggle.org/history/champs/champs1981.php
38,0:00:14.50,221,Stephan Cipra,M,DEU,2021,IJA Virtual,IJA Database
39,0:00:14.52,221,Joe Lyons,M,Unknown,25/07/2015,"IJA, Quebec",http://www.juggling.org/orgs/ija/champs.txt
40,0:00:14.56,221,Derek Holm,M,Unknown,25/07/2015,"IJA, Quebec",IJA Database
41,0:00:14.56,221,Jim Steffens,M,Unknown,20/07/1991,"IJA, St. Louis",http://www.juggling.org/orgs/ija/champs.txt
42,0:00:14.60,221,Joe Spicola,M,Unknown,21/07/2012,"IJA, Winston-Salem",IJA Database
43,0:00:14.60,221,Joey Spicola,M,Unknown,20/07/2010,"IJA, Nevada",https://dev.juggle.org/history/champs/champs2010.php
44,0:00:14.62,221,Ben Fry,M,Unknown,24/07/2018,"IJA, Springfield",IJA Database
45,0:00:14.63,221,Karel Schuller,M,NLD,06/08/2026,European Joggling Championships 2026 - Finals,https://drive.google.com/file/d/1qnrcWsPurOdbl_2fbmmvB_rNF_XWH7Ph/view?usp=sharing
46,0:00:14.63,221,Michel Lauziere,M,CAN,23/07/1983,"IJA, Purchase, NY",http://www.juggling.org/orgs/ija/champs.txt
47,0:00:14.64,221,Michael Nance,M,Unknown,25/07/2015,"IJA, Quebec",http://www.juggling.org/orgs/ija/champs.txt
48,0:00:14.73,221,Matthew Feldman,M,USA,2021,IJA Virtual,IJA Database
49,0:00:14.74,221,Alexander Armbruster,M,DEU,30/07/2023,EJC Joggling Open,https://www.joggling.pl/joggling-competitionszawody/2023-lublin-open.html
50,0:00:14.80,221,Len Ferman,M,USA,21/07/2012,"IJA, Winston-Salem",IJA Database
51,0:00:14.80,221,Tim Hark,M,Unknown,20/07/2010,"IJA, Nevada",https://dev.juggle.org/history/champs/champs2010.php
52,0:00:14.80,221,Joe Sonnenburg,M,Unknown,30/07/1999,"IJA, Niagara Falls",IJA Database
53,0:00:14.80,221,Andrew Swan,M,Unknown,20/07/1996,"IJA, Rapid City",https://dev.juggle.org/history/champs/champs1996.php
54,0:00:14.83,221,Yvon Tourigny,M,Unknown,23/07/1983,"IJA, Purchase, NY",http://www.juggling.org/orgs/ija/champs.txt
55,0:00:14.84,221,Vasek Peca,M,CZE,30/07/2023,EJC Joggling Open,https://www.joggling.pl/joggling-competitionszawody/2023-lublin-open.html
56,0:00:14.85,221,Bill Giduz,M,USA,18/07/1981,"IJA, Cleveland, Ohio",https://dev.juggle.org/history/champs/champs1981.php
57,0:00:14.87,221,Tamino Larisch,M,DEU,06/08/2026,European Joggling Championships 2026 - Finals,https://drive.google.com/file/d/1qnrcWsPurOdbl_2fbmmvB_rNF_XWH7Ph/view?usp=sharing
58,0:00:14.89,221,Todd McLeish,M,Unknown,18/07/1987,"IJA, Akron",http://www.juggling.org/orgs/ija/champs.txt
59,0:00:14.90,221,Anders Kierulf,M,Unknown,20/07/2010,"IJA, Nevada",https://dev.juggle.org/history/champs/champs2010.php
60,0:00:14.90,221,Paul Arneberg,M,Unknown,20/07/2010,"IJA, Nevada",https://dev.juggle.org/history/champs/champs2010.php
61,0:00:14.90,221,Riley Wiklund,M,Unknown,18/07/2006,"IJA, Portland, Oregon",https://dev.juggle.org/history/champs/champs2006.php
62,0:00:14.90,221,Darin Marriott,M,USA,06/08/1997,"IJA, Pittsburgh",https://dev.juggle.org/history/champs/champs1997.php
63,0:00:14.94,221,Samuel Tittelein,M,FRA,04/08/2026,European Joggling Championships 2026 - Day 3 Qualifying,https://drive.google.com/file/d/1XEZ6TLz2q2lpJ89CLP3F6wQBp5zFDskm/view?usp=sharing
64,0:00:14.98,221,Ilia Poliakov,M,ISR,30/07/2023,EJC Joggling Open,https://www.joggling.pl/joggling-competitionszawody/2023-lublin-open.html
65,0:00:14.99,221,Eric Reinhart,M,Unknown,25/07/2015,"IJA, Quebec",IJA Database
66,0:00:15.00,98,Luca Pferdmenges,M,DEU,04/08/2026,European Joggling Championships 2026 - Day 3 Qualifying,https://drive.google.com/file/d/1XEZ6TLz2q2lpJ89CLP3F6wQBp5zFDskm/view?usp=sharing
67,0:00:15.10,98,Kyler McClintock,M,Unknown,02/08/2014,"IJA, West Lafayette",IJA Database
68,0:00:15.12,98,Nathan Vehse,M,Unknown,17/07/2007,"IJA, Winston-Salem",https://dev.juggle.org/history/champs/champs2007.php
69,0:00:15.20,98,Lauge Benjaminson,M,DNK,20/07/2010,"IJA, Nevada",https://dev.juggle.org/history/champs/champs2010.php
70,0:00:15.21,98,David Mlakar,M,Unknown,20/07/2011,"IJA, Rochester",IJA Database
71,0:00:15.28,98,Christian Roberto Lopez Rogriguez,M,ESP,19/11/2022,Time Trial,https://www.guinnessworldrecords.com/world-records/112079-fastest-100-m-joggling-with-three-objects-blindfolded
72,0:00:15.29,98,Jean-Marc Doiron,M,CAN,14/06/2024,Time Trial,https://www.instagram.com/reel/C8NTtX8uWZ2/?igsh=ZGUzMzM3NWJiOQ%3D%3D
73,0:00:15.30,98,Andrew Hodge,M,Unknown,20/07/2010,"IJA, Nevada",https://dev.juggle.org/history/champs/champs2010.php
74,0:00:15.30,98,Shawn Bryan,M,Unknown,30/07/1999,"IJA, Niagara Falls",IJA Database
75,0:00:15.30,98,Marlin Ballard,M,Unknown,13/08/1994,"IJA, Vermont",https://dev.juggle.org/history/champs/champs1994.php
76,0:00:15.40,98,Kaupo Pilder,M,EST,03/08/2026,European Joggling Championships 2026 - Day 2 Qualifying,https://drive.google.com/file/d/1XEZ6TLz2q2lpJ89CLP3F6wQBp5zFDskm/view?usp=sharing
77,0:00:15.40,98,Chris Van Hoomissen,M,Unknown,20/07/2013,"IJA, Bowling Green",IJA Database
78,0:00:15.40,98,Rory Bade,M,Unknown,20/07/2013,"IJA, Bowling Green",IJA Database
79,0:00:15.40,98,Thomas Dietz,M,DEU,20/07/2013,"IJA, Bowling Green",IJA Database
80,0:00:15.40,98,Dan Burke,M,Unknown,20/07/2010,"IJA, Nevada",https://dev.juggle.org/history/champs/champs2010.php
81,0:00:15.50,98,Chris Garcia,M,Unknown,20/07/2010,"IJA, Nevada",https://dev.juggle.org/history/champs/champs2010.php
82,0:00:15.54,98,Kyle Albrecht,M,USA,24/07/2018,"IJA, Springfield",IJA Database
83,0:00:15.63,98,Matt Cantrell,M,Unknown,23/07/1983,"IJA, Purchase, NY",http://www.juggling.org/orgs/ija/champs.txt
84,0:00:15.64,98,Mike Moore,M,USA,19/07/2025,"IJA, Evansville",IJA Database
85,0:00:15.65,98,Chuck Hawley,M,Unknown,14/07/2009,"IJA, Winston-Salem",https://dev.juggle.org/history/champs/champs2009.php
86,0:00:15.66,98,Uros Marolt,M,SVN,03/08/2026,European Joggling Championships 2026 - Day 2 Qualifying,https://drive.google.com/file/d/1XEZ6TLz2q2lpJ89CLP3F6wQBp5zFDskm/view?usp=sharing
87,0:00:15.71,98,Ben Schoenberg,M,Unknown,13/07/2004,"IJA, Buffalo",https://dev.juggle.org/history/champs/champs2004.php
88,0:00:15.74,98,Jason Hollandsworth,M,Unknown,15/07/2008,"IJA, Kentucky",https://dev.juggle.org/history/champs/champs2008.php
89,0:00:15.75,98,Martin Hiti,M,Unknown,24/07/2018,"IJA, Springfield",IJA Database
90,0:00:15.75,98,Nick Thomas,M,Unknown,25/07/2015,"IJA, Quebec",IJA Database
91,0:00:15.78,98,Felix Spiller,M,DEU,02/08/2026,European Joggling Championships 2026 - Day 1 Qualifying,https://drive.google.com/file/d/1XEZ6TLz2q2lpJ89CLP3F6wQBp5zFDskm/view?usp=sharing
92,0:00:15.81,98,Ricky Harr,M,Unknown,17/07/2007,"IJA, Winston-Salem",https://dev.juggle.org/history/champs/champs2007.php
93,0:00:15.83,98,Michal Kapral,M,CAN,2022,"IJA, Virtual",IJA Database
94,0:00:15.85,98,Bernard Dehoog,M,Unknown,19/07/2005,"IJA, Davenport, Iowa",https://dev.juggle.org/history/champs/champs2005.php
95,0:00:15.86,98,Ken Rabe,M,Unknown,21/07/1984,"IJA, Las Vegas",http://www.juggling.org/orgs/ija/champs.txt
96,0:00:15.87,98,Jamal da Silva Ermisch,M,DEU,04/08/2026,European Joggling Championships 2026 - Day 3 Qualifying,https://drive.google.com/file/d/1XEZ6TLz2q2lpJ89CLP3F6wQBp5zFDskm/view?usp=sharing
97,0:00:15.90,98,Samuel Dean,M,USA,2024,"IJA, Virtual",IJA Database
98,0:00:15.91,98,Nick Pavlak,M,Unknown,13/07/2004,"IJA, Buffalo",https://dev.juggle.org/history/champs/champs2004.php
99,0:00:15.92,98,Lucas Hester,M,USA,09/08/2025,"European Joggling Championships 2025, EJC Arnhem",EJC results in Joggler's United Group
100,0:00:15.96,98,Chris Fowler,M,USA,2020,"IJA, Virtual",IJA Database
101,0:00:15.99,98,Peter Holmquist,M,Unknown,25/07/2015,"IJA, Quebec",IJA Database
102,0:00:16.00,24,Reid Johnson,M,Unknown,21/07/2012,"IJA, Winston-Salem",IJA Database
103,0:00:16.00,24,Chris Olson,M,Unknown,20/07/2010,"IJA, Nevada",https://dev.juggle.org/history/champs/champs2010.php
104,0:00:16.00,24,Colin Revere,M,Unknown,20/07/2010,"IJA, Nevada",https://dev.juggle.org/history/champs/champs2010.php
105,0:00:16.03,24,Matt Gifford,M,Unknown,14/07/2009,"IJA, Winston-Salem",https://dev.juggle.org/history/champs/champs2009.php
106,0:00:16.06,24,Daniel Rose,M,Unknown,14/07/2009,"IJA, Winston-Salem",https://dev.juggle.org/history/champs/champs2009.php
107,0:00:16.07,24,Peter Blanchard,M,Unknown,14/07/2009,"IJA, Winston-Salem",https://dev.juggle.org/history/champs/champs2009.php
108,0:00:16.09,24,Vojtech Holicky,M,CZE,06/08/2026,European Joggling Championships 2026 - Finals,https://drive.google.com/file/d/1qnrcWsPurOdbl_2fbmmvB_rNF_XWH7Ph/view?usp=sharing
109,0:00:16.09,24,Jeff Lutkus,M,USA,30/07/2016,"IJA, El Paso, Texas",IJA Database
110,0:00:16.09,24,Dan Tasse,M,Unknown,13/07/2004,"IJA, Buffalo",https://dev.juggle.org/history/champs/champs2004.php
111,0:00:16.10,24,Mike Monson,M,Unknown,15/07/2008,"IJA, Kentucky",https://dev.juggle.org/history/champs/champs2008.php
112,0:00:16.11,24,Jake Lodge,M,GBR,21/04/2024,"British Joggler Meetup, Darlington",Manually recorded
113,0:00:16.15,24,Timothy Ross,M,USA,06/08/2026,European Joggling Championships 2026 - Finals,https://drive.google.com/file/d/1qnrcWsPurOdbl_2fbmmvB_rNF_XWH7Ph/view?usp=sharing
114,0:00:16.15,24,Sam Nerenhaus,M,Unknown,18/07/2006,"IJA, Portland, Oregon",https://dev.juggle.org/history/champs/champs2006.php
115,0:00:16.16,24,Jack Levy,M,Unknown,14/07/2009,"IJA, Winston-Salem",https://dev.juggle.org/history/champs/champs2009.php
116,0:00:16.17,24,Cajus Fahrenkamp,M,DEU,09/08/2025,"European Joggling Championships 2025, EJC Arnhem",EJC results in Joggler's United Group
117,0:00:16.18,24,Garrett Borawski,M,Unknown,24/07/2018,"IJA, Springfield",IJA Database
118,0:00:16.19,24,Jay Casper,M,Unknown,25/07/2015,"IJA, Quebec",http://www.juggling.org/orgs/ija/champs.txt
119,0:00:16.28,24,Gus Tate,M,USA,15/07/2008,"IJA, Kentucky",https://dev.juggle.org/history/champs/champs2008.php
120,0:00:16.29,24,Krzysztof Riewold,M,POL,09/08/2025,"European Joggling Championships 2025, EJC Arnhem",EJC results in Joggler's United Group
121,0:00:16.30,24,Alex Koren,M,Unknown,21/07/2012,"IJA, Winston-Salem",IJA Database
122,0:00:16.30,24,Dave Kadlec,M,Unknown,20/07/2011,"IJA, Rochester",IJA Database
123,0:00:16.30,24,Evan Peter,M,Unknown,20/07/2010,"IJA, Nevada",https://dev.juggle.org/history/champs/champs2010.php
124,0:00:16.35,24,Joe Kara,M,AUS,02/08/2026,European Joggling Championships 2026 - Day 1 Qualifying,https://drive.google.com/file/d/1XEZ6TLz2q2lpJ89CLP3F6wQBp5zFDskm/view?usp=sharing
125,0:00:16.35,24,Eyal Bor,M,MEX,09/08/2025,"European Joggling Championships 2025, EJC Arnhem",EJC results in Joggler's United Group
126,0:00:16.36,24,Junya Inoue,M,JPN,03/08/2026,European Joggling Championships 2026 - Day 2 Qualifying,https://drive.google.com/file/d/1XEZ6TLz2q2lpJ89CLP3F6wQBp5zFDskm/view?usp=sharing
127,0:00:16.37,24,Kevin Niittyviita,M,FIN,06/08/2026,European Joggling Championships 2026 - Finals,https://drive.google.com/file/d/1qnrcWsPurOdbl_2fbmmvB_rNF_XWH7Ph/view?usp=sharing
128,0:00:16.37,24,Draco Tong,M,Unknown,22/07/2023,"IJA, Southbend",IJA Database
129,0:00:16.40,24,Kevin Giblin,M,Unknown,20/07/2011,"IJA, Rochester",IJA Database
130,0:00:16.42,24,Nathan Nard,M,Unknown,19/07/2025,"IJA, Evansville",IJA Database
131,0:00:16.44,24,Gabe Jakubisin,M,Unknown,13/07/2004,"IJA, Buffalo",https://dev.juggle.org/history/champs/champs2004.php
132,0:00:16.45,24,Jacob Heimer,M,Unknown,22/07/2023,"IJA, Southbend",IJA Database
133,0:00:16.47,24,Ben-Janning Hackbarth,M,DEU,04/08/2026,European Joggling Championships 2026 - Day 3 Qualifying,https://drive.google.com/file/d/1XEZ6TLz2q2lpJ89CLP3F6wQBp5zFDskm/view?usp=sharing
134,0:00:16.50,24,Chris Laco,M,Unknown,17/07/2002,"IJA, Reading, Pennsylvania",https://dev.juggle.org/history/champs/champs2002.php
135,0:00:16.50,24,David Pavlove Cunsolo,M,Unknown,2020,"IJA, Virtual",IJA Database
136,0:00:16.58,24,Jonah Botinick-Greenhouse,M,USA,25/07/2015,"IJA, Quebec",IJA Database
137,0:00:16.58,24,Max Schlech,M,Unknown,25/07/2015,"IJA, Quebec",IJA Database
138,0:00:16.59,24,Matteo Sicamois,M,ITA,02/08/2026,European Joggling Championships 2026 - Day 1 Qualifying,https://drive.google.com/file/d/1XEZ6TLz2q2lpJ89CLP3F6wQBp5zFDskm/view?usp=sharing
139,0:00:16.59,24,Ian O'Donnell,M,Unknown,25/07/2015,"IJA, Quebec",IJA Database
140,0:00:16.60,24,Austin Bruckner,M,Unknown,14/07/2009,"IJA, Winston-Salem",https://dev.juggle.org/history/champs/champs2009.php
141,0:00:16.60,24,Keith Tollefson,M,Unknown,20/07/1996,"IJA, Rapid City",https://dev.juggle.org/history/champs/champs1996.php
142,0:00:16.68,24,Bence Onodi,M,HUN,03/08/2026,European Joggling Championships 2026 - Day 2 Qualifying,https://drive.google.com/file/d/1XEZ6TLz2q2lpJ89CLP3F6wQBp5zFDskm/view?usp=sharing
143,0:00:16.77,24,Bennett Santora,M,Unknown,24/07/2018,"IJA, Springfield",IJA Database
144,0:00:16.78,24,Neil Jordan,M,Unknown,30/07/2016,"IJA, El Paso, Texas",IJA Database
145,0:00:16.81,24,Marvin Kuster,M,DEU,09/08/2025,"European Joggling Championships 2025, EJC Arnhem",EJC results in Joggler's United Group
146,0:00:16.82,24,Alistair Richards,M,GBR,02/08/2026,European Joggling Championships 2026 - Day 1 Qualifying,https://drive.google.com/file/d/1XEZ6TLz2q2lpJ89CLP3F6wQBp5zFDskm/view?usp=sharing
147,0:00:16.84,24,Daniel Raum,M,AUT,2024,"IJA, Virtual",IJA Database
148,0:00:16.90,24,Chris Dokler,M,Unknown,21/07/2012,"IJA, Winston-Salem",IJA Database
149,0:00:16.90,24,Graham Rowe,M,Unknown,21/07/2012,"IJA, Winston-Salem",IJA Database
150,0:00:16.90,24,Marco Paoletti,M,Unknown,18/07/2006,"IJA, Portland, Oregon",https://dev.juggle.org/history/champs/champs2006.php
151,0:00:16.91,24,Pavol Hlavaty,M,SVK,03/08/2026,European Joggling Championships 2026 - Day 2 Qualifying,https://drive.google.com/file/d/1XEZ6TLz2q2lpJ89CLP3F6wQBp5zFDskm/view?usp=sharing
152,0:00:16.91,24,Andrew Ruiz,M,Unknown,20/07/2011,"IJA, Rochester",IJA Database
153,0:00:16.93,24,Isaac Cantor,M,Unknown,24/07/2018,"IJA, Springfield",IJA Database
154,0:00:16.95,24,Chris Edwin,M,GBR,17/05/2026,"British Joggler Meet Up, Leeds",https://youtu.be/-gnFLehz9Kw?si=3YVP1UssuSCdt4B3
155,0:00:16.97,24,Jan Marc Daumin,M,DEU,03/08/2026,European Joggling Championships 2026 - Day 2 Qualifying,https://drive.google.com/file/d/1XEZ6TLz2q2lpJ89CLP3F6wQBp5zFDskm/view?usp=sharing
156,0:00:17.00,0,Simeon Doetsch,M,DEU,03/08/2026,European Joggling Championships 2026 - Day 2 Qualifying,https://drive.google.com/file/d/1XEZ6TLz2q2lpJ89CLP3F6wQBp5zFDskm/view?usp=sharing
157,0:00:17.06,0,Kenny Cheung,M,AUS,03/08/2026,European Joggling Championships 2026 - Day 2 Qualifying,https://drive.google.com/file/d/1XEZ6TLz2q2lpJ89CLP3F6wQBp5zFDskm/view?usp=sharing
158,0:00:17.08,0,Tom McClintock,M,Unknown,18/07/2006,"IJA, Portland, Oregon",https://dev.juggle.org/history/champs/champs2006.php
159,0:00:17.10,0,Gil Pontius,M,Unknown,17/07/2002,"IJA, Reading, Pennsylvania",https://dev.juggle.org/history/champs/champs2002.php
160,0:00:17.10,0,Joe Dean,M,Unknown,20/07/1996,"IJA, Rapid City",https://dev.juggle.org/history/champs/champs1996.php
161,0:00:17.10,0,Franz Roos,M,CHE,19/07/1995,"IJA, Las Vegas",https://dev.juggle.org/history/champs/champs1995.php
162,0:00:17.10,0,Mark Kolbus,M,Unknown,24/07/1993,"IJA, Fargo",http://www.juggling.org/orgs/ija/champs.txt
163,0:00:17.18,0,Malthe Jerup Ostergaard,M,DNK,30/07/2023,EJC Joggling Open,https://www.joggling.pl/joggling-competitionszawody/2023-lublin-open.html
164,0:00:17.20,0,Ben Hout,M,Unknown,19/07/1995,"IJA, Las Vegas",https://dev.juggle.org/history/champs/champs1995.php
165,0:00:17.21,0,Cam Fleming,M,Unknown,25/07/2015,"IJA, Quebec",http://www.juggling.org/orgs/ija/champs.txt
166,0:00:17.30,0,Sam Kilbourn,M,Unknown,20/07/1996,"IJA, Rapid City",https://dev.juggle.org/history/champs/champs1996.php
167,0:00:17.40,0,Paul Williamson,M,Unknown,24/07/1993,"IJA, Fargo",http://www.juggling.org/orgs/ija/champs.txt
168,0:00:17.47,0,Tobias Ludwig,M,DEU,03/08/2026,European Joggling Championships 2026 - Day 2 Qualifying,https://drive.google.com/file/d/1XEZ6TLz2q2lpJ89CLP3F6wQBp5zFDskm/view?usp=sharing
169,0:00:17.47,0,Christoph Mitasch,M,AUT,2022,"IJA, Virtual",IJA Database
170,0:00:17.50,0,Nathan Lane,M,Unknown,20/07/2013,"IJA, Bowling Green",IJA Database
171,0:00:17.50,0,Corey Connors,M,Unknown,30/07/1999,"IJA, Niagara Falls",IJA Database
172,0:00:17.50,0,Aaron Olson,M,Unknown,06/08/1997,"IJA, Pittsburgh",https://dev.juggle.org/history/champs/champs1997.php
173,0:00:17.53,0,Lars Rohrback,M,Unknown,20/07/1985,"IJA, Atlanta",http://www.juggling.org/orgs/ija/champs.txt
174,0:00:17.63,0,Jack Hirschowitz,M,USA,19/07/2005,"IJA, Davenport, Iowa",https://dev.juggle.org/history/champs/champs2005.php
175,0:00:17.67,0,Erik Toll,M,SWE,09/08/2025,"European Joggling Championships 2025, EJC Arnhem",EJC results in Joggler's United Group
176,0:00:17.69,0,Paul Adam,M,DEU,03/08/2026,European Joggling Championships 2026 - Day 2 Qualifying,https://drive.google.com/file/d/1XEZ6TLz2q2lpJ89CLP3F6wQBp5zFDskm/view?usp=sharing
177,0:00:17.72,0,Gordon Wilson,M,GBR,06/08/2026,European Joggling Championships 2026 - Finals,https://drive.google.com/file/d/1qnrcWsPurOdbl_2fbmmvB_rNF_XWH7Ph/view?usp=sharing
178,0:00:17.99,0,Jean-Guy Beaudry,M,CAN,25/07/2015,"IJA, Quebec",IJA Database
179,0:00:18.00,0,Sam Karschnia,M,Unknown,20/07/2013,"IJA, Bowling Green",IJA Database
180,0:00:18.00,0,Brent Beebe,M,Unknown,06/08/1997,"IJA, Pittsburgh",https://dev.juggle.org/history/champs/champs1997.php
181,0:00:18.03,0,Primoz Sesek,M,SVN,06/08/2026,European Joggling Championships 2026 - Finals,https://drive.google.com/file/d/1qnrcWsPurOdbl_2fbmmvB_rNF_XWH7Ph/view?usp=sharing
182,0:00:18.07,0,Peter Hlavaty,M,SVK,04/08/2026,European Joggling Championships 2026 - Day 3 Qualifying,https://drive.google.com/file/d/1XEZ6TLz2q2lpJ89CLP3F6wQBp5zFDskm/view?usp=sharing
183,0:00:18.07,0,Jamal Da Silva Ermisch,M,DEU,09/08/2025,"European Joggling Championships 2025, EJC Arnhem",EJC results in Joggler's United Group
184,0:00:18.10,0,Jake Immerman,M,Unknown,17/07/2002,"IJA, Reading, Pennsylvania",https://dev.juggle.org/history/champs/champs2002.php
185,0:00:18.10,0,Scott Anthony,M,Unknown,06/08/1997,"IJA, Pittsburgh",https://dev.juggle.org/history/champs/champs1997.php
186,0:00:18.11,0,James Francis,M,Unknown,19/07/2025,"IJA, Evansville",IJA Database
187,0:00:18.14,0,Caleb Black,M,Unknown,22/07/2023,"IJA, Southbend",IJA Database
188,0:00:18.20,0,Daniel Margulis,M,Unknown,20/07/1996,"IJA, Rapid City",https://dev.juggle.org/history/champs/champs1996.php
189,0:00:18.20,0,Craig Muhlenkamp,M,USA,2020,"IJA, Virtual",IJA Database
190,0:00:18.30,0,Robert Sandberg,M,Unknown,06/08/1997,"IJA, Pittsburgh",https://dev.juggle.org/history/champs/champs1997.php
191,0:00:18.30,0,Tucker Weisman,M,Unknown,06/08/1997,"IJA, Pittsburgh",https://dev.juggle.org/history/champs/champs1997.php
192,0:00:18.31,0,Torrey Hamilton,M,Unknown,19/07/2025,"IJA, Evansville",IJA Database
193,0:00:18.42,0,Luca Malzahn,M,DEU,09/08/2025,"European Joggling Championships 2025, EJC Arnhem",EJC results in Joggler's United Group
194,0:00:18.47,0,Kevin Beargie,M,Unknown,19/07/2005,"IJA, Davenport, Iowa",https://dev.juggle.org/history/champs/champs2005.php
195,0:00:18.66,0,Aaron Rosenberg,M,Unknown,22/07/2023,"IJA, Southbend",IJA Database
196,0:00:18.69,0,Aaron Heilig,M,Unknown,19/07/2025,"IJA, Evansville",IJA Database
197,0:00:18.70,0,Sasha Kluger,M,Unknown,30/07/1999,"IJA, Niagara Falls",IJA Database
198,0:00:18.70,0,Dan Fitzgerald,M,Unknown,24/07/1993,"IJA, Fargo",http://www.juggling.org/orgs/ija/champs.txt
199,0:00:18.73,0,Rik Konings,M,NLD,09/08/2025,"European Joggling Championships 2025, EJC Arnhem",EJC results in Joggler's United Group
200,0:00:18.80,0,John Kilgust,M,Unknown,20/07/2011,"IJA, Rochester",IJA Database
201,0:00:18.80,0,Greg Meehan,M,Unknown,20/07/2010,"IJA, Nevada",https://dev.juggle.org/history/champs/champs2010.php
202,0:00:18.80,0,Nick Hiniker,M,Unknown,20/07/2010,"IJA, Nevada",https://dev.juggle.org/history/champs/champs2010.php
203,0:00:18.85,0,Tony Gonzalez,M,Unknown,19/07/2025,"IJA, Evansville",IJA Database
204,0:00:18.90,0,Scott Dudek,M,Unknown,20/07/2013,"IJA, Bowling Green",IJA Database
205,0:00:18.90,0,Chuck Ritzler,M,Unknown,21/07/2012,"IJA, Winston-Salem",IJA Database
206,0:00:18.90,0,Justin Kolas,M,Unknown,20/07/2010,"IJA, Nevada",https://dev.juggle.org/history/champs/champs2010.php
207,0:00:18.99,0,Kyle Hahn,M,Unknown,25/07/2015,"IJA, Quebec",IJA Database
208,0:00:18.99,0,Peter Hedberg,M,Unknown,25/07/2015,"IJA, Quebec",IJA Database
209,0:00:19.10,0,Fabian Knieps,M,DEU,09/08/2025,"European Joggling Championships 2025, EJC Arnhem",EJC results in Joggler's United Group
210,0:00:19.13,0,James Auriemma,M,Unknown,2022,"IJA, Virtual",IJA Database
211,0:00:19.16,0,Mark Furniss,M,Unknown,25/07/2015,"IJA, Quebec",IJA Database
212,0:00:19.17,0,Corbinian Neubauer,M,DEU,09/08/2025,"European Joggling Championships 2025, EJC Arnhem",EJC results in Joggler's United Group
213,0:00:19.20,0,Samuel Karschnia,M,Unknown,02/08/2014,"IJA, West Lafayette",IJA Database
214,0:00:19.20,0,Larry Boehmer,M,Unknown,19/07/1995,"IJA, Las Vegas",https://dev.juggle.org/history/champs/champs1995.php
215,0:00:19.29,0,Daniel Eaker,M,Unknown,14/07/2009,"IJA, Winston-Salem",https://dev.juggle.org/history/champs/champs2009.php
216,0:00:19.35,0,Danny Hodge,M,Unknown,20/07/2011,"IJA, Rochester",IJA Database
217,0:00:19.42,0,Joshua Black,M,Unknown,2020,"IJA, Virtual",IJA Database
218,0:00:19.44,0,Luuk Hofmeijer,M,NLD,03/08/2026,European Joggling Championships 2026 - Day 2 Qualifying,https://drive.google.com/file/d/1XEZ6TLz2q2lpJ89CLP3F6wQBp5zFDskm/view?usp=sharing
219,0:00:19.52,0,Daniel Hout,M,Unknown,25/07/2015,"IJA, Quebec",http://www.juggling.org/orgs/ija/champs.txt
220,0:00:19.69,0,Brendan McGreal,M,Unknown,25/07/2015,"IJA, Quebec",IJA Database
221,0:00:19.70,0,Bryan Nguyen,M,Unknown,25/07/2015,"IJA, Quebec",IJA Database
222,0:00:19.70,0,Erick Mori-Quimper,M,Unknown,21/07/2012,"IJA, Winston-Salem",IJA Database
223,0:00:19.78,0,Izaak Jolin,M,Unknown,24/07/2018,"IJA, Springfield",IJA Database
224,0:00:19.90,0,Adam Griffin,M,Unknown,20/07/1996,"IJA, Rapid City",https://dev.juggle.org/history/champs/champs1996.php
225,0:00:19.99,0,Daniel Van Hoomissen,M,Unknown,25/07/2015,"IJA, Quebec",IJA Database
226,0:00:19.99,0,Ely Doan,M,Unknown,25/07/2015,"IJA, Quebec",IJA Database
227,0:00:19.99,0,Nick Deboom,M,Unknown,25/07/2015,"IJA, Quebec",IJA Database
228,0:00:20.00,0,Colin Kulstad,M,Unknown,18/07/2006,"IJA, Portland, Oregon",https://dev.juggle.org/history/champs/champs2006.php
229,0:00:20.00,0,Jonny Langholz,M,Unknown,18/07/2006,"IJA, Portland, Oregon",https://dev.juggle.org/history/champs/champs2006.php
230,0:00:20.00,0,Mike Draney,M,Unknown,20/07/1985,"IJA, Atlanta",http://www.juggling.org/orgs/ija/champs.txt
231,0:00:20.10,0,Nick Eaton,M,Unknown,21/07/2012,"IJA, Winston-Salem",IJA Database
232,0:00:20.16,0,Mike Patsch,M,Unknown,30/07/2016,"IJA, El Paso, Texas",IJA Database
233,0:00:20.16,0,Johan DuHoffman,M,Unknown,25/07/2015,"IJA, Quebec",http://www.juggling.org/orgs/ija/champs.txt
234,0:00:20.22,0,Eugene Petkevich,M,POL,03/08/2026,European Joggling Championships 2026 - Day 2 Qualifying,https://drive.google.com/file/d/1XEZ6TLz2q2lpJ89CLP3F6wQBp5zFDskm/view?usp=sharing
235,0:00:20.28,0,Rain Pierce,M,Unknown,22/07/2023,"IJA, Southbend",IJA Database
236,0:00:20.30,0,Roy Fisher,M,Unknown,19/07/2005,"IJA, Davenport, Iowa",https://dev.juggle.org/history/champs/champs2005.php
237,0:00:20.47,0,Phillip Garee,M,Unknown,19/07/2005,"IJA, Davenport, Iowa",https://dev.juggle.org/history/champs/champs2005.php
238,0:00:20.50,0,Adam Eckman,M,Unknown,30/07/2016,"IJA, El Paso, Texas",IJA Database
239,0:00:20.50,0,Carlos Nieves,M,Unknown,13/07/2004,"IJA, Buffalo",https://dev.juggle.org/history/champs/champs2004.php
240,0:00:20.60,0,Paul Ballard,M,Unknown,17/07/2002,"IJA, Reading, Pennsylvania",https://dev.juggle.org/history/champs/champs2002.php
241,0:00:20.66,0,Ryan Paul,M,Unknown,20/07/2011,"IJA, Rochester",IJA Database
242,0:00:20.76,0,Arnav Rathi,M,Unknown,19/07/2025,"IJA, Evansville",IJA Database
243,0:00:20.87,0,Peter Brunette,M,Unknown,20/07/2011,"IJA, Rochester",IJA Database
244,0:00:20.90,0,Joseph Hout,M,Unknown,20/07/1996,"IJA, Rapid City",https://dev.juggle.org/history/champs/champs1996.php
245,0:00:20.91,0,Pavel Matula,M,CZE,06/08/2026,European Joggling Championships 2026 - Finals,https://drive.google.com/file/d/1qnrcWsPurOdbl_2fbmmvB_rNF_XWH7Ph/view?usp=sharing
246,0:00:20.93,0,Matt Bagley,M,Unknown,30/07/2016,"IJA, El Paso, Texas",IJA Database
247,0:00:21.00,0,Nathan Wakefield,M,Unknown,25/07/2015,"IJA, Quebec",IJA Database
248,0:00:21.00,0,Valentin Bolognini,M,Unknown,2021,IJA Virtual,IJA Database
249,0:00:21.10,0,Joel Hilchey,M,Unknown,2021,IJA Virtual,IJA Database
250,0:00:21.16,0,Torsten Hornemann,M,Unknown,22/07/2023,"IJA, Southbend",IJA Database
251,0:00:21.19,0,Nicholas Tackis,M,Unknown,25/07/2015,"IJA, Quebec",http://www.juggling.org/orgs/ija/champs.txt
252,0:00:21.20,0,Jamie Cordes,M,Unknown,25/07/2015,"IJA, Quebec",http://www.juggling.org/orgs/ija/champs.txt
253,0:00:21.22,0,Bosznay Balazs,M,HUN,03/08/2026,European Joggling Championships 2026 - Day 2 Qualifying,https://drive.google.com/file/d/1XEZ6TLz2q2lpJ89CLP3F6wQBp5zFDskm/view?usp=sharing
254,0:00:21.25,0,Tony Malikowski,M,USA,24/07/2018,"IJA, Springfield",IJA Database
255,0:00:21.25,0,Jacob Biesiada,M,Unknown,20/07/2011,"IJA, Rochester",IJA Database
256,0:00:21.26,0,Dmitry Kozlov,M,RUS,17/07/2022,"Saint-Petersburg Open Joggling Champinship, Saint-Petersburg, Russia",https://vk.com/wall-16055255_8327
257,0:00:21.30,0,Keith McNeill,M,Unknown,21/07/2012,"IJA, Winston-Salem",IJA Database
258,0:00:21.30,0,Peter Fry,M,Unknown,06/08/1997,"IJA, Pittsburgh",https://dev.juggle.org/history/champs/champs1997.php
259,0:00:21.40,0,Scott Geyman,M,Unknown,21/07/2012,"IJA, Winston-Salem",IJA Database
260,0:00:21.54,0,Peter Rottenbach,M,DEU,09/08/2025,"European Joggling Championships 2025, EJC Arnhem",EJC results in Joggler's United Group
261,0:00:21.60,0,Brook Roberts,M,GBR,30/07/2023,EJC Joggling Open,https://www.joggling.pl/joggling-competitionszawody/2023-lublin-open.html
262,0:00:21.60,0,Peter Prokop,M,Unknown,21/07/2012,"IJA, Winston-Salem",IJA Database
263,0:00:21.69,0,Francisco Munoz Valdes,M,CHL,03/08/2026,European Joggling Championships 2026 - Day 2 Qualifying,https://drive.google.com/file/d/1XEZ6TLz2q2lpJ89CLP3F6wQBp5zFDskm/view?usp=sharing
264,0:00:21.72,0,Anthony Zeszut,M,Unknown,24/07/2018,"IJA, Springfield",IJA Database
265,0:00:21.85,0,Marius Tritschler,M,DEU,09/08/2025,"European Joggling Championships 2025, EJC Arnhem",EJC results in Joggler's United Group
266,0:00:21.97,0,Matt Hall,M,USA,17/07/2007,"IJA, Winston-Salem",https://dev.juggle.org/history/champs/champs2007.php
267,0:00:22.00,0,Raphael Harris,M,Unknown,15/07/2017,"IJA, Cedar Rapids",IJA Database
268,0:00:22.00,0,Christopher Haaser,M,Unknown,20/07/2013,"IJA, Bowling Green",IJA Database
269,0:00:22.10,0,Neelraj Arjune,M,Unknown,21/07/2012,"IJA, Winston-Salem",IJA Database
270,0:00:22.16,0,Carter Randall,M,Unknown,15/07/2017,"IJA, Cedar Rapids",IJA Database
271,0:00:22.49,0,Yaroshenko Stepan,M,RUS,17/07/2022,"Saint-Petersburg Open Joggling Champinship, Saint-Petersburg, Russia",https://vk.com/wall-16055255_8327
272,0:00:22.54,0,Tom Aulenkamp,M,DEU,09/08/2025,"European Joggling Championships 2025, EJC Arnhem",EJC results in Joggler's United Group
273,0:00:22.78,0,Harry Rosenberg,M,Unknown,22/07/2023,"IJA, Southbend",IJA Database
274,0:00:22.84,0,Michael Barreto,M,Unknown,20/07/2011,"IJA, Rochester",IJA Database
275,0:00:22.90,0,Nicholas Boffa,M,Unknown,2021,IJA Virtual,IJA Database
276,0:00:22.99,0,Bryce Polito,M,Unknown,25/07/2015,"IJA, Quebec",IJA Database
277,0:00:23.44,0,Juan Cristobal Silva Espinoza,M,CHL,03/08/2026,European Joggling Championships 2026 - Day 2 Qualifying,https://drive.google.com/file/d/1XEZ6TLz2q2lpJ89CLP3F6wQBp5zFDskm/view?usp=sharing
278,0:00:23.90,0,Orlov Vladimir,M,RUS,23/06/2023,"Russian Juggling Convention, Dmitrov, Russia",https://vk.com/wall-64197511_4495
279,0:00:23.90,0,Dan Rosenthal,M,Unknown,19/07/2005,"IJA, Davenport, Iowa",https://dev.juggle.org/history/champs/champs2005.php
280,0:00:23.90,0,Jerry Battenfield,M,Unknown,06/08/1997,"IJA, Pittsburgh",https://dev.juggle.org/history/champs/champs1997.php
281,0:00:23.92,0,Vincent Kaseman,M,Unknown,24/07/2018,"IJA, Springfield",IJA Database
282,0:00:24.00,0,Zyablitsky Alexander,M,RUS,23/06/2023,"Russian Juggling Convention, Dmitrov, Russia",https://vk.com/wall-64197511_4495
283,0:00:24.20,0,Sean O'Brien,M,Unknown,20/07/2013,"IJA, Bowling Green",IJA Database
284,0:00:24.20,0,Keith Baker,M,Unknown,19/07/1995,"IJA, Las Vegas",https://dev.juggle.org/history/champs/champs1995.php
285,0:00:24.23,0,Sake Roelofs,M,NLD,09/08/2025,"European Joggling Championships 2025, EJC Arnhem",EJC results in Joggler's United Group
286,0:00:24.27,0,Ty Evans,M,Unknown,20/07/2011,"IJA, Rochester",IJA Database
287,0:00:24.50,0,Ian Caldwell,M,Unknown,20/07/1996,"IJA, Rapid City",https://dev.juggle.org/history/champs/champs1996.php
288,0:00:24.60,0,Dan Chan,M,Unknown,20/07/2010,"IJA, Nevada",https://dev.juggle.org/history/champs/champs2010.php
289,0:00:24.69,0,Mike DeSalvo,M,Unknown,20/07/2011,"IJA, Rochester",IJA Database
290,0:00:24.77,0,Justin Sheldon,M,Unknown,19/07/2025,"IJA, Evansville",IJA Database
291,0:00:24.80,0,Derek Hahn,M,Unknown,21/07/2012,"IJA, Winston-Salem",IJA Database
292,0:00:24.84,0,Jacob Cowan,M,Unknown,19/07/2025,"IJA, Evansville",IJA Database
293,0:00:24.93,0,Harry Hirsch,M,DEU,09/08/2025,"European Joggling Championships 2025, EJC Arnhem",EJC results in Joggler's United Group
294,0:00:24.98,0,Sean Carney,M,USA,09/08/2025,"European Joggling Championships 2025, EJC Arnhem",EJC results in Joggler's United Group
295,0:00:24.99,0,Nick Showman,M,Unknown,25/07/2015,"IJA, Quebec",IJA Database
296,0:00:25.01,0,Broderick King,M,Unknown,19/07/2005,"IJA, Davenport, Iowa",https://dev.juggle.org/history/champs/champs2005.php
297,0:00:25.30,0,Jason Matkowksi,M,Unknown,21/07/2012,"IJA, Winston-Salem",IJA Database
298,0:00:25.54,0,Arsenyev Artyom,M,RUS,17/07/2022,"Saint-Petersburg Open Joggling Champinship, Saint-Petersburg, Russia",https://vk.com/wall-16055255_8327
299,0:00:25.56,0,Simon Herholz,M,DEU,30/07/2023,EJC Joggling Open,https://www.joggling.pl/joggling-competitionszawody/2023-lublin-open.html
300,0:00:25.56,0,Michael Yoon,M,Unknown,15/07/2017,"IJA, Cedar Rapids",IJA Database
301,0:00:25.73,0,Nevio Krawowski,M,DEU,09/08/2025,"European Joggling Championships 2025, EJC Arnhem",EJC results in Joggler's United Group
302,0:00:25.85,0,Fedor Jablonka,M,DEU,09/08/2025,"European Joggling Championships 2025, EJC Arnhem",EJC results in Joggler's United Group
303,0:00:25.97,0,Fabian Faisst,M,DEU,02/08/2026,European Joggling Championships 2026 - Day 1 Qualifying,https://drive.google.com/file/d/1XEZ6TLz2q2lpJ89CLP3F6wQBp5zFDskm/view?usp=sharing
304,0:00:26.00,0,Ben Hestness,M,Unknown,19/07/2005,"IJA, Davenport, Iowa",https://dev.juggle.org/history/champs/champs2005.php
305,0:00:26.00,0,Brian McAllister,M,Unknown,06/08/1997,"IJA, Pittsburgh",https://dev.juggle.org/history/champs/champs1997.php
306,0:00:26.60,0,Steve Upmeyer,M,Unknown,20/07/2013,"IJA, Bowling Green",IJA Database
307,0:00:27.30,0,Nathan Biggs-Penton,M,Unknown,15/07/2008,"IJA, Kentucky",https://dev.juggle.org/history/champs/champs2008.php
308,0:00:27.56,0,Quentin Dombro,M,Unknown,14/07/2009,"IJA, Winston-Salem",https://dev.juggle.org/history/champs/champs2009.php
309,0:00:27.59,0,Benjamin Go,M,NLD,06/08/2026,European Joggling Championships 2026 - Finals,https://drive.google.com/file/d/1qnrcWsPurOdbl_2fbmmvB_rNF_XWH7Ph/view?usp=sharing
310,0:00:27.60,0,Larry Schonhofen,M,Unknown,21/07/2012,"IJA, Winston-Salem",IJA Database
311,0:00:27.80,0,Zachary Turner,M,Unknown,21/07/2012,"IJA, Winston-Salem",IJA Database
312,0:00:27.99,0,Seamus Whitford,M,Unknown,25/07/2015,"IJA, Quebec",IJA Database
313,0:00:28.38,0,Kirt Albrecht,M,Unknown,15/07/2017,"IJA, Cedar Rapids",IJA Database
314,0:00:28.60,0,Brendan Cogan,M,Unknown,20/07/2010,"IJA, Nevada",https://dev.juggle.org/history/champs/champs2010.php
315,0:00:28.60,0,Todd Warner,M,Unknown,19/07/2005,"IJA, Davenport, Iowa",https://dev.juggle.org/history/champs/champs2005.php
316,0:00:28.70,0,Ivan Hernandez,M,Unknown,19/07/1995,"IJA, Las Vegas",https://dev.juggle.org/history/champs/champs1995.php
317,0:00:28.81,0,Silas Wallen-Friedman,M,Unknown,14/07/2009,"IJA, Winston-Salem",https://dev.juggle.org/history/champs/champs2009.php
318,0:00:28.83,0,Nicholas Eaton,M,Unknown,20/07/2011,"IJA, Rochester",IJA Database
319,0:00:28.98,0,Garry Rossiter,M,IRL,09/08/2025,"European Joggling Championships 2025, EJC Arnhem",EJC results in Joggler's United Group
320,0:00:29.12,0,Jonathan Root,M,Unknown,19/07/2025,"IJA, Evansville",IJA Database
321,0:00:29.20,0,Alec Bennett,M,Unknown,20/07/2010,"IJA, Nevada",https://dev.juggle.org/history/champs/champs2010.php
322,0:00:29.63,0,Kyle Guibord,M,Unknown,22/07/2023,"IJA, Southbend",IJA Database
323,0:00:29.75,0,Nick Pisanelli,M,Unknown,15/07/2017,"IJA, Cedar Rapids",IJA Database
324,0:00:29.99,0,Gerry Daher,M,Unknown,25/07/2015,"IJA, Quebec",IJA Database
325,0:00:30.10,0,Gramotin Anton,M,RUS,23/06/2023,"Russian Juggling Convention, Dmitrov, Russia",https://vk.com/wall-64197511_4495
326,0:00:30.99,0,Dominic DiMarro,M,Unknown,25/07/2015,"IJA, Quebec",IJA Database
327,0:00:31.03,0,Lee Gifford,M,Unknown,14/07/2009,"IJA, Winston-Salem",https://dev.juggle.org/history/champs/champs2009.php
328,0:00:31.20,0,John Phipps,M,Unknown,24/07/1993,"IJA, Fargo",http://www.juggling.org/orgs/ija/champs.txt
329,0:00:31.25,0,Crack Ivan,M,RUS,17/07/2022,"Saint-Petersburg Open Joggling Champinship, Saint-Petersburg, Russia",https://vk.com/wall-16055255_8327
330,0:00:31.30,0,Ben Finnigan,M,Unknown,15/07/1998,"IJA, Primm",IJA Database
331,0:00:31.30,0,Matt Henstridge,M,Unknown,06/08/1997,"IJA, Pittsburgh",https://dev.juggle.org/history/champs/champs1997.php
332,0:00:31.50,0,Nick Bartucci,M,Unknown,20/07/1996,"IJA, Rapid City",https://dev.juggle.org/history/champs/champs1996.php
333,0:00:31.60,0,Stepanov Dmitry,M,RUS,17/07/2022,"Saint-Petersburg Open Joggling Champinship, Saint-Petersburg, Russia",https://vk.com/wall-16055255_8327
334,0:00:32.00,0,Michael Mazur,M,Unknown,21/07/2012,"IJA, Winston-Salem",IJA Database
335,0:00:32.20,0,Dave Finnigan,M,Unknown,24/07/1993,"IJA, Fargo",http://www.juggling.org/orgs/ija/champs.txt
336,0:00:32.33,0,Nick Leonardi,M,Unknown,19/07/2025,"IJA, Evansville",IJA Database
337,0:00:32.72,0,Istvan Toth,M,HUN,03/08/2026,European Joggling Championships 2026 - Day 2 Qualifying,https://drive.google.com/file/d/1XEZ6TLz2q2lpJ89CLP3F6wQBp5zFDskm/view?usp=sharing
338,0:00:32.80,0,Griffin Kelley,M,Unknown,20/07/2011,"IJA, Rochester",IJA Database
339,0:00:32.87,0,Ethan Rosman,M,Unknown,17/07/2007,"IJA, Winston-Salem",https://dev.juggle.org/history/champs/champs2007.php
340,0:00:32.90,0,Steven Karschnia,M,Unknown,02/08/2014,"IJA, West Lafayette",IJA Database
341,0:00:33.12,0,Ryan Schultz,M,Unknown,17/07/2007,"IJA, Winston-Salem",https://dev.juggle.org/history/champs/champs2007.php
342,0:00:33.30,0,Sam Lowenburg,M,Unknown,20/07/2013,"IJA, Bowling Green",IJA Database
343,0:00:33.78,0,Vorobey Artur,M,RUS,17/07/2022,"Saint-Petersburg Open Joggling Champinship, Saint-Petersburg, Russia",https://vk.com/wall-16055255_8327
344,0:00:34.01,0,Markus Furtner,M,DEU,14/07/2009,"IJA, Winston-Salem",https://dev.juggle.org/history/champs/champs2009.php
345,0:00:34.10,0,Kurt Siefken,M,Unknown,14/07/2009,"IJA, Winston-Salem",https://dev.juggle.org/history/champs/champs2009.php
346,0:00:34.28,0,Danny Decreus,M,BEL,09/08/2025,"European Joggling Championships 2025, EJC Arnhem",EJC results in Joggler's United Group
347,0:00:34.47,0,David Benz,M,DEU,30/07/2023,EJC Joggling Open,https://www.joggling.pl/joggling-competitionszawody/2023-lublin-open.html
348,0:00:34.56,0,Riley McLincha,M,USA,22/07/2023,"IJA, Southbend",IJA Database
349,0:00:35.90,0,Chusovitin Artyom,M,RUS,17/07/2022,"Saint-Petersburg Open Joggling Champinship, Saint-Petersburg, Russia",https://vk.com/wall-16055255_8327
350,0:00:36.17,0,Barak Hirschowitz,M,USA,22/07/2023,"IJA, Southbend",IJA Database
351,0:00:36.50,0,Geoff Kennard,M,Unknown,17/07/2002,"IJA, Reading, Pennsylvania",https://dev.juggle.org/history/champs/champs2002.php
352,0:00:37.35,0,Vicente Peris Tamarit,M,ESP,09/08/2025,"European Joggling Championships 2025, EJC Arnhem",EJC results in Joggler's United Group
353,0:00:38.50,0,Brendan McCarthy,M,Unknown,19/07/2005,"IJA, Davenport, Iowa",https://dev.juggle.org/history/champs/champs2005.php
354,0:00:39.54,0,Robbe Mertens,M,BEL,09/08/2025,"European Joggling Championships 2025, EJC Arnhem",EJC results in Joggler's United Group
355,0:00:40.00,0,Jon Bozak,M,Unknown,20/07/2010,"IJA, Nevada",https://dev.juggle.org/history/champs/champs2010.php
356,0:00:41.85,0,Tim Heilig,M,Unknown,19/07/2025,"IJA, Evansville",IJA Database
357,0:00:42.40,0,Gordon Cornell,M,Unknown,20/07/2010,"IJA, Nevada",https://dev.juggle.org/history/champs/champs2010.php
358,0:00:44.90,0,Tingaev Stanislav,M,RUS,23/06/2023,"Russian Juggling Convention, Dmitrov, Russia",https://vk.com/wall-64197511_4495
359,0:00:45.10,0,Josh Jarosz,M,Unknown,21/07/2012,"IJA, Winston-Salem",IJA Database
360,0:00:45.87,0,Eric Raivo,M,Unknown,11/07/2024,"IJA, Green Bay","IJA Database, Mclincha Drubbling 100"
361,0:00:47.10,0,Jackie Erickson,M,Unknown,22/07/2023,"IJA, Southbend",IJA Database
362,0:00:49.12,0,Romanov Nikita,M,RUS,23/06/2023,"Russian Juggling Convention, Dmitrov, Russia",https://vk.com/wall-64197511_4495
363,0:00:49.30,0,Alex Coleman,M,Unknown,19/07/2005,"IJA, Davenport, Iowa",https://dev.juggle.org/history/champs/champs2005.php
364,0:00:49.42,0,Nikitin Egor,M,RUS,23/06/2023,"Russian Juggling Convention, Dmitrov, Russia",https://vk.com/wall-64197511_4495
365,0:00:51.00,0,Altayakov Ilnur,M,RUS,23/06/2023,"Russian Juggling Convention, Dmitrov, Russia",https://vk.com/wall-64197511_4495
366,0:00:51.00,0,Kovalenko Alexey,M,RUS,23/06/2023,"Russian Juggling Convention, Dmitrov, Russia",https://vk.com/wall-64197511_4495
